-- phpMyAdmin SQL Dump
-- version 3.3.8
-- http://www.phpmyadmin.net
--
-- Host: balsa.safesecureweb.com
-- Generation Time: Sep 01, 2012 at 07:22 PM
-- Server version: 5.0.95
-- PHP Version: 5.2.14

SET SQL_MODE="NO_AUTO_VALUE_ON_ZERO";
SET AUTOCOMMIT=0;
START TRANSACTION;


/*!40101 SET @OLD_CHARACTER_SET_CLIENT=@@CHARACTER_SET_CLIENT */;
/*!40101 SET @OLD_CHARACTER_SET_RESULTS=@@CHARACTER_SET_RESULTS */;
/*!40101 SET @OLD_COLLATION_CONNECTION=@@COLLATION_CONNECTION */;
/*!40101 SET NAMES utf8 */;

--
-- Database: `h222718`
--

-- --------------------------------------------------------

--
-- Table structure for table `lime_answers`
--

DROP TABLE IF EXISTS `lime_answers`;
CREATE TABLE IF NOT EXISTS `lime_answers` (
  `qid` int(11) NOT NULL default '0',
  `code` varchar(5) collate utf8_unicode_ci NOT NULL default '',
  `answer` text collate utf8_unicode_ci NOT NULL,
  `assessment_value` int(11) NOT NULL default '0',
  `sortorder` int(11) NOT NULL,
  `language` varchar(20) collate utf8_unicode_ci NOT NULL default 'en',
  `scale_id` int(11) NOT NULL default '0',
  PRIMARY KEY  (`qid`,`code`,`language`,`scale_id`),
  KEY `answers_idx2` (`sortorder`)
) ENGINE=MyISAM DEFAULT CHARSET=utf8 COLLATE=utf8_unicode_ci;

--
-- Dumping data for table `lime_answers`
--

INSERT INTO `lime_answers` (`qid`, `code`, `answer`, `assessment_value`, `sortorder`, `language`, `scale_id`) VALUES
(1, '1', ' Less than 10%', 1, 1, 'en', 0),
(1, '2', ' 10-20%', 1, 2, 'en', 0),
(1, '3', ' 21-30%', 1, 3, 'en', 0),
(1, '4', ' 31-50%', 1, 4, 'en', 0),
(1, '5', ' More than 50%', 1, 5, 'en', 0),
(1, '6', ' Unsure', 1, 6, 'en', 0),
(2, '1', 'Yes', 1, 1, 'en', 0),
(2, '2', 'No', 1, 2, 'en', 0),
(2, '3', 'Unsure', 1, 3, 'en', 0),
(3, '1', 'Yes', 1, 1, 'en', 0),
(3, '2', 'No', 1, 2, 'en', 0),
(3, '3', 'Unsure', 1, 3, 'en', 0),
(4, '1', 'Through your EAP provider or broker', 1, 1, 'en', 0),
(4, '2', 'Through your own organization (HR or other)', 1, 2, 'en', 0),
(4, '3', 'Through external consultants', 1, 3, 'en', 0),
(4, '4', 'Unsure', 1, 4, 'en', 0),
(5, '1', 'Yes', 1, 1, 'en', 0),
(5, '2', 'No', 1, 2, 'en', 0),
(5, '3', 'Unsure', 1, 3, 'en', 0),
(6, '1', 'Yes', 1, 1, 'en', 0),
(6, '2', 'No', 1, 2, 'en', 0),
(6, '3', 'Unsure', 1, 3, 'en', 0),
(7, '1', 'Yes', 1, 1, 'en', 0),
(7, '2', 'No', 1, 2, 'en', 0),
(7, '3', 'Unsure', 1, 3, 'en', 0),
(8, '1', 'Yes', 1, 1, 'en', 0),
(8, '2', 'No', 1, 2, 'en', 0),
(8, '3', 'Unsure', 1, 3, 'en', 0),
(9, '1', 'Yes', 1, 1, 'en', 0),
(9, '2', 'No', 1, 2, 'en', 0),
(9, '3', 'Unsure', 1, 3, 'en', 0),
(10, '1', 'Yes', 1, 1, 'en', 0),
(10, '2', 'No', 1, 2, 'en', 0),
(10, '3', 'No, but would have interest in doing a survey', 1, 3, 'en', 0),
(10, '4', 'Unsure', 1, 4, 'en', 0),
(11, '1', 'Yes', 1, 1, 'en', 0),
(11, '2', 'No', 1, 2, 'en', 0),
(11, '3', 'Unsure', 1, 3, 'en', 0),
(12, '1', 'Yes', 1, 1, 'en', 0),
(12, '2', 'No', 1, 2, 'en', 0),
(12, '3', 'Unsure', 1, 3, 'en', 0),
(13, '1', 'I was suddenly thrown into my caregiving role', 1, 1, 'en', 0),
(13, '2', 'My caregiving role developed slowly over a few years', 1, 2, 'en', 0),
(13, '3', 'My caregiving role will eventually grow more involved', 1, 3, 'en', 0),
(15, '1', 'Yes', 1, 1, 'en', 0),
(15, '2', 'No', 1, 2, 'en', 0),
(15, '3', 'Unsure', 1, 3, 'en', 0),
(18, '1', 'Less than 2 hours weekly', 1, 1, 'en', 0),
(18, '2', '2-5 hours weekly', 1, 2, 'en', 0),
(18, '3', '6-10 hours weekly', 1, 3, 'en', 0),
(18, '4', '11-20 hours weekly', 1, 4, 'en', 0),
(18, '5', 'More than 20 hours weekly', 1, 5, 'en', 0),
(19, '1', 'Yes', 1, 1, 'en', 0),
(19, '2', 'No', 1, 2, 'en', 0),
(19, '3', 'Unsure', 1, 3, 'en', 0),
(46, '1', 'Yes', 1, 1, 'en', 0),
(46, '2', 'No', 1, 2, 'en', 0);

-- --------------------------------------------------------

--
-- Table structure for table `lime_assessments`
--

DROP TABLE IF EXISTS `lime_assessments`;
CREATE TABLE IF NOT EXISTS `lime_assessments` (
  `id` int(11) NOT NULL auto_increment,
  `sid` int(11) NOT NULL default '0',
  `scope` varchar(5) collate utf8_unicode_ci NOT NULL default '',
  `gid` int(11) NOT NULL default '0',
  `name` text collate utf8_unicode_ci NOT NULL,
  `minimum` varchar(50) collate utf8_unicode_ci NOT NULL default '',
  `maximum` varchar(50) collate utf8_unicode_ci NOT NULL default '',
  `message` text collate utf8_unicode_ci NOT NULL,
  `language` varchar(20) collate utf8_unicode_ci NOT NULL default 'en',
  PRIMARY KEY  (`id`,`language`),
  KEY `assessments_idx2` (`sid`),
  KEY `assessments_idx3` (`gid`)
) ENGINE=MyISAM DEFAULT CHARSET=utf8 COLLATE=utf8_unicode_ci AUTO_INCREMENT=1 ;

--
-- Dumping data for table `lime_assessments`
--


-- --------------------------------------------------------

--
-- Table structure for table `lime_conditions`
--

DROP TABLE IF EXISTS `lime_conditions`;
CREATE TABLE IF NOT EXISTS `lime_conditions` (
  `cid` int(11) NOT NULL auto_increment,
  `qid` int(11) NOT NULL default '0',
  `scenario` int(11) NOT NULL default '1',
  `cqid` int(11) NOT NULL default '0',
  `cfieldname` varchar(50) collate utf8_unicode_ci NOT NULL default '',
  `method` varchar(5) collate utf8_unicode_ci NOT NULL default '',
  `value` varchar(255) collate utf8_unicode_ci NOT NULL default '',
  PRIMARY KEY  (`cid`),
  KEY `conditions_idx2` (`qid`),
  KEY `conditions_idx3` (`cqid`)
) ENGINE=MyISAM DEFAULT CHARSET=utf8 COLLATE=utf8_unicode_ci AUTO_INCREMENT=1 ;

--
-- Dumping data for table `lime_conditions`
--


-- --------------------------------------------------------

--
-- Table structure for table `lime_defaultvalues`
--

DROP TABLE IF EXISTS `lime_defaultvalues`;
CREATE TABLE IF NOT EXISTS `lime_defaultvalues` (
  `qid` int(11) NOT NULL default '0',
  `specialtype` varchar(20) collate utf8_unicode_ci NOT NULL default '',
  `scale_id` int(11) NOT NULL default '0',
  `sqid` int(11) NOT NULL default '0',
  `language` varchar(20) collate utf8_unicode_ci NOT NULL,
  `defaultvalue` text collate utf8_unicode_ci,
  PRIMARY KEY  (`qid`,`scale_id`,`language`,`specialtype`,`sqid`)
) ENGINE=MyISAM DEFAULT CHARSET=utf8 COLLATE=utf8_unicode_ci;

--
-- Dumping data for table `lime_defaultvalues`
--


-- --------------------------------------------------------

--
-- Table structure for table `lime_expression_errors`
--

DROP TABLE IF EXISTS `lime_expression_errors`;
CREATE TABLE IF NOT EXISTS `lime_expression_errors` (
  `id` int(9) NOT NULL auto_increment,
  `errortime` varchar(50) collate utf8_unicode_ci default NULL,
  `sid` int(11) default NULL,
  `gid` int(11) default NULL,
  `qid` int(11) default NULL,
  `gseq` int(11) default NULL,
  `qseq` int(11) default NULL,
  `type` varchar(50) collate utf8_unicode_ci default NULL,
  `eqn` text collate utf8_unicode_ci,
  `prettyprint` text collate utf8_unicode_ci,
  PRIMARY KEY  (`id`)
) ENGINE=MyISAM DEFAULT CHARSET=utf8 COLLATE=utf8_unicode_ci AUTO_INCREMENT=1 ;

--
-- Dumping data for table `lime_expression_errors`
--


-- --------------------------------------------------------

--
-- Table structure for table `lime_failed_login_attempts`
--

DROP TABLE IF EXISTS `lime_failed_login_attempts`;
CREATE TABLE IF NOT EXISTS `lime_failed_login_attempts` (
  `id` int(11) NOT NULL auto_increment,
  `ip` varchar(40) collate utf8_unicode_ci NOT NULL,
  `last_attempt` varchar(20) collate utf8_unicode_ci NOT NULL,
  `number_attempts` int(11) NOT NULL,
  PRIMARY KEY  (`id`)
) ENGINE=MyISAM DEFAULT CHARSET=utf8 COLLATE=utf8_unicode_ci AUTO_INCREMENT=1 ;

--
-- Dumping data for table `lime_failed_login_attempts`
--


-- --------------------------------------------------------

--
-- Table structure for table `lime_groups`
--

DROP TABLE IF EXISTS `lime_groups`;
CREATE TABLE IF NOT EXISTS `lime_groups` (
  `gid` int(11) NOT NULL auto_increment,
  `sid` int(11) NOT NULL default '0',
  `group_name` varchar(100) collate utf8_unicode_ci NOT NULL default '',
  `group_order` int(11) NOT NULL default '0',
  `description` text collate utf8_unicode_ci,
  `language` varchar(20) collate utf8_unicode_ci NOT NULL default 'en',
  `randomization_group` varchar(20) collate utf8_unicode_ci NOT NULL default '',
  `grelevance` text collate utf8_unicode_ci,
  PRIMARY KEY  (`gid`,`language`),
  KEY `groups_idx2` (`sid`)
) ENGINE=MyISAM  DEFAULT CHARSET=utf8 COLLATE=utf8_unicode_ci AUTO_INCREMENT=4 ;

--
-- Dumping data for table `lime_groups`
--

INSERT INTO `lime_groups` (`gid`, `sid`, `group_name`, `group_order`, `description`, `language`, `randomization_group`, `grelevance`) VALUES
(1, 842365, 'Main', 0, 'All questions.', 'en', '', ''),
(2, 419973, 'Group 1', 1, '', 'en', '', ''),
(3, 844119, 'Group 1', 2, '', 'en', '', '');

-- --------------------------------------------------------

--
-- Table structure for table `lime_labels`
--

DROP TABLE IF EXISTS `lime_labels`;
CREATE TABLE IF NOT EXISTS `lime_labels` (
  `lid` int(11) NOT NULL default '0',
  `code` varchar(5) collate utf8_unicode_ci NOT NULL default '',
  `title` text collate utf8_unicode_ci,
  `sortorder` int(11) NOT NULL,
  `assessment_value` int(11) NOT NULL default '0',
  `language` varchar(20) collate utf8_unicode_ci NOT NULL default 'en',
  PRIMARY KEY  (`lid`,`sortorder`,`language`),
  KEY `labels_code_idx` (`code`)
) ENGINE=MyISAM DEFAULT CHARSET=utf8 COLLATE=utf8_unicode_ci;

--
-- Dumping data for table `lime_labels`
--


-- --------------------------------------------------------

--
-- Table structure for table `lime_labelsets`
--

DROP TABLE IF EXISTS `lime_labelsets`;
CREATE TABLE IF NOT EXISTS `lime_labelsets` (
  `lid` int(11) NOT NULL auto_increment,
  `label_name` varchar(100) collate utf8_unicode_ci NOT NULL default '',
  `languages` varchar(200) collate utf8_unicode_ci default 'en',
  PRIMARY KEY  (`lid`)
) ENGINE=MyISAM DEFAULT CHARSET=utf8 COLLATE=utf8_unicode_ci AUTO_INCREMENT=1 ;

--
-- Dumping data for table `lime_labelsets`
--


-- --------------------------------------------------------

--
-- Table structure for table `lime_participants`
--

DROP TABLE IF EXISTS `lime_participants`;
CREATE TABLE IF NOT EXISTS `lime_participants` (
  `participant_id` varchar(50) collate utf8_unicode_ci NOT NULL,
  `firstname` varchar(40) collate utf8_unicode_ci default NULL,
  `lastname` varchar(40) collate utf8_unicode_ci default NULL,
  `email` varchar(80) collate utf8_unicode_ci default NULL,
  `language` varchar(40) collate utf8_unicode_ci default NULL,
  `blacklisted` char(1) collate utf8_unicode_ci NOT NULL,
  `owner_uid` int(11) NOT NULL,
  PRIMARY KEY  (`participant_id`)
) ENGINE=MyISAM DEFAULT CHARSET=utf8 COLLATE=utf8_unicode_ci;

--
-- Dumping data for table `lime_participants`
--


-- --------------------------------------------------------

--
-- Table structure for table `lime_participant_attribute`
--

DROP TABLE IF EXISTS `lime_participant_attribute`;
CREATE TABLE IF NOT EXISTS `lime_participant_attribute` (
  `participant_id` varchar(50) collate utf8_unicode_ci NOT NULL,
  `attribute_id` int(11) NOT NULL,
  `value` varchar(50) collate utf8_unicode_ci NOT NULL,
  PRIMARY KEY  (`participant_id`,`attribute_id`)
) ENGINE=MyISAM DEFAULT CHARSET=utf8 COLLATE=utf8_unicode_ci;

--
-- Dumping data for table `lime_participant_attribute`
--


-- --------------------------------------------------------

--
-- Table structure for table `lime_participant_attribute_names`
--

DROP TABLE IF EXISTS `lime_participant_attribute_names`;
CREATE TABLE IF NOT EXISTS `lime_participant_attribute_names` (
  `attribute_id` int(11) NOT NULL auto_increment,
  `attribute_type` varchar(4) collate utf8_unicode_ci NOT NULL,
  `visible` varchar(5) collate utf8_unicode_ci NOT NULL,
  PRIMARY KEY  (`attribute_id`,`attribute_type`)
) ENGINE=MyISAM DEFAULT CHARSET=utf8 COLLATE=utf8_unicode_ci AUTO_INCREMENT=1 ;

--
-- Dumping data for table `lime_participant_attribute_names`
--


-- --------------------------------------------------------

--
-- Table structure for table `lime_participant_attribute_names_lang`
--

DROP TABLE IF EXISTS `lime_participant_attribute_names_lang`;
CREATE TABLE IF NOT EXISTS `lime_participant_attribute_names_lang` (
  `attribute_id` int(11) NOT NULL,
  `attribute_name` varchar(30) collate utf8_unicode_ci NOT NULL,
  `lang` varchar(20) collate utf8_unicode_ci NOT NULL,
  PRIMARY KEY  (`attribute_id`,`lang`)
) ENGINE=MyISAM DEFAULT CHARSET=utf8 COLLATE=utf8_unicode_ci;

--
-- Dumping data for table `lime_participant_attribute_names_lang`
--


-- --------------------------------------------------------

--
-- Table structure for table `lime_participant_attribute_values`
--

DROP TABLE IF EXISTS `lime_participant_attribute_values`;
CREATE TABLE IF NOT EXISTS `lime_participant_attribute_values` (
  `value_id` int(11) NOT NULL auto_increment,
  `attribute_id` int(11) NOT NULL,
  `value` varchar(20) collate utf8_unicode_ci NOT NULL,
  PRIMARY KEY  (`value_id`)
) ENGINE=MyISAM DEFAULT CHARSET=utf8 COLLATE=utf8_unicode_ci AUTO_INCREMENT=1 ;

--
-- Dumping data for table `lime_participant_attribute_values`
--


-- --------------------------------------------------------

--
-- Table structure for table `lime_participant_shares`
--

DROP TABLE IF EXISTS `lime_participant_shares`;
CREATE TABLE IF NOT EXISTS `lime_participant_shares` (
  `participant_id` varchar(50) collate utf8_unicode_ci NOT NULL,
  `share_uid` int(11) NOT NULL,
  `date_added` datetime NOT NULL,
  `can_edit` varchar(5) collate utf8_unicode_ci NOT NULL,
  PRIMARY KEY  (`participant_id`,`share_uid`)
) ENGINE=MyISAM DEFAULT CHARSET=utf8 COLLATE=utf8_unicode_ci;

--
-- Dumping data for table `lime_participant_shares`
--


-- --------------------------------------------------------

--
-- Table structure for table `lime_questions`
--

DROP TABLE IF EXISTS `lime_questions`;
CREATE TABLE IF NOT EXISTS `lime_questions` (
  `qid` int(11) NOT NULL auto_increment,
  `parent_qid` int(11) NOT NULL default '0',
  `sid` int(11) NOT NULL default '0',
  `gid` int(11) NOT NULL default '0',
  `type` varchar(1) collate utf8_unicode_ci NOT NULL default 'T',
  `title` varchar(20) collate utf8_unicode_ci NOT NULL default '',
  `question` text collate utf8_unicode_ci NOT NULL,
  `preg` text collate utf8_unicode_ci,
  `help` text collate utf8_unicode_ci,
  `other` varchar(1) collate utf8_unicode_ci NOT NULL default 'N',
  `mandatory` varchar(1) collate utf8_unicode_ci default NULL,
  `question_order` int(11) NOT NULL,
  `language` varchar(20) collate utf8_unicode_ci NOT NULL default 'en',
  `scale_id` int(11) NOT NULL default '0',
  `same_default` int(11) NOT NULL default '0',
  `relevance` text collate utf8_unicode_ci,
  PRIMARY KEY  (`qid`,`language`),
  KEY `questions_idx2` (`sid`),
  KEY `questions_idx3` (`gid`),
  KEY `parent_qid_idx` (`parent_qid`),
  KEY `questions_idx4` (`type`)
) ENGINE=MyISAM  DEFAULT CHARSET=utf8 COLLATE=utf8_unicode_ci AUTO_INCREMENT=47 ;

--
-- Dumping data for table `lime_questions`
--

INSERT INTO `lime_questions` (`qid`, `parent_qid`, `sid`, `gid`, `type`, `title`, `question`, `preg`, `help`, `other`, `mandatory`, `question_order`, `language`, `scale_id`, `same_default`, `relevance`) VALUES
(1, 0, 842365, 1, 'L', '1', '<span style="color: rgb(68, 68, 68); font-family: Arial, sans-serif; font-size: 16px; line-height: 20px; ">What percent of your employees would you say are caring for an older family member or friend?</span>', '', '', 'N', 'Y', 0, 'en', 0, 0, '1'),
(2, 0, 842365, 1, 'L', '2', '<span style="color: rgb(68, 68, 68); font-family: Arial, sans-serif; font-size: 16px; line-height: 20px; ">Does your organization provide information and support services for employees who are now or may be caring for older family members or friends?</span>', '', '', 'N', 'Y', 1, 'en', 0, 0, '1'),
(3, 0, 842365, 1, 'L', '3', '<span style="color: rgb(68, 68, 68); font-family: Arial, sans-serif; font-size: 16px; line-height: 20px; ">Does your organization provide evidence-based programs to support employees who are now or may be caring for older family members or friends?</span>', '', '', 'N', 'Y', 2, 'en', 0, 0, '1'),
(4, 0, 842365, 1, 'L', '4', '<span style="color: rgb(68, 68, 68); font-family: Arial, sans-serif; font-size: 16px; line-height: 20px; ">If your organization provides eldercare resources to your employees, are these resources provided?</span>', '', '', 'N', 'Y', 3, 'en', 0, 0, '1'),
(5, 0, 842365, 1, 'L', '5', '<span style="color: rgb(68, 68, 68); font-family: Arial, sans-serif; font-size: 16px; line-height: 20px; ">Does your organization provide flexible hours for employees who are now or may be caring for older family members or friends?</span>', '', '', 'N', 'Y', 4, 'en', 0, 0, '1'),
(6, 0, 842365, 1, 'L', '6', '<span style="color: rgb(68, 68, 68); font-family: Arial, sans-serif; font-size: 16px; line-height: 20px; ">Does your organization track or measure the impact of employed family caregivers on such indicators as absenteeism, productivity, or retention?</span>', '', '', 'N', 'Y', 5, 'en', 0, 0, '1'),
(7, 0, 842365, 1, 'L', '7', '<span style="color: rgb(68, 68, 68); font-family: Arial, sans-serif; font-size: 16px; line-height: 20px; ">Does your organization provide training of supervisors and managers about eldercare issues their employees may be facing?</span>', '', '', 'N', 'Y', 6, 'en', 0, 0, '1'),
(8, 0, 842365, 1, 'L', '8', '<span style="color: rgb(68, 68, 68); font-family: Arial, sans-serif; font-size: 16px; line-height: 20px; ">Do you feel that the corporate culture supports caregiving employees? </span>', '', '', 'N', 'Y', 7, 'en', 0, 0, '1'),
(9, 0, 842365, 1, 'L', '9', '<span style="color: rgb(68, 68, 68); font-family: Arial, sans-serif; font-size: 16px; line-height: 20px; ">Would online education programs for your employees to support their goal of continuing to be a family caregiver and a productive worker be valuable to your organization?</span>', '', '', 'N', 'Y', 8, 'en', 0, 0, '1'),
(10, 0, 842365, 1, 'L', '10', '<span style="color: rgb(68, 68, 68); font-family: Arial, sans-serif; font-size: 16px; line-height: 20px; ">Has your organization done a survey of your employees to understand caregiving issues?</span>', '', '', 'N', 'Y', 9, 'en', 0, 0, '1'),
(11, 0, 419973, 2, 'L', '1', '<span style="color: rgb(68, 68, 68); font-family: Arial, sans-serif; font-size: 16px; line-height: 20px; ">Do you now consider yourself a caregiver to an older individual such as a parent, other relative, or friend?</span>', '', '', 'N', 'Y', 0, 'en', 0, 0, '1'),
(12, 0, 419973, 2, 'L', '2', '<span style="color: rgb(68, 68, 68); font-family: Arial, sans-serif; font-size: 16px; line-height: 20px; ">Do you see yourself as a caregiver to an older individual in the future?</span>', '', '', 'N', 'Y', 1, 'en', 0, 0, '1'),
(13, 0, 419973, 2, 'L', '3', '<span style="color: rgb(68, 68, 68); font-family: Arial, sans-serif; font-size: 16px; line-height: 20px; ">How did your caregiving role evolve?</span>', '', '', 'N', 'Y', 2, 'en', 0, 0, '1'),
(14, 0, 419973, 2, 'M', '4', '<span style="color: rgb(68, 68, 68); font-family: Arial, sans-serif; font-size: 16px; line-height: 20px; ">As a caregiver, you may now or in the future assist an older individual with daily activities. Please check those activities which you now or may in the future provide assistance to an older individual. (check all that apply)</span>', '', '', 'N', 'Y', 3, 'en', 0, 0, '1'),
(15, 0, 419973, 2, 'L', '5', '<span style="color: rgb(68, 68, 68); font-family: Arial, sans-serif; font-size: 16px; line-height: 20px; ">Has providing care for an older individual affected your job in some way? If you see yourself as a future caregiver, do you think your caregiving responsibilities will affect your job in some way?</span>', '', '', 'N', 'Y', 4, 'en', 0, 0, '1'),
(16, 0, 419973, 2, 'M', '6', '<span style="color: rgb(68, 68, 68); font-family: Arial, sans-serif; font-size: 16px; line-height: 20px; ">How has caregiving affected your job? If you see yourself as a future caregiver, how do you think caregiving may affect your job? (check all that apply)</span>', '', '', 'N', 'Y', 5, 'en', 0, 0, '1'),
(17, 0, 419973, 2, 'M', '7', '<span style="color: rgb(68, 68, 68); font-family: Arial, sans-serif; font-size: 16px; line-height: 20px; ">How has caregiving affected your personal life? If you see yourself as a future caregiver, how do you think caregiving may affect your personal life? (check </span><br style="color: rgb(68, 68, 68); font-family: Arial, sans-serif; font-size: 16px; line-height: 20px; " />\n<span style="color: rgb(68, 68, 68); font-family: Arial, sans-serif; font-size: 16px; line-height: 20px; ">all that apply)</span>', '', '', 'N', 'Y', 6, 'en', 0, 0, '1'),
(18, 0, 419973, 2, 'L', '8', '<span style="color: rgb(68, 68, 68); font-family: Arial, sans-serif; font-size: 16px; line-height: 20px; ">In a typical week, how many hours do you provide help, care, or supervision for an older individual? </span>', '', '', 'N', 'Y', 7, 'en', 0, 0, '1'),
(19, 0, 419973, 2, 'L', '9', '<span style="color: rgb(68, 68, 68); font-family: Arial, sans-serif; font-size: 16px; line-height: 20px; ">Does your employer provide any education or resources to help you as a family caregiver?</span>', '', '', 'N', 'Y', 8, 'en', 0, 0, '1'),
(20, 0, 419973, 2, 'M', '10', '<span style="color: rgb(68, 68, 68); font-family: Arial, sans-serif; font-size: 16px; line-height: 20px; ">What would be valuable for you as a current or future caregiver to help you in your caregiving responsibilities? (check all that apply)</span>', '', '', 'N', 'Y', 9, 'en', 0, 0, '1'),
(21, 14, 419973, 2, 'T', '1', 'Medical needs such as going to the doctor’s office or assisting with medications', NULL, NULL, 'N', NULL, 1, 'en', 0, 0, NULL),
(22, 14, 419973, 2, 'T', '2', 'Keeping track of bills, checks, or other financial matters', NULL, NULL, 'N', NULL, 2, 'en', 0, 0, NULL),
(23, 14, 419973, 2, 'T', '3', 'Preparing meals, doing laundry, or cleaning the house', NULL, NULL, 'N', NULL, 3, 'en', 0, 0, NULL),
(24, 14, 419973, 2, 'T', '4', 'Going shopping', NULL, NULL, 'N', NULL, 4, 'en', 0, 0, NULL),
(25, 14, 419973, 2, 'T', '5', 'Assisting with dressing, bathing, or getting to the bathroom', NULL, NULL, 'N', NULL, 5, 'en', 0, 0, NULL),
(26, 14, 419973, 2, 'T', '6', 'Arranging for home care services performed by others', NULL, NULL, 'N', NULL, 6, 'en', 0, 0, NULL),
(27, 14, 419973, 2, 'T', '7', 'Making regular check-in visits', NULL, NULL, 'N', NULL, 7, 'en', 0, 0, NULL),
(28, 16, 419973, 2, 'T', '1', 'Reduced hours at work', NULL, NULL, 'N', NULL, 1, 'en', 0, 0, NULL),
(29, 16, 419973, 2, 'T', '2', 'Time conflicts between work and caregiving responsibilities', NULL, NULL, 'N', NULL, 2, 'en', 0, 0, NULL),
(30, 16, 419973, 2, 'T', '3', 'Change to a less demanding job', NULL, NULL, 'N', NULL, 3, 'en', 0, 0, NULL),
(31, 16, 419973, 2, 'T', '4', 'Loss of promotion opportunity', NULL, NULL, 'N', NULL, 4, 'en', 0, 0, NULL),
(32, 16, 419973, 2, 'T', '5', 'Need to use vacation or sick time to provide care', NULL, NULL, 'N', NULL, 5, 'en', 0, 0, NULL),
(33, 17, 419973, 2, 'T', '1', 'Financial burden for myself and my family', NULL, NULL, 'N', NULL, 1, 'en', 0, 0, NULL),
(34, 17, 419973, 2, 'T', '2', 'Not enough time for myself', NULL, NULL, 'N', NULL, 2, 'en', 0, 0, NULL),
(35, 17, 419973, 2, 'T', '3', 'Not enough time for my family', NULL, NULL, 'N', NULL, 3, 'en', 0, 0, NULL),
(36, 17, 419973, 2, 'T', '4', 'Negative impact on my own health ', NULL, NULL, 'N', NULL, 4, 'en', 0, 0, NULL),
(37, 17, 419973, 2, 'T', '5', 'Caregiving impacts my social life', NULL, NULL, 'N', NULL, 5, 'en', 0, 0, NULL),
(38, 17, 419973, 2, 'T', '6', 'Caregiving is stressful for me', NULL, NULL, 'N', NULL, 6, 'en', 0, 0, NULL),
(39, 20, 419973, 2, 'T', '1', 'Resources to help me understand caring for older individuals', NULL, NULL, 'N', NULL, 1, 'en', 0, 0, NULL),
(40, 20, 419973, 2, 'T', '2', 'Education to help me understand my role as a family caregiver', NULL, NULL, 'N', NULL, 2, 'en', 0, 0, NULL),
(41, 20, 419973, 2, 'T', '3', 'Tools to help me communicate more effectively with older individuals', NULL, NULL, 'N', NULL, 3, 'en', 0, 0, NULL),
(42, 20, 419973, 2, 'T', '4', 'Information to help me understand and support the needs, preferences, and safety of older individuals in my current or future care', NULL, NULL, 'N', NULL, 4, 'en', 0, 0, NULL),
(43, 20, 419973, 2, 'T', '5', 'Information to help me understand the health care system, Medicare, and long-term care', NULL, NULL, 'N', NULL, 5, 'en', 0, 0, NULL),
(44, 20, 419973, 2, 'T', '6', 'Resources to help me manage my caregiving responsibilities and address my own physical, mental, and emotional health needs', NULL, NULL, 'N', NULL, 6, 'en', 0, 0, NULL),
(45, 20, 419973, 2, 'T', '7', 'Tools to help me balance my caregiving and work responsibilities', NULL, NULL, 'N', NULL, 7, 'en', 0, 0, NULL),
(46, 0, 844119, 3, 'L', '1', '<span style="color: rgb(109, 110, 113); font-family: Arial, sans-serif; font-size: 16px; line-height: 20px; ">Have you ever missed work due to your caregiving responsibilities?</span>', '', '', 'N', 'Y', 0, 'en', 0, 0, '1');

-- --------------------------------------------------------

--
-- Table structure for table `lime_question_attributes`
--

DROP TABLE IF EXISTS `lime_question_attributes`;
CREATE TABLE IF NOT EXISTS `lime_question_attributes` (
  `qaid` int(11) NOT NULL auto_increment,
  `qid` int(11) NOT NULL default '0',
  `attribute` varchar(50) collate utf8_unicode_ci default NULL,
  `value` text collate utf8_unicode_ci,
  `language` varchar(20) collate utf8_unicode_ci default NULL,
  PRIMARY KEY  (`qaid`),
  KEY `question_attributes_idx2` (`qid`),
  KEY `question_attributes_idx3` (`attribute`)
) ENGINE=MyISAM  DEFAULT CHARSET=utf8 COLLATE=utf8_unicode_ci AUTO_INCREMENT=47 ;

--
-- Dumping data for table `lime_question_attributes`
--

INSERT INTO `lime_question_attributes` (`qaid`, `qid`, `attribute`, `value`, `language`) VALUES
(1, 1, 'display_columns', '1', NULL),
(2, 1, 'statistics_showgraph', '1', NULL),
(3, 2, 'display_columns', '1', NULL),
(4, 2, 'statistics_showgraph', '1', NULL),
(5, 3, 'display_columns', '1', NULL),
(6, 3, 'statistics_showgraph', '1', NULL),
(7, 4, 'display_columns', '1', NULL),
(8, 4, 'statistics_showgraph', '1', NULL),
(9, 5, 'display_columns', '1', NULL),
(10, 5, 'statistics_showgraph', '1', NULL),
(11, 6, 'display_columns', '1', NULL),
(12, 6, 'statistics_showgraph', '1', NULL),
(13, 7, 'display_columns', '1', NULL),
(14, 7, 'statistics_showgraph', '1', NULL),
(15, 8, 'display_columns', '1', NULL),
(16, 8, 'statistics_showgraph', '1', NULL),
(17, 9, 'display_columns', '1', NULL),
(18, 9, 'statistics_showgraph', '1', NULL),
(19, 10, 'display_columns', '1', NULL),
(20, 10, 'statistics_showgraph', '1', NULL),
(21, 11, 'display_columns', '1', NULL),
(22, 11, 'statistics_showgraph', '1', NULL),
(23, 12, 'display_columns', '1', NULL),
(24, 12, 'statistics_showgraph', '1', NULL),
(25, 13, 'display_columns', '1', NULL),
(26, 13, 'statistics_showgraph', '1', NULL),
(27, 14, 'assessment_value', '1', NULL),
(28, 14, 'display_columns', '1', NULL),
(29, 14, 'statistics_showgraph', '1', NULL),
(30, 15, 'display_columns', '1', NULL),
(31, 15, 'statistics_showgraph', '1', NULL),
(32, 16, 'assessment_value', '1', NULL),
(33, 16, 'display_columns', '1', NULL),
(34, 16, 'statistics_showgraph', '1', NULL),
(35, 17, 'assessment_value', '1', NULL),
(36, 17, 'display_columns', '1', NULL),
(37, 17, 'statistics_showgraph', '1', NULL),
(38, 18, 'display_columns', '1', NULL),
(39, 18, 'statistics_showgraph', '1', NULL),
(40, 19, 'display_columns', '1', NULL),
(41, 19, 'statistics_showgraph', '1', NULL),
(42, 20, 'assessment_value', '1', NULL),
(43, 20, 'display_columns', '1', NULL),
(44, 20, 'statistics_showgraph', '1', NULL),
(45, 46, 'display_columns', '1', NULL),
(46, 46, 'statistics_showgraph', '1', NULL);

-- --------------------------------------------------------

--
-- Table structure for table `lime_quota`
--

DROP TABLE IF EXISTS `lime_quota`;
CREATE TABLE IF NOT EXISTS `lime_quota` (
  `id` int(11) NOT NULL auto_increment,
  `sid` int(11) default NULL,
  `name` varchar(255) collate utf8_unicode_ci default NULL,
  `qlimit` int(11) default NULL,
  `action` int(11) default NULL,
  `active` int(11) NOT NULL default '1',
  `autoload_url` int(11) NOT NULL default '0',
  PRIMARY KEY  (`id`),
  KEY `quota_idx2` (`sid`)
) ENGINE=MyISAM DEFAULT CHARSET=utf8 COLLATE=utf8_unicode_ci AUTO_INCREMENT=1 ;

--
-- Dumping data for table `lime_quota`
--


-- --------------------------------------------------------

--
-- Table structure for table `lime_quota_languagesettings`
--

DROP TABLE IF EXISTS `lime_quota_languagesettings`;
CREATE TABLE IF NOT EXISTS `lime_quota_languagesettings` (
  `quotals_id` int(11) NOT NULL auto_increment,
  `quotals_quota_id` int(11) NOT NULL,
  `quotals_language` varchar(45) collate utf8_unicode_ci NOT NULL default 'en',
  `quotals_name` varchar(255) collate utf8_unicode_ci default NULL,
  `quotals_message` text collate utf8_unicode_ci NOT NULL,
  `quotals_url` varchar(255) collate utf8_unicode_ci default NULL,
  `quotals_urldescrip` varchar(255) collate utf8_unicode_ci default NULL,
  PRIMARY KEY  (`quotals_id`)
) ENGINE=MyISAM DEFAULT CHARSET=utf8 COLLATE=utf8_unicode_ci AUTO_INCREMENT=1 ;

--
-- Dumping data for table `lime_quota_languagesettings`
--


-- --------------------------------------------------------

--
-- Table structure for table `lime_quota_members`
--

DROP TABLE IF EXISTS `lime_quota_members`;
CREATE TABLE IF NOT EXISTS `lime_quota_members` (
  `id` int(11) NOT NULL auto_increment,
  `sid` int(11) default NULL,
  `qid` int(11) default NULL,
  `quota_id` int(11) default NULL,
  `code` varchar(11) collate utf8_unicode_ci default NULL,
  PRIMARY KEY  (`id`),
  UNIQUE KEY `sid` (`sid`,`qid`,`quota_id`,`code`)
) ENGINE=MyISAM DEFAULT CHARSET=utf8 COLLATE=utf8_unicode_ci AUTO_INCREMENT=1 ;

--
-- Dumping data for table `lime_quota_members`
--


-- --------------------------------------------------------

--
-- Table structure for table `lime_saved_control`
--

DROP TABLE IF EXISTS `lime_saved_control`;
CREATE TABLE IF NOT EXISTS `lime_saved_control` (
  `scid` int(11) NOT NULL auto_increment,
  `sid` int(11) NOT NULL default '0',
  `srid` int(11) NOT NULL default '0',
  `identifier` text collate utf8_unicode_ci NOT NULL,
  `access_code` text collate utf8_unicode_ci NOT NULL,
  `email` varchar(320) collate utf8_unicode_ci default NULL,
  `ip` text collate utf8_unicode_ci NOT NULL,
  `saved_thisstep` text collate utf8_unicode_ci NOT NULL,
  `status` varchar(1) collate utf8_unicode_ci NOT NULL default '',
  `saved_date` datetime NOT NULL,
  `refurl` text collate utf8_unicode_ci,
  PRIMARY KEY  (`scid`),
  KEY `saved_control_idx2` (`sid`)
) ENGINE=MyISAM DEFAULT CHARSET=utf8 COLLATE=utf8_unicode_ci AUTO_INCREMENT=1 ;

--
-- Dumping data for table `lime_saved_control`
--


-- --------------------------------------------------------

--
-- Table structure for table `lime_sessions`
--

DROP TABLE IF EXISTS `lime_sessions`;
CREATE TABLE IF NOT EXISTS `lime_sessions` (
  `id` varchar(32) collate utf8_unicode_ci NOT NULL,
  `expire` int(11) default NULL,
  `data` text collate utf8_unicode_ci,
  PRIMARY KEY  (`id`)
) ENGINE=MyISAM DEFAULT CHARSET=utf8 COLLATE=utf8_unicode_ci;

--
-- Dumping data for table `lime_sessions`
--


-- --------------------------------------------------------

--
-- Table structure for table `lime_settings_global`
--

DROP TABLE IF EXISTS `lime_settings_global`;
CREATE TABLE IF NOT EXISTS `lime_settings_global` (
  `stg_name` varchar(50) collate utf8_unicode_ci NOT NULL default '',
  `stg_value` varchar(255) collate utf8_unicode_ci NOT NULL default '',
  PRIMARY KEY  (`stg_name`)
) ENGINE=MyISAM DEFAULT CHARSET=utf8 COLLATE=utf8_unicode_ci;

--
-- Dumping data for table `lime_settings_global`
--

INSERT INTO `lime_settings_global` (`stg_name`, `stg_value`) VALUES
('DBVersion', '161'),
('SessionName', 'ls556376361162759'),
('sitename', 'Mather LifeWays Institute on Aging Online Course Portal'),
('siteadminname', 'Jon Woodall'),
('siteadminemail', 'jwoodall@matherlifeways.com'),
('siteadminbounce', 'jwoodall@matherlifeways.com'),
('defaultlang', 'en'),
('force_ssl', 'neither'),
('timeadjust', '+0 hours'),
('shownoanswer', '1'),
('updatecheckperiod', '7'),
('defaulttemplate', 'default'),
('defaulthtmleditormode', 'inline'),
('usepdfexport', '1'),
('ipInfoDbAPIKey', '2bbfdf34d0a0942476405b83390605ecef8f0be4e57d2aabc9b56441274b28bc'),
('googleMapsAPIKey', ''),
('maxemails', '50'),
('surveyPreview_require_Auth', '1'),
('filterxsshtml', '1'),
('usercontrolSameGroupPolicy', '1'),
('repeatheadings', '25'),
('showxquestions', 'choose'),
('showgroupinfo', 'choose'),
('showqnumcode', 'choose'),
('enableXMLRPCInterface', '0'),
('restrictToLanguages', ''),
('addTitleToLinks', '0'),
('defaultquestionselectormode', 'default'),
('defaulttemplateeditormode', 'default'),
('emailmethod', 'mail'),
('emailsmtphost', ''),
('emailsmtppassword', ''),
('bounceaccounthost', ''),
('bounceaccounttype', 'off'),
('bounceencryption', ''),
('bounceaccountuser', ''),
('bounceaccountpass', ''),
('emailsmtpssl', ''),
('emailsmtpdebug', ''),
('emailsmtpuser', ''),
('sess_expiration', '1800'),
('updateavailable', '0'),
('updatelastcheck', '2012-08-30 21:14:20'),
('admintheme', 'blobblueish'),
('iSessionExpirationTime', '28800'),
('RPCInterface', 'off'),
('adminthemeiconsize', '40'),
('googleanalyticsapikey', ''),
('googletranslateapikey', '');

-- --------------------------------------------------------

--
-- Table structure for table `lime_surveys`
--

DROP TABLE IF EXISTS `lime_surveys`;
CREATE TABLE IF NOT EXISTS `lime_surveys` (
  `sid` int(11) NOT NULL,
  `owner_id` int(11) NOT NULL,
  `admin` varchar(50) collate utf8_unicode_ci default NULL,
  `active` varchar(1) collate utf8_unicode_ci NOT NULL default 'N',
  `expires` datetime default NULL,
  `startdate` datetime default NULL,
  `adminemail` varchar(320) collate utf8_unicode_ci default NULL,
  `anonymized` varchar(1) collate utf8_unicode_ci NOT NULL default 'N',
  `faxto` varchar(20) collate utf8_unicode_ci default NULL,
  `format` varchar(1) collate utf8_unicode_ci default NULL,
  `savetimings` varchar(1) collate utf8_unicode_ci NOT NULL default 'N',
  `template` varchar(100) collate utf8_unicode_ci default 'default',
  `language` varchar(50) collate utf8_unicode_ci default NULL,
  `additional_languages` varchar(255) collate utf8_unicode_ci default NULL,
  `datestamp` varchar(1) collate utf8_unicode_ci NOT NULL default 'N',
  `usecookie` varchar(1) collate utf8_unicode_ci NOT NULL default 'N',
  `allowregister` varchar(1) collate utf8_unicode_ci NOT NULL default 'N',
  `allowsave` varchar(1) collate utf8_unicode_ci NOT NULL default 'Y',
  `autonumber_start` int(11) NOT NULL default '0',
  `autoredirect` varchar(1) collate utf8_unicode_ci NOT NULL default 'N',
  `allowprev` varchar(1) collate utf8_unicode_ci NOT NULL default 'N',
  `printanswers` varchar(1) collate utf8_unicode_ci NOT NULL default 'N',
  `ipaddr` varchar(1) collate utf8_unicode_ci NOT NULL default 'N',
  `refurl` varchar(1) collate utf8_unicode_ci NOT NULL default 'N',
  `datecreated` date default NULL,
  `publicstatistics` varchar(1) collate utf8_unicode_ci NOT NULL default 'N',
  `publicgraphs` varchar(1) collate utf8_unicode_ci NOT NULL default 'N',
  `listpublic` varchar(1) collate utf8_unicode_ci NOT NULL default 'N',
  `htmlemail` varchar(1) collate utf8_unicode_ci NOT NULL default 'N',
  `sendconfirmation` varchar(1) collate utf8_unicode_ci NOT NULL default 'Y',
  `tokenanswerspersistence` varchar(1) collate utf8_unicode_ci NOT NULL default 'N',
  `assessments` varchar(1) collate utf8_unicode_ci NOT NULL default 'N',
  `usecaptcha` varchar(1) collate utf8_unicode_ci NOT NULL default 'N',
  `usetokens` varchar(1) collate utf8_unicode_ci NOT NULL default 'N',
  `bounce_email` varchar(320) collate utf8_unicode_ci default NULL,
  `attributedescriptions` text collate utf8_unicode_ci,
  `emailresponseto` text collate utf8_unicode_ci,
  `emailnotificationto` text collate utf8_unicode_ci,
  `tokenlength` int(11) NOT NULL default '15',
  `showxquestions` varchar(1) collate utf8_unicode_ci default 'Y',
  `showgroupinfo` varchar(1) collate utf8_unicode_ci default 'B',
  `shownoanswer` varchar(1) collate utf8_unicode_ci default 'Y',
  `showqnumcode` varchar(1) collate utf8_unicode_ci default 'X',
  `bouncetime` int(11) default NULL,
  `bounceprocessing` varchar(1) collate utf8_unicode_ci default 'N',
  `bounceaccounttype` varchar(4) collate utf8_unicode_ci default NULL,
  `bounceaccounthost` varchar(200) collate utf8_unicode_ci default NULL,
  `bounceaccountpass` varchar(100) collate utf8_unicode_ci default NULL,
  `bounceaccountencryption` varchar(3) collate utf8_unicode_ci default NULL,
  `bounceaccountuser` varchar(200) collate utf8_unicode_ci default NULL,
  `showwelcome` varchar(1) collate utf8_unicode_ci default 'Y',
  `showprogress` varchar(1) collate utf8_unicode_ci default 'Y',
  `allowjumps` varchar(1) collate utf8_unicode_ci default 'N',
  `navigationdelay` int(11) NOT NULL default '0',
  `nokeyboard` varchar(1) collate utf8_unicode_ci default 'N',
  `alloweditaftercompletion` varchar(1) collate utf8_unicode_ci default 'N',
  `googleanalyticsstyle` varchar(1) collate utf8_unicode_ci default NULL,
  `googleanalyticsapikey` varchar(25) collate utf8_unicode_ci default NULL,
  PRIMARY KEY  (`sid`)
) ENGINE=MyISAM DEFAULT CHARSET=utf8 COLLATE=utf8_unicode_ci;

--
-- Dumping data for table `lime_surveys`
--

INSERT INTO `lime_surveys` (`sid`, `owner_id`, `admin`, `active`, `expires`, `startdate`, `adminemail`, `anonymized`, `faxto`, `format`, `savetimings`, `template`, `language`, `additional_languages`, `datestamp`, `usecookie`, `allowregister`, `allowsave`, `autonumber_start`, `autoredirect`, `allowprev`, `printanswers`, `ipaddr`, `refurl`, `datecreated`, `publicstatistics`, `publicgraphs`, `listpublic`, `htmlemail`, `sendconfirmation`, `tokenanswerspersistence`, `assessments`, `usecaptcha`, `usetokens`, `bounce_email`, `attributedescriptions`, `emailresponseto`, `emailnotificationto`, `tokenlength`, `showxquestions`, `showgroupinfo`, `shownoanswer`, `showqnumcode`, `bouncetime`, `bounceprocessing`, `bounceaccounttype`, `bounceaccounthost`, `bounceaccountpass`, `bounceaccountencryption`, `bounceaccountuser`, `showwelcome`, `showprogress`, `allowjumps`, `navigationdelay`, `nokeyboard`, `alloweditaftercompletion`, `googleanalyticsstyle`, `googleanalyticsapikey`) VALUES
(842365, 1, 'Jon Woodall', 'Y', NULL, NULL, 'jwoodall@matherlifeways.com', 'N', '', 'A', 'N', 'default', 'en', '', 'Y', 'N', 'N', 'N', 4, 'N', 'N', 'N', 'Y', 'N', '2012-08-29', 'Y', 'Y', 'Y', 'Y', 'N', 'N', 'N', 'N', 'N', 'jwoodall@matherlifeways.com', 'a:0:{}', '', '', 15, 'Y', 'X', 'Y', 'N', NULL, 'N', NULL, NULL, NULL, NULL, NULL, 'Y', 'N', 'N', 0, 'N', 'N', '0', ''),
(419973, 1, 'Jon Woodall', 'Y', NULL, NULL, 'jwoodall@matherlifeways.com', 'N', '', 'A', 'N', 'default', 'en', '', 'Y', 'N', 'N', 'N', 0, 'N', 'N', 'N', 'Y', 'N', '2012-08-29', 'Y', 'Y', 'Y', 'Y', 'N', 'N', 'N', 'N', 'N', 'jwoodall@matherlifeways.com', 'a:0:{}', '', '', 15, 'Y', 'X', 'Y', 'N', NULL, 'N', NULL, NULL, NULL, NULL, NULL, 'Y', 'N', 'N', 0, 'N', 'N', '0', ''),
(844119, 1, 'Jon Woodall', 'Y', NULL, NULL, 'jwoodall@matherlifeways.com', 'N', '', 'A', 'N', 'default', 'en', '', 'Y', 'N', 'N', 'N', 0, 'N', 'N', 'N', 'Y', 'N', '2012-08-29', 'Y', 'Y', 'Y', 'Y', 'N', 'N', 'N', 'N', 'N', 'jwoodall@matherlifeways.com', 'a:0:{}', '', '', 15, 'N', 'X', 'Y', 'X', NULL, 'N', NULL, NULL, NULL, NULL, NULL, 'Y', 'N', 'N', 0, 'N', 'N', '0', '');

-- --------------------------------------------------------

--
-- Table structure for table `lime_surveys_languagesettings`
--

DROP TABLE IF EXISTS `lime_surveys_languagesettings`;
CREATE TABLE IF NOT EXISTS `lime_surveys_languagesettings` (
  `surveyls_survey_id` int(11) NOT NULL,
  `surveyls_language` varchar(45) collate utf8_unicode_ci NOT NULL default 'en',
  `surveyls_title` varchar(200) collate utf8_unicode_ci NOT NULL,
  `surveyls_description` text collate utf8_unicode_ci,
  `surveyls_welcometext` text collate utf8_unicode_ci,
  `surveyls_endtext` text collate utf8_unicode_ci,
  `surveyls_url` varchar(255) collate utf8_unicode_ci default NULL,
  `surveyls_urldescription` varchar(255) collate utf8_unicode_ci default NULL,
  `surveyls_email_invite_subj` varchar(255) collate utf8_unicode_ci default NULL,
  `surveyls_email_invite` text collate utf8_unicode_ci,
  `surveyls_email_remind_subj` varchar(255) collate utf8_unicode_ci default NULL,
  `surveyls_email_remind` text collate utf8_unicode_ci,
  `surveyls_email_register_subj` varchar(255) collate utf8_unicode_ci default NULL,
  `surveyls_email_register` text collate utf8_unicode_ci,
  `surveyls_email_confirm_subj` varchar(255) collate utf8_unicode_ci default NULL,
  `surveyls_email_confirm` text collate utf8_unicode_ci,
  `surveyls_dateformat` int(11) NOT NULL default '1',
  `surveyls_attributecaptions` text collate utf8_unicode_ci,
  `email_admin_notification_subj` varchar(255) collate utf8_unicode_ci default NULL,
  `email_admin_notification` text collate utf8_unicode_ci,
  `email_admin_responses_subj` varchar(255) collate utf8_unicode_ci default NULL,
  `email_admin_responses` text collate utf8_unicode_ci,
  `surveyls_numberformat` int(11) NOT NULL default '0',
  PRIMARY KEY  (`surveyls_survey_id`,`surveyls_language`)
) ENGINE=MyISAM DEFAULT CHARSET=utf8 COLLATE=utf8_unicode_ci;

--
-- Dumping data for table `lime_surveys_languagesettings`
--

INSERT INTO `lime_surveys_languagesettings` (`surveyls_survey_id`, `surveyls_language`, `surveyls_title`, `surveyls_description`, `surveyls_welcometext`, `surveyls_endtext`, `surveyls_url`, `surveyls_urldescription`, `surveyls_email_invite_subj`, `surveyls_email_invite`, `surveyls_email_remind_subj`, `surveyls_email_remind`, `surveyls_email_register_subj`, `surveyls_email_register`, `surveyls_email_confirm_subj`, `surveyls_email_confirm`, `surveyls_dateformat`, `surveyls_attributecaptions`, `email_admin_notification_subj`, `email_admin_notification`, `email_admin_responses_subj`, `email_admin_responses`, `surveyls_numberformat`) VALUES
(842365, 'en', 'HR/Employer Survey', '<span style="color: rgb(68, 68, 68); font-family: Arial, sans-serif; font-size: 16px; line-height: 20px; ">The many challenges caregiving workers so often face can have a negative impact on both the employee and the organization&mdash;encumbering your company&rsquo;s workflow and productivity, and threatening your employees&rsquo; retirement plans and financial security. Employee caregivers cost American businesses approximately $34 billion in lost productivity each year. In addition to the financial impact, the stress associated with caring for an older adult takes a considerable physical and psychological toll on their adult children. As a result, caregivers are far more likely to have fair-to-poor health, resulting in higher health care costs to companies.</span>', '<span style="color: rgb(68, 68, 68); font-family: Arial, sans-serif; font-size: 16px; line-height: 20px; ">Please complete the brief survey.</span>', '', '', '', 'Invitation to participate in a survey', 'Dear {FIRSTNAME},<br /><br />you have been invited to participate in a survey.<br /><br />The survey is titled:<br />"{SURVEYNAME}"<br /><br />"{SURVEYDESCRIPTION}"<br /><br />To participate, please click on the link below.<br /><br />Sincerely,<br /><br />{ADMINNAME} ({ADMINEMAIL})<br /><br />----------------------------------------------<br />Click here to do the survey:<br />{SURVEYURL}<br /><br />If you do not want to participate in this survey and don''t want to receive any more invitations please click the following link:<br />{OPTOUTURL}<br /><br />If you have blacklisted before but want to participate in this survey and want to receive invitations please click the following link:<br />{OPTINURL}', 'Reminder to participate in a survey', 'Dear {FIRSTNAME},<br /><br />Recently we invited you to participate in a survey.<br /><br />We note that you have not yet completed the survey, and wish to remind you that the survey is still available should you wish to take part.<br /><br />The survey is titled:<br />"{SURVEYNAME}"<br /><br />"{SURVEYDESCRIPTION}"<br /><br />To participate, please click on the link below.<br /><br />Sincerely,<br /><br />{ADMINNAME} ({ADMINEMAIL})<br /><br />----------------------------------------------<br />Click here to do the survey:<br />{SURVEYURL}<br /><br />If you do not want to participate in this survey and don''t want to receive any more invitations please click the following link:<br />{OPTOUTURL}', 'Survey registration confirmation', 'Dear {FIRSTNAME},<br /><br />You, or someone using your email address, have registered to participate in an online survey titled {SURVEYNAME}.<br /><br />To complete this survey, click on the following URL:<br /><br />{SURVEYURL}<br /><br />If you have any questions about this survey, or if you did not register to participate and believe this email is in error, please contact {ADMINNAME} at {ADMINEMAIL}.', 'Confirmation of your participation in our survey', 'Dear {FIRSTNAME},<br /><br />this email is to confirm that you have completed the survey titled {SURVEYNAME} and your response has been saved. Thank you for participating.<br /><br />If you have any further questions about this email, please contact {ADMINNAME} on {ADMINEMAIL}.<br /><br />Sincerely,<br /><br />{ADMINNAME}', 1, 'a:0:{}', 'Response submission for survey {SURVEYNAME}', 'Hello,<br /><br />A new response was submitted for your survey ''{SURVEYNAME}''.<br /><br />Click the following link to reload the survey:<br />{RELOADURL}<br /><br />Click the following link to see the individual response:<br />{VIEWRESPONSEURL}<br /><br />Click the following link to edit the individual response:<br />{EDITRESPONSEURL}<br /><br />View statistics by clicking here:<br />{STATISTICSURL}', 'Response submission for survey {SURVEYNAME} with results', '<style type="text/css">\n    .printouttable {\n    margin:1em auto;\n    }\n    .printouttable th {\n    text-align: center;\n    }\n    .printouttable td {\n    border-color: #ddf #ddf #ddf #ddf;\n    border-style: solid;\n    border-width: 1px;\n    padding:0.1em 1em 0.1em 0.5em;\n    }\n\n    .printouttable td:first-child {\n    font-weight: 700;\n    text-align: right;\n    padding-right: 5px;\n    padding-left: 5px;\n\n    }\n    .printouttable .printanswersquestion td{\n    background-color:#F7F8FF;\n    }\n\n    .printouttable .printanswersquestionhead td{\n    text-align: left;\n    background-color:#ddf;\n    }\n\n    .printouttable .printanswersgroup td{\n    text-align: center;\n    font-weight:bold;\n    padding-top:1em;\n    }\n    </style>Hello,<br /><br />A new response was submitted for your survey ''{SURVEYNAME}''.<br /><br />Click the following link to reload the survey:<br />{RELOADURL}<br /><br />Click the following link to see the individual response:<br />{VIEWRESPONSEURL}<br /><br />Click the following link to edit the individual response:<br />{EDITRESPONSEURL}<br /><br />View statistics by clicking here:<br />{STATISTICSURL}<br /><br /><br />The following answers were given by the participant:<br />{ANSWERTABLE}', 0),
(419973, 'en', 'Caregiver Survey', '<span style="color: rgb(68, 68, 68); font-family: Arial, sans-serif; font-size: 16px; line-height: 20px; ">A caregiver is an ‘informal’ provider of in-home and community care to an older individual—usually a parent, family member, or friend. Family caregiving is the act of assisting someone you care about who is chronically ill or disabled and who needs some assistance in daily activities or who may no longer be able to care for themselves. More than 65 million people (29% of the US population) spend an average of 20 hours per week caring for a chronically ill, disabled, or aged family member or friend during any given year.</span>', '<span style="color: rgb(68, 68, 68); font-family: Arial, sans-serif; font-size: 16px; line-height: 20px; ">Please complete the brief survey.</span>', '', '', '', 'Invitation to participate in a survey', 'Dear {FIRSTNAME},<br /><br />you have been invited to participate in a survey.<br /><br />The survey is titled:<br />"{SURVEYNAME}"<br /><br />"{SURVEYDESCRIPTION}"<br /><br />To participate, please click on the link below.<br /><br />Sincerely,<br /><br />{ADMINNAME} ({ADMINEMAIL})<br /><br />----------------------------------------------<br />Click here to do the survey:<br />{SURVEYURL}<br /><br />If you do not want to participate in this survey and don''t want to receive any more invitations please click the following link:<br />{OPTOUTURL}<br /><br />If you have blacklisted before but want to participate in this survey and want to receive invitations please click the following link:<br />{OPTINURL}', 'Reminder to participate in a survey', 'Dear {FIRSTNAME},<br /><br />Recently we invited you to participate in a survey.<br /><br />We note that you have not yet completed the survey, and wish to remind you that the survey is still available should you wish to take part.<br /><br />The survey is titled:<br />"{SURVEYNAME}"<br /><br />"{SURVEYDESCRIPTION}"<br /><br />To participate, please click on the link below.<br /><br />Sincerely,<br /><br />{ADMINNAME} ({ADMINEMAIL})<br /><br />----------------------------------------------<br />Click here to do the survey:<br />{SURVEYURL}<br /><br />If you do not want to participate in this survey and don''t want to receive any more invitations please click the following link:<br />{OPTOUTURL}', 'Survey registration confirmation', 'Dear {FIRSTNAME},<br /><br />You, or someone using your email address, have registered to participate in an online survey titled {SURVEYNAME}.<br /><br />To complete this survey, click on the following URL:<br /><br />{SURVEYURL}<br /><br />If you have any questions about this survey, or if you did not register to participate and believe this email is in error, please contact {ADMINNAME} at {ADMINEMAIL}.', 'Confirmation of your participation in our survey', 'Dear {FIRSTNAME},<br /><br />this email is to confirm that you have completed the survey titled {SURVEYNAME} and your response has been saved. Thank you for participating.<br /><br />If you have any further questions about this email, please contact {ADMINNAME} on {ADMINEMAIL}.<br /><br />Sincerely,<br /><br />{ADMINNAME}', 1, 'a:0:{}', 'Response submission for survey {SURVEYNAME}', 'Hello,<br /><br />A new response was submitted for your survey ''{SURVEYNAME}''.<br /><br />Click the following link to reload the survey:<br />{RELOADURL}<br /><br />Click the following link to see the individual response:<br />{VIEWRESPONSEURL}<br /><br />Click the following link to edit the individual response:<br />{EDITRESPONSEURL}<br /><br />View statistics by clicking here:<br />{STATISTICSURL}', 'Response submission for survey {SURVEYNAME} with results', '<style type="text/css">\n    .printouttable {\n    margin:1em auto;\n    }\n    .printouttable th {\n    text-align: center;\n    }\n    .printouttable td {\n    border-color: #ddf #ddf #ddf #ddf;\n    border-style: solid;\n    border-width: 1px;\n    padding:0.1em 1em 0.1em 0.5em;\n    }\n\n    .printouttable td:first-child {\n    font-weight: 700;\n    text-align: right;\n    padding-right: 5px;\n    padding-left: 5px;\n\n    }\n    .printouttable .printanswersquestion td{\n    background-color:#F7F8FF;\n    }\n\n    .printouttable .printanswersquestionhead td{\n    text-align: left;\n    background-color:#ddf;\n    }\n\n    .printouttable .printanswersgroup td{\n    text-align: center;\n    font-weight:bold;\n    padding-top:1em;\n    }\n    </style>Hello,<br /><br />A new response was submitted for your survey ''{SURVEYNAME}''.<br /><br />Click the following link to reload the survey:<br />{RELOADURL}<br /><br />Click the following link to see the individual response:<br />{VIEWRESPONSEURL}<br /><br />Click the following link to edit the individual response:<br />{EDITRESPONSEURL}<br /><br />View statistics by clicking here:<br />{STATISTICSURL}<br /><br /><br />The following answers were given by the participant:<br />{ANSWERTABLE}', 0),
(844119, 'en', 'Survey: Challenges For Caregivers', '<span style="color: rgb(109, 110, 113); font-family: Arial, sans-serif; font-size: 16px; line-height: 20px; ">Recent research shows that employees with eldercare responsibilities were more likely to report missed days of work. This was driven by the much higher absenteeism among younger caregiving employees, ages 18 to 39.</span>', '', '', '', '', 'Invitation to participate in a survey', 'Dear {FIRSTNAME},<br /><br />you have been invited to participate in a survey.<br /><br />The survey is titled:<br />"{SURVEYNAME}"<br /><br />"{SURVEYDESCRIPTION}"<br /><br />To participate, please click on the link below.<br /><br />Sincerely,<br /><br />{ADMINNAME} ({ADMINEMAIL})<br /><br />----------------------------------------------<br />Click here to do the survey:<br />{SURVEYURL}<br /><br />If you do not want to participate in this survey and don''t want to receive any more invitations please click the following link:<br />{OPTOUTURL}<br /><br />If you have blacklisted before but want to participate in this survey and want to receive invitations please click the following link:<br />{OPTINURL}', 'Reminder to participate in a survey', 'Dear {FIRSTNAME},<br /><br />Recently we invited you to participate in a survey.<br /><br />We note that you have not yet completed the survey, and wish to remind you that the survey is still available should you wish to take part.<br /><br />The survey is titled:<br />"{SURVEYNAME}"<br /><br />"{SURVEYDESCRIPTION}"<br /><br />To participate, please click on the link below.<br /><br />Sincerely,<br /><br />{ADMINNAME} ({ADMINEMAIL})<br /><br />----------------------------------------------<br />Click here to do the survey:<br />{SURVEYURL}<br /><br />If you do not want to participate in this survey and don''t want to receive any more invitations please click the following link:<br />{OPTOUTURL}', 'Survey registration confirmation', 'Dear {FIRSTNAME},<br /><br />You, or someone using your email address, have registered to participate in an online survey titled {SURVEYNAME}.<br /><br />To complete this survey, click on the following URL:<br /><br />{SURVEYURL}<br /><br />If you have any questions about this survey, or if you did not register to participate and believe this email is in error, please contact {ADMINNAME} at {ADMINEMAIL}.', 'Confirmation of your participation in our survey', 'Dear {FIRSTNAME},<br /><br />this email is to confirm that you have completed the survey titled {SURVEYNAME} and your response has been saved. Thank you for participating.<br /><br />If you have any further questions about this email, please contact {ADMINNAME} on {ADMINEMAIL}.<br /><br />Sincerely,<br /><br />{ADMINNAME}', 1, 'a:0:{}', 'Response submission for survey {SURVEYNAME}', 'Hello,<br /><br />A new response was submitted for your survey ''{SURVEYNAME}''.<br /><br />Click the following link to reload the survey:<br />{RELOADURL}<br /><br />Click the following link to see the individual response:<br />{VIEWRESPONSEURL}<br /><br />Click the following link to edit the individual response:<br />{EDITRESPONSEURL}<br /><br />View statistics by clicking here:<br />{STATISTICSURL}', 'Response submission for survey {SURVEYNAME} with results', '<style type="text/css">\n    .printouttable {\n    margin:1em auto;\n    }\n    .printouttable th {\n    text-align: center;\n    }\n    .printouttable td {\n    border-color: #ddf #ddf #ddf #ddf;\n    border-style: solid;\n    border-width: 1px;\n    padding:0.1em 1em 0.1em 0.5em;\n    }\n\n    .printouttable td:first-child {\n    font-weight: 700;\n    text-align: right;\n    padding-right: 5px;\n    padding-left: 5px;\n\n    }\n    .printouttable .printanswersquestion td{\n    background-color:#F7F8FF;\n    }\n\n    .printouttable .printanswersquestionhead td{\n    text-align: left;\n    background-color:#ddf;\n    }\n\n    .printouttable .printanswersgroup td{\n    text-align: center;\n    font-weight:bold;\n    padding-top:1em;\n    }\n    </style>Hello,<br /><br />A new response was submitted for your survey ''{SURVEYNAME}''.<br /><br />Click the following link to reload the survey:<br />{RELOADURL}<br /><br />Click the following link to see the individual response:<br />{VIEWRESPONSEURL}<br /><br />Click the following link to edit the individual response:<br />{EDITRESPONSEURL}<br /><br />View statistics by clicking here:<br />{STATISTICSURL}<br /><br /><br />The following answers were given by the participant:<br />{ANSWERTABLE}', 0);

-- --------------------------------------------------------

--
-- Table structure for table `lime_survey_419973`
--

DROP TABLE IF EXISTS `lime_survey_419973`;
CREATE TABLE IF NOT EXISTS `lime_survey_419973` (
  `id` int(10) NOT NULL auto_increment,
  `submitdate` datetime default NULL,
  `lastpage` int(10) default NULL,
  `startlanguage` varchar(20) collate utf8_unicode_ci NOT NULL,
  `token` varchar(36) collate utf8_unicode_ci default NULL,
  `datestamp` datetime NOT NULL,
  `startdate` datetime NOT NULL,
  `ipaddr` text collate utf8_unicode_ci,
  `419973X2X11` varchar(5) collate utf8_unicode_ci default NULL,
  `419973X2X12` varchar(5) collate utf8_unicode_ci default NULL,
  `419973X2X13` varchar(5) collate utf8_unicode_ci default NULL,
  `419973X2X141` varchar(5) collate utf8_unicode_ci default NULL,
  `419973X2X142` varchar(5) collate utf8_unicode_ci default NULL,
  `419973X2X143` varchar(5) collate utf8_unicode_ci default NULL,
  `419973X2X144` varchar(5) collate utf8_unicode_ci default NULL,
  `419973X2X145` varchar(5) collate utf8_unicode_ci default NULL,
  `419973X2X146` varchar(5) collate utf8_unicode_ci default NULL,
  `419973X2X147` varchar(5) collate utf8_unicode_ci default NULL,
  `419973X2X15` varchar(5) collate utf8_unicode_ci default NULL,
  `419973X2X161` varchar(5) collate utf8_unicode_ci default NULL,
  `419973X2X162` varchar(5) collate utf8_unicode_ci default NULL,
  `419973X2X163` varchar(5) collate utf8_unicode_ci default NULL,
  `419973X2X164` varchar(5) collate utf8_unicode_ci default NULL,
  `419973X2X165` varchar(5) collate utf8_unicode_ci default NULL,
  `419973X2X171` varchar(5) collate utf8_unicode_ci default NULL,
  `419973X2X172` varchar(5) collate utf8_unicode_ci default NULL,
  `419973X2X173` varchar(5) collate utf8_unicode_ci default NULL,
  `419973X2X174` varchar(5) collate utf8_unicode_ci default NULL,
  `419973X2X175` varchar(5) collate utf8_unicode_ci default NULL,
  `419973X2X176` varchar(5) collate utf8_unicode_ci default NULL,
  `419973X2X18` varchar(5) collate utf8_unicode_ci default NULL,
  `419973X2X19` varchar(5) collate utf8_unicode_ci default NULL,
  `419973X2X201` varchar(5) collate utf8_unicode_ci default NULL,
  `419973X2X202` varchar(5) collate utf8_unicode_ci default NULL,
  `419973X2X203` varchar(5) collate utf8_unicode_ci default NULL,
  `419973X2X204` varchar(5) collate utf8_unicode_ci default NULL,
  `419973X2X205` varchar(5) collate utf8_unicode_ci default NULL,
  `419973X2X206` varchar(5) collate utf8_unicode_ci default NULL,
  `419973X2X207` varchar(5) collate utf8_unicode_ci default NULL,
  PRIMARY KEY  (`id`)
) ENGINE=MyISAM  DEFAULT CHARSET=utf8 COLLATE=utf8_unicode_ci AUTO_INCREMENT=24 ;

--
-- Dumping data for table `lime_survey_419973`
--

INSERT INTO `lime_survey_419973` (`id`, `submitdate`, `lastpage`, `startlanguage`, `token`, `datestamp`, `startdate`, `ipaddr`, `419973X2X11`, `419973X2X12`, `419973X2X13`, `419973X2X141`, `419973X2X142`, `419973X2X143`, `419973X2X144`, `419973X2X145`, `419973X2X146`, `419973X2X147`, `419973X2X15`, `419973X2X161`, `419973X2X162`, `419973X2X163`, `419973X2X164`, `419973X2X165`, `419973X2X171`, `419973X2X172`, `419973X2X173`, `419973X2X174`, `419973X2X175`, `419973X2X176`, `419973X2X18`, `419973X2X19`, `419973X2X201`, `419973X2X202`, `419973X2X203`, `419973X2X204`, `419973X2X205`, `419973X2X206`, `419973X2X207`) VALUES
(23, NULL, NULL, 'en', NULL, '2012-09-01 16:43:27', '2012-09-01 16:43:27', '98.253.33.44', NULL, NULL, NULL, NULL, NULL, NULL, NULL, NULL, NULL, NULL, NULL, NULL, NULL, NULL, NULL, NULL, NULL, NULL, NULL, NULL, NULL, NULL, NULL, NULL, NULL, NULL, NULL, NULL, NULL, NULL, NULL),
(22, NULL, NULL, 'en', NULL, '2012-09-01 16:41:55', '2012-09-01 16:41:55', '98.253.33.44', NULL, NULL, NULL, NULL, NULL, NULL, NULL, NULL, NULL, NULL, NULL, NULL, NULL, NULL, NULL, NULL, NULL, NULL, NULL, NULL, NULL, NULL, NULL, NULL, NULL, NULL, NULL, NULL, NULL, NULL, NULL),
(21, NULL, NULL, 'en', NULL, '2012-09-01 16:41:15', '2012-09-01 16:41:15', '98.253.33.44', NULL, NULL, NULL, NULL, NULL, NULL, NULL, NULL, NULL, NULL, NULL, NULL, NULL, NULL, NULL, NULL, NULL, NULL, NULL, NULL, NULL, NULL, NULL, NULL, NULL, NULL, NULL, NULL, NULL, NULL, NULL),
(20, NULL, NULL, 'en', NULL, '2012-09-01 08:54:25', '2012-09-01 08:54:25', '66.249.71.239', NULL, NULL, NULL, NULL, NULL, NULL, NULL, NULL, NULL, NULL, NULL, NULL, NULL, NULL, NULL, NULL, NULL, NULL, NULL, NULL, NULL, NULL, NULL, NULL, NULL, NULL, NULL, NULL, NULL, NULL, NULL),
(19, NULL, 1, 'en', NULL, '2012-08-31 20:03:34', '2012-08-31 20:03:34', '98.253.33.44', NULL, NULL, NULL, NULL, NULL, NULL, NULL, NULL, NULL, NULL, NULL, NULL, NULL, NULL, NULL, NULL, NULL, NULL, NULL, NULL, NULL, NULL, NULL, NULL, NULL, NULL, NULL, NULL, NULL, NULL, NULL),
(18, NULL, 1, 'en', NULL, '2012-08-31 19:46:19', '2012-08-31 19:46:09', '98.253.33.44', '', '', '', '', '', '', '', '', '', '', '', '', '', '', '', '', '', '', '', '', '', '', '', '', '', '', '', '', '', '', '');

-- --------------------------------------------------------

--
-- Table structure for table `lime_survey_842365`
--

DROP TABLE IF EXISTS `lime_survey_842365`;
CREATE TABLE IF NOT EXISTS `lime_survey_842365` (
  `id` int(10) NOT NULL auto_increment,
  `submitdate` datetime default NULL,
  `lastpage` int(10) default NULL,
  `startlanguage` varchar(20) collate utf8_unicode_ci NOT NULL,
  `token` varchar(36) collate utf8_unicode_ci default NULL,
  `datestamp` datetime NOT NULL,
  `startdate` datetime NOT NULL,
  `ipaddr` text collate utf8_unicode_ci,
  `842365X1X1` varchar(5) collate utf8_unicode_ci default NULL,
  `842365X1X2` varchar(5) collate utf8_unicode_ci default NULL,
  `842365X1X3` varchar(5) collate utf8_unicode_ci default NULL,
  `842365X1X4` varchar(5) collate utf8_unicode_ci default NULL,
  `842365X1X5` varchar(5) collate utf8_unicode_ci default NULL,
  `842365X1X6` varchar(5) collate utf8_unicode_ci default NULL,
  `842365X1X7` varchar(5) collate utf8_unicode_ci default NULL,
  `842365X1X8` varchar(5) collate utf8_unicode_ci default NULL,
  `842365X1X9` varchar(5) collate utf8_unicode_ci default NULL,
  `842365X1X10` varchar(5) collate utf8_unicode_ci default NULL,
  PRIMARY KEY  (`id`)
) ENGINE=MyISAM  DEFAULT CHARSET=utf8 COLLATE=utf8_unicode_ci AUTO_INCREMENT=31 ;

--
-- Dumping data for table `lime_survey_842365`
--

INSERT INTO `lime_survey_842365` (`id`, `submitdate`, `lastpage`, `startlanguage`, `token`, `datestamp`, `startdate`, `ipaddr`, `842365X1X1`, `842365X1X2`, `842365X1X3`, `842365X1X4`, `842365X1X5`, `842365X1X6`, `842365X1X7`, `842365X1X8`, `842365X1X9`, `842365X1X10`) VALUES
(30, NULL, NULL, 'en', NULL, '2012-09-01 16:43:30', '2012-09-01 16:43:30', '98.253.33.44', NULL, NULL, NULL, NULL, NULL, NULL, NULL, NULL, NULL, NULL),
(29, NULL, NULL, 'en', NULL, '2012-09-01 16:41:40', '2012-09-01 16:41:40', '98.253.33.44', NULL, NULL, NULL, NULL, NULL, NULL, NULL, NULL, NULL, NULL),
(28, NULL, NULL, 'en', NULL, '2012-09-01 16:41:21', '2012-09-01 16:41:21', '98.253.33.44', NULL, NULL, NULL, NULL, NULL, NULL, NULL, NULL, NULL, NULL),
(27, NULL, NULL, 'en', NULL, '2012-09-01 08:58:03', '2012-09-01 08:58:03', '66.249.71.239', NULL, NULL, NULL, NULL, NULL, NULL, NULL, NULL, NULL, NULL),
(26, NULL, NULL, 'en', NULL, '2012-08-31 20:03:40', '2012-08-31 20:03:40', '98.253.33.44', NULL, NULL, NULL, NULL, NULL, NULL, NULL, NULL, NULL, NULL);

-- --------------------------------------------------------

--
-- Table structure for table `lime_survey_844119`
--

DROP TABLE IF EXISTS `lime_survey_844119`;
CREATE TABLE IF NOT EXISTS `lime_survey_844119` (
  `id` int(10) NOT NULL auto_increment,
  `submitdate` datetime default NULL,
  `lastpage` int(10) default NULL,
  `startlanguage` varchar(20) collate utf8_unicode_ci NOT NULL,
  `token` varchar(36) collate utf8_unicode_ci default NULL,
  `datestamp` datetime NOT NULL,
  `startdate` datetime NOT NULL,
  `ipaddr` text collate utf8_unicode_ci,
  `844119X3X46` varchar(5) collate utf8_unicode_ci default NULL,
  PRIMARY KEY  (`id`)
) ENGINE=MyISAM  DEFAULT CHARSET=utf8 COLLATE=utf8_unicode_ci AUTO_INCREMENT=104 ;

--
-- Dumping data for table `lime_survey_844119`
--

INSERT INTO `lime_survey_844119` (`id`, `submitdate`, `lastpage`, `startlanguage`, `token`, `datestamp`, `startdate`, `ipaddr`, `844119X3X46`) VALUES
(103, NULL, NULL, 'en', NULL, '2012-09-01 16:43:24', '2012-09-01 16:43:24', '98.253.33.44', NULL),
(102, NULL, NULL, 'en', NULL, '2012-09-01 13:28:43', '2012-09-01 13:28:43', '98.253.33.44', NULL),
(101, NULL, NULL, 'en', NULL, '2012-09-01 13:11:22', '2012-09-01 13:11:22', '98.215.6.86', NULL),
(100, '2012-09-01 13:01:36', 1, 'en', NULL, '2012-09-01 13:01:36', '2012-09-01 13:01:33', '98.215.6.86', '1'),
(99, NULL, NULL, 'en', NULL, '2012-09-01 11:39:31', '2012-09-01 11:39:31', '98.215.6.86', NULL),
(98, NULL, NULL, 'en', NULL, '2012-09-01 09:02:34', '2012-09-01 09:02:34', '66.249.71.239', NULL),
(97, NULL, NULL, 'en', NULL, '2012-08-31 22:47:37', '2012-08-31 22:47:37', '96.42.42.18', NULL),
(96, NULL, NULL, 'en', NULL, '2012-08-31 21:57:53', '2012-08-31 21:57:53', '96.42.42.18', NULL),
(95, NULL, NULL, 'en', NULL, '2012-08-31 21:44:34', '2012-08-31 21:44:34', '98.253.33.44', NULL),
(94, NULL, NULL, 'en', NULL, '2012-08-31 20:43:13', '2012-08-31 20:43:13', '96.42.42.18', NULL);

-- --------------------------------------------------------

--
-- Table structure for table `lime_survey_links`
--

DROP TABLE IF EXISTS `lime_survey_links`;
CREATE TABLE IF NOT EXISTS `lime_survey_links` (
  `participant_id` varchar(50) collate utf8_unicode_ci NOT NULL,
  `token_id` int(11) NOT NULL,
  `survey_id` int(11) NOT NULL,
  `date_created` datetime default NULL,
  `date_invited` datetime default NULL,
  `date_completed` datetime default NULL,
  PRIMARY KEY  (`participant_id`,`token_id`,`survey_id`)
) ENGINE=MyISAM DEFAULT CHARSET=utf8 COLLATE=utf8_unicode_ci;

--
-- Dumping data for table `lime_survey_links`
--


-- --------------------------------------------------------

--
-- Table structure for table `lime_survey_permissions`
--

DROP TABLE IF EXISTS `lime_survey_permissions`;
CREATE TABLE IF NOT EXISTS `lime_survey_permissions` (
  `sid` int(11) NOT NULL,
  `uid` int(11) NOT NULL,
  `permission` varchar(20) collate utf8_unicode_ci NOT NULL,
  `create_p` int(11) NOT NULL default '0',
  `read_p` int(11) NOT NULL default '0',
  `update_p` int(11) NOT NULL default '0',
  `delete_p` int(11) NOT NULL default '0',
  `import_p` int(11) NOT NULL default '0',
  `export_p` int(11) NOT NULL default '0',
  PRIMARY KEY  (`sid`,`uid`,`permission`)
) ENGINE=MyISAM DEFAULT CHARSET=utf8 COLLATE=utf8_unicode_ci;

--
-- Dumping data for table `lime_survey_permissions`
--

INSERT INTO `lime_survey_permissions` (`sid`, `uid`, `permission`, `create_p`, `read_p`, `update_p`, `delete_p`, `import_p`, `export_p`) VALUES
(842365, 1, 'assessments', 1, 1, 1, 1, 0, 0),
(842365, 1, 'translations', 0, 1, 1, 0, 0, 0),
(842365, 1, 'quotas', 1, 1, 1, 1, 0, 0),
(842365, 1, 'responses', 1, 1, 1, 1, 1, 1),
(842365, 1, 'statistics', 0, 1, 0, 0, 0, 0),
(842365, 1, 'surveyactivation', 0, 0, 1, 0, 0, 0),
(842365, 1, 'surveycontent', 1, 1, 1, 1, 1, 1),
(842365, 1, 'survey', 0, 1, 0, 1, 0, 0),
(842365, 1, 'surveylocale', 0, 1, 1, 0, 0, 0),
(842365, 1, 'surveysecurity', 1, 1, 1, 1, 0, 0),
(842365, 1, 'surveysettings', 0, 1, 1, 0, 0, 0),
(842365, 1, 'tokens', 1, 1, 1, 1, 1, 1),
(419973, 1, 'assessments', 1, 1, 1, 1, 0, 0),
(419973, 1, 'translations', 0, 1, 1, 0, 0, 0),
(419973, 1, 'quotas', 1, 1, 1, 1, 0, 0),
(419973, 1, 'responses', 1, 1, 1, 1, 1, 1),
(419973, 1, 'statistics', 0, 1, 0, 0, 0, 0),
(419973, 1, 'surveyactivation', 0, 0, 1, 0, 0, 0),
(419973, 1, 'surveycontent', 1, 1, 1, 1, 1, 1),
(419973, 1, 'survey', 0, 1, 0, 1, 0, 0),
(419973, 1, 'surveylocale', 0, 1, 1, 0, 0, 0),
(419973, 1, 'surveysecurity', 1, 1, 1, 1, 0, 0),
(419973, 1, 'surveysettings', 0, 1, 1, 0, 0, 0),
(419973, 1, 'tokens', 1, 1, 1, 1, 1, 1),
(844119, 1, 'assessments', 1, 1, 1, 1, 0, 0),
(844119, 1, 'translations', 0, 1, 1, 0, 0, 0),
(844119, 1, 'quotas', 1, 1, 1, 1, 0, 0),
(844119, 1, 'responses', 1, 1, 1, 1, 1, 1),
(844119, 1, 'statistics', 0, 1, 0, 0, 0, 0),
(844119, 1, 'surveyactivation', 0, 0, 1, 0, 0, 0),
(844119, 1, 'surveycontent', 1, 1, 1, 1, 1, 1),
(844119, 1, 'survey', 0, 1, 0, 1, 0, 0),
(844119, 1, 'surveylocale', 0, 1, 1, 0, 0, 0),
(844119, 1, 'surveysecurity', 1, 1, 1, 1, 0, 0),
(844119, 1, 'surveysettings', 0, 1, 1, 0, 0, 0),
(844119, 1, 'tokens', 1, 1, 1, 1, 1, 1);

-- --------------------------------------------------------

--
-- Table structure for table `lime_survey_url_parameters`
--

DROP TABLE IF EXISTS `lime_survey_url_parameters`;
CREATE TABLE IF NOT EXISTS `lime_survey_url_parameters` (
  `id` int(11) NOT NULL auto_increment,
  `sid` int(11) NOT NULL,
  `parameter` varchar(50) collate utf8_unicode_ci NOT NULL,
  `targetqid` int(11) default NULL,
  `targetsqid` int(11) default NULL,
  PRIMARY KEY  (`id`)
) ENGINE=MyISAM DEFAULT CHARSET=utf8 COLLATE=utf8_unicode_ci AUTO_INCREMENT=1 ;

--
-- Dumping data for table `lime_survey_url_parameters`
--


-- --------------------------------------------------------

--
-- Table structure for table `lime_templates`
--

DROP TABLE IF EXISTS `lime_templates`;
CREATE TABLE IF NOT EXISTS `lime_templates` (
  `folder` varchar(255) collate utf8_unicode_ci NOT NULL,
  `creator` int(11) NOT NULL,
  PRIMARY KEY  (`folder`)
) ENGINE=MyISAM DEFAULT CHARSET=utf8 COLLATE=utf8_unicode_ci;

--
-- Dumping data for table `lime_templates`
--


-- --------------------------------------------------------

--
-- Table structure for table `lime_templates_rights`
--

DROP TABLE IF EXISTS `lime_templates_rights`;
CREATE TABLE IF NOT EXISTS `lime_templates_rights` (
  `uid` int(11) NOT NULL,
  `folder` varchar(255) collate utf8_unicode_ci NOT NULL,
  `use` int(11) NOT NULL,
  PRIMARY KEY  (`uid`,`folder`)
) ENGINE=MyISAM DEFAULT CHARSET=utf8 COLLATE=utf8_unicode_ci;

--
-- Dumping data for table `lime_templates_rights`
--


-- --------------------------------------------------------

--
-- Table structure for table `lime_users`
--

DROP TABLE IF EXISTS `lime_users`;
CREATE TABLE IF NOT EXISTS `lime_users` (
  `uid` int(11) NOT NULL auto_increment,
  `users_name` varchar(64) collate utf8_unicode_ci NOT NULL default '',
  `password` blob NOT NULL,
  `full_name` varchar(50) collate utf8_unicode_ci NOT NULL,
  `parent_id` int(11) NOT NULL,
  `lang` varchar(20) collate utf8_unicode_ci default NULL,
  `email` varchar(320) collate utf8_unicode_ci default NULL,
  `create_survey` int(11) NOT NULL default '0',
  `create_user` int(11) NOT NULL default '0',
  `participant_panel` int(11) NOT NULL default '0',
  `delete_user` int(11) NOT NULL default '0',
  `superadmin` int(11) NOT NULL default '0',
  `configurator` int(11) NOT NULL default '0',
  `manage_template` int(11) NOT NULL default '0',
  `manage_label` int(11) NOT NULL default '0',
  `htmleditormode` varchar(7) collate utf8_unicode_ci default 'default',
  `templateeditormode` varchar(7) collate utf8_unicode_ci default 'default',
  `questionselectormode` varchar(7) collate utf8_unicode_ci default 'default',
  `dateformat` int(11) NOT NULL default '1',
  `one_time_pw` blob,
  PRIMARY KEY  (`uid`),
  UNIQUE KEY `users_name` (`users_name`)
) ENGINE=MyISAM  DEFAULT CHARSET=utf8 COLLATE=utf8_unicode_ci AUTO_INCREMENT=2 ;

--
-- Dumping data for table `lime_users`
--

INSERT INTO `lime_users` (`uid`, `users_name`, `password`, `full_name`, `parent_id`, `lang`, `email`, `create_survey`, `create_user`, `participant_panel`, `delete_user`, `superadmin`, `configurator`, `manage_template`, `manage_label`, `htmleditormode`, `templateeditormode`, `questionselectormode`, `dateformat`, `one_time_pw`) VALUES
(1, 'c145190-h222718', 0x38363733366639623537643564333434363931666437313461346630326232376439623439316138343731666230376138643133306164663838316533353066, 'Jon Woodall', 0, 'en', 'jwoodall@matherlifeways.com', 1, 1, 1, 1, 1, 1, 1, 1, 'default', 'default', 'default', 1, NULL);

-- --------------------------------------------------------

--
-- Table structure for table `lime_user_groups`
--

DROP TABLE IF EXISTS `lime_user_groups`;
CREATE TABLE IF NOT EXISTS `lime_user_groups` (
  `ugid` int(11) NOT NULL auto_increment,
  `name` varchar(20) collate utf8_unicode_ci NOT NULL,
  `description` text collate utf8_unicode_ci NOT NULL,
  `owner_id` int(11) NOT NULL,
  PRIMARY KEY  (`ugid`),
  UNIQUE KEY `name` (`name`)
) ENGINE=MyISAM DEFAULT CHARSET=utf8 COLLATE=utf8_unicode_ci AUTO_INCREMENT=1 ;

--
-- Dumping data for table `lime_user_groups`
--


-- --------------------------------------------------------

--
-- Table structure for table `lime_user_in_groups`
--

DROP TABLE IF EXISTS `lime_user_in_groups`;
CREATE TABLE IF NOT EXISTS `lime_user_in_groups` (
  `ugid` int(11) NOT NULL,
  `uid` int(11) NOT NULL,
  PRIMARY KEY  (`ugid`,`uid`)
) ENGINE=MyISAM DEFAULT CHARSET=utf8 COLLATE=utf8_unicode_ci;

--
-- Dumping data for table `lime_user_in_groups`
--


-- --------------------------------------------------------

--
-- Table structure for table `onlinecourseportal_age_group`
--

DROP TABLE IF EXISTS `onlinecourseportal_age_group`;
CREATE TABLE IF NOT EXISTS `onlinecourseportal_age_group` (
  `id` int(11) NOT NULL auto_increment,
  `name` varchar(255) collate utf8_unicode_ci NOT NULL,
  PRIMARY KEY  (`id`)
) ENGINE=MyISAM  DEFAULT CHARSET=utf8 COLLATE=utf8_unicode_ci AUTO_INCREMENT=6 ;

--
-- Dumping data for table `onlinecourseportal_age_group`
--

INSERT INTO `onlinecourseportal_age_group` (`id`, `name`) VALUES
(1, 'under 45'),
(2, '45 to 49'),
(3, '50 to 54'),
(4, '55 to 59'),
(5, '60+');

-- --------------------------------------------------------

--
-- Table structure for table `onlinecourseportal_avatar`
--

DROP TABLE IF EXISTS `onlinecourseportal_avatar`;
CREATE TABLE IF NOT EXISTS `onlinecourseportal_avatar` (
  `user_id` int(11) NOT NULL,
  `mime_type` varchar(16) collate utf8_unicode_ci NOT NULL,
  `size` int(11) NOT NULL,
  `name` char(40) collate utf8_unicode_ci NOT NULL,
  PRIMARY KEY  (`user_id`)
) ENGINE=MyISAM DEFAULT CHARSET=utf8 COLLATE=utf8_unicode_ci;

--
-- Dumping data for table `onlinecourseportal_avatar`
--


-- --------------------------------------------------------

--
-- Table structure for table `onlinecourseportal_country`
--

DROP TABLE IF EXISTS `onlinecourseportal_country`;
CREATE TABLE IF NOT EXISTS `onlinecourseportal_country` (
  `iso` char(2) collate utf8_unicode_ci NOT NULL,
  `name` varchar(80) collate utf8_unicode_ci NOT NULL,
  `printable_name` varchar(80) collate utf8_unicode_ci NOT NULL,
  `iso3` char(3) collate utf8_unicode_ci default NULL,
  `numcode` smallint(6) default NULL,
  PRIMARY KEY  (`iso`)
) ENGINE=MyISAM DEFAULT CHARSET=utf8 COLLATE=utf8_unicode_ci;

--
-- Dumping data for table `onlinecourseportal_country`
--

INSERT INTO `onlinecourseportal_country` (`iso`, `name`, `printable_name`, `iso3`, `numcode`) VALUES
('AF', 'AFGHANISTAN', 'Afghanistan', 'AFG', 4),
('AL', 'ALBANIA', 'Albania', 'ALB', 8),
('DZ', 'ALGERIA', 'Algeria', 'DZA', 12),
('AS', 'AMERICAN SAMOA', 'American Samoa', 'ASM', 16),
('AD', 'ANDORRA', 'Andorra', 'AND', 20),
('AO', 'ANGOLA', 'Angola', 'AGO', 24),
('AI', 'ANGUILLA', 'Anguilla', 'AIA', 660),
('AQ', 'ANTARCTICA', 'Antarctica', NULL, NULL),
('AG', 'ANTIGUA AND BARBUDA', 'Antigua and Barbuda', 'ATG', 28),
('AR', 'ARGENTINA', 'Argentina', 'ARG', 32),
('AM', 'ARMENIA', 'Armenia', 'ARM', 51),
('AW', 'ARUBA', 'Aruba', 'ABW', 533),
('AU', 'AUSTRALIA', 'Australia', 'AUS', 36),
('AT', 'AUSTRIA', 'Austria', 'AUT', 40),
('AZ', 'AZERBAIJAN', 'Azerbaijan', 'AZE', 31),
('BS', 'BAHAMAS', 'Bahamas', 'BHS', 44),
('BH', 'BAHRAIN', 'Bahrain', 'BHR', 48),
('BD', 'BANGLADESH', 'Bangladesh', 'BGD', 50),
('BB', 'BARBADOS', 'Barbados', 'BRB', 52),
('BY', 'BELARUS', 'Belarus', 'BLR', 112),
('BE', 'BELGIUM', 'Belgium', 'BEL', 56),
('BZ', 'BELIZE', 'Belize', 'BLZ', 84),
('BJ', 'BENIN', 'Benin', 'BEN', 204),
('BM', 'BERMUDA', 'Bermuda', 'BMU', 60),
('BT', 'BHUTAN', 'Bhutan', 'BTN', 64),
('BO', 'BOLIVIA', 'Bolivia', 'BOL', 68),
('BA', 'BOSNIA AND HERZEGOVINA', 'Bosnia and Herzegovina', 'BIH', 70),
('BW', 'BOTSWANA', 'Botswana', 'BWA', 72),
('BV', 'BOUVET ISLAND', 'Bouvet Island', NULL, NULL),
('BR', 'BRAZIL', 'Brazil', 'BRA', 76),
('IO', 'BRITISH INDIAN OCEAN TERRITORY', 'British Indian Ocean Territory', NULL, NULL),
('BN', 'BRUNEI DARUSSALAM', 'Brunei Darussalam', 'BRN', 96),
('BG', 'BULGARIA', 'Bulgaria', 'BGR', 100),
('BF', 'BURKINA FASO', 'Burkina Faso', 'BFA', 854),
('BI', 'BURUNDI', 'Burundi', 'BDI', 108),
('KH', 'CAMBODIA', 'Cambodia', 'KHM', 116),
('CM', 'CAMEROON', 'Cameroon', 'CMR', 120),
('CA', 'CANADA', 'Canada', 'CAN', 124),
('CV', 'CAPE VERDE', 'Cape Verde', 'CPV', 132),
('KY', 'CAYMAN ISLANDS', 'Cayman Islands', 'CYM', 136),
('CF', 'CENTRAL AFRICAN REPUBLIC', 'Central African Republic', 'CAF', 140),
('TD', 'CHAD', 'Chad', 'TCD', 148),
('CL', 'CHILE', 'Chile', 'CHL', 152),
('CN', 'CHINA', 'China', 'CHN', 156),
('CX', 'CHRISTMAS ISLAND', 'Christmas Island', NULL, NULL),
('CC', 'COCOS (KEELING) ISLANDS', 'Cocos (Keeling) Islands', NULL, NULL),
('CO', 'COLOMBIA', 'Colombia', 'COL', 170),
('KM', 'COMOROS', 'Comoros', 'COM', 174),
('CG', 'CONGO', 'Congo', 'COG', 178),
('CD', 'CONGO, THE DEMOCRATIC REPUBLIC OF THE', 'Congo, the Democratic Republic of the', 'COD', 180),
('CK', 'COOK ISLANDS', 'Cook Islands', 'COK', 184),
('CR', 'COSTA RICA', 'Costa Rica', 'CRI', 188),
('CI', 'COTE D''IVOIRE', 'Cote D''Ivoire', 'CIV', 384),
('HR', 'CROATIA', 'Croatia', 'HRV', 191),
('CU', 'CUBA', 'Cuba', 'CUB', 192),
('CY', 'CYPRUS', 'Cyprus', 'CYP', 196),
('CZ', 'CZECH REPUBLIC', 'Czech Republic', 'CZE', 203),
('DK', 'DENMARK', 'Denmark', 'DNK', 208),
('DJ', 'DJIBOUTI', 'Djibouti', 'DJI', 262),
('DM', 'DOMINICA', 'Dominica', 'DMA', 212),
('DO', 'DOMINICAN REPUBLIC', 'Dominican Republic', 'DOM', 214),
('EC', 'ECUADOR', 'Ecuador', 'ECU', 218),
('EG', 'EGYPT', 'Egypt', 'EGY', 818),
('SV', 'EL SALVADOR', 'El Salvador', 'SLV', 222),
('GQ', 'EQUATORIAL GUINEA', 'Equatorial Guinea', 'GNQ', 226),
('ER', 'ERITREA', 'Eritrea', 'ERI', 232),
('EE', 'ESTONIA', 'Estonia', 'EST', 233),
('ET', 'ETHIOPIA', 'Ethiopia', 'ETH', 231),
('FK', 'FALKLAND ISLANDS (MALVINAS)', 'Falkland Islands (Malvinas)', 'FLK', 238),
('FO', 'FAROE ISLANDS', 'Faroe Islands', 'FRO', 234),
('FJ', 'FIJI', 'Fiji', 'FJI', 242),
('FI', 'FINLAND', 'Finland', 'FIN', 246),
('FR', 'FRANCE', 'France', 'FRA', 250),
('GF', 'FRENCH GUIANA', 'French Guiana', 'GUF', 254),
('PF', 'FRENCH POLYNESIA', 'French Polynesia', 'PYF', 258),
('TF', 'FRENCH SOUTHERN TERRITORIES', 'French Southern Territories', NULL, NULL),
('GA', 'GABON', 'Gabon', 'GAB', 266),
('GM', 'GAMBIA', 'Gambia', 'GMB', 270),
('GE', 'GEORGIA', 'Georgia', 'GEO', 268),
('DE', 'GERMANY', 'Germany', 'DEU', 276),
('GH', 'GHANA', 'Ghana', 'GHA', 288),
('GI', 'GIBRALTAR', 'Gibraltar', 'GIB', 292),
('GR', 'GREECE', 'Greece', 'GRC', 300),
('GL', 'GREENLAND', 'Greenland', 'GRL', 304),
('GD', 'GRENADA', 'Grenada', 'GRD', 308),
('GP', 'GUADELOUPE', 'Guadeloupe', 'GLP', 312),
('GU', 'GUAM', 'Guam', 'GUM', 316),
('GT', 'GUATEMALA', 'Guatemala', 'GTM', 320),
('GN', 'GUINEA', 'Guinea', 'GIN', 324),
('GW', 'GUINEA-BISSAU', 'Guinea-Bissau', 'GNB', 624),
('GY', 'GUYANA', 'Guyana', 'GUY', 328),
('HT', 'HAITI', 'Haiti', 'HTI', 332),
('HM', 'HEARD ISLAND AND MCDONALD ISLANDS', 'Heard Island and Mcdonald Islands', NULL, NULL),
('VA', 'HOLY SEE (VATICAN CITY STATE)', 'Holy See (Vatican City State)', 'VAT', 336),
('HN', 'HONDURAS', 'Honduras', 'HND', 340),
('HK', 'HONG KONG', 'Hong Kong', 'HKG', 344),
('HU', 'HUNGARY', 'Hungary', 'HUN', 348),
('IS', 'ICELAND', 'Iceland', 'ISL', 352),
('IN', 'INDIA', 'India', 'IND', 356),
('ID', 'INDONESIA', 'Indonesia', 'IDN', 360),
('IR', 'IRAN, ISLAMIC REPUBLIC OF', 'Iran, Islamic Republic of', 'IRN', 364),
('IQ', 'IRAQ', 'Iraq', 'IRQ', 368),
('IE', 'IRELAND', 'Ireland', 'IRL', 372),
('IL', 'ISRAEL', 'Israel', 'ISR', 376),
('IT', 'ITALY', 'Italy', 'ITA', 380),
('JM', 'JAMAICA', 'Jamaica', 'JAM', 388),
('JP', 'JAPAN', 'Japan', 'JPN', 392),
('JO', 'JORDAN', 'Jordan', 'JOR', 400),
('KZ', 'KAZAKHSTAN', 'Kazakhstan', 'KAZ', 398),
('KE', 'KENYA', 'Kenya', 'KEN', 404),
('KI', 'KIRIBATI', 'Kiribati', 'KIR', 296),
('KP', 'KOREA, DEMOCRATIC PEOPLE''S REPUBLIC OF', 'Korea, Democratic People''s Republic of', 'PRK', 408),
('KR', 'KOREA, REPUBLIC OF', 'Korea, Republic of', 'KOR', 410),
('KW', 'KUWAIT', 'Kuwait', 'KWT', 414),
('KG', 'KYRGYZSTAN', 'Kyrgyzstan', 'KGZ', 417),
('LA', 'LAO PEOPLE''S DEMOCRATIC REPUBLIC', 'Lao People''s Democratic Republic', 'LAO', 418),
('LV', 'LATVIA', 'Latvia', 'LVA', 428),
('LB', 'LEBANON', 'Lebanon', 'LBN', 422),
('LS', 'LESOTHO', 'Lesotho', 'LSO', 426),
('LR', 'LIBERIA', 'Liberia', 'LBR', 430),
('LY', 'LIBYAN ARAB JAMAHIRIYA', 'Libyan Arab Jamahiriya', 'LBY', 434),
('LI', 'LIECHTENSTEIN', 'Liechtenstein', 'LIE', 438),
('LT', 'LITHUANIA', 'Lithuania', 'LTU', 440),
('LU', 'LUXEMBOURG', 'Luxembourg', 'LUX', 442),
('MO', 'MACAO', 'Macao', 'MAC', 446),
('MK', 'MACEDONIA, THE FORMER YUGOSLAV REPUBLIC OF', 'Macedonia, the Former Yugoslav Republic of', 'MKD', 807),
('MG', 'MADAGASCAR', 'Madagascar', 'MDG', 450),
('MW', 'MALAWI', 'Malawi', 'MWI', 454),
('MY', 'MALAYSIA', 'Malaysia', 'MYS', 458),
('MV', 'MALDIVES', 'Maldives', 'MDV', 462),
('ML', 'MALI', 'Mali', 'MLI', 466),
('MT', 'MALTA', 'Malta', 'MLT', 470),
('MH', 'MARSHALL ISLANDS', 'Marshall Islands', 'MHL', 584),
('MQ', 'MARTINIQUE', 'Martinique', 'MTQ', 474),
('MR', 'MAURITANIA', 'Mauritania', 'MRT', 478),
('MU', 'MAURITIUS', 'Mauritius', 'MUS', 480),
('YT', 'MAYOTTE', 'Mayotte', NULL, NULL),
('MX', 'MEXICO', 'Mexico', 'MEX', 484),
('FM', 'MICRONESIA, FEDERATED STATES OF', 'Micronesia, Federated States of', 'FSM', 583),
('MD', 'MOLDOVA, REPUBLIC OF', 'Moldova, Republic of', 'MDA', 498),
('MC', 'MONACO', 'Monaco', 'MCO', 492),
('MN', 'MONGOLIA', 'Mongolia', 'MNG', 496),
('MS', 'MONTSERRAT', 'Montserrat', 'MSR', 500),
('MA', 'MOROCCO', 'Morocco', 'MAR', 504),
('MZ', 'MOZAMBIQUE', 'Mozambique', 'MOZ', 508),
('MM', 'MYANMAR', 'Myanmar', 'MMR', 104),
('NA', 'NAMIBIA', 'Namibia', 'NAM', 516),
('NR', 'NAURU', 'Nauru', 'NRU', 520),
('NP', 'NEPAL', 'Nepal', 'NPL', 524),
('NL', 'NETHERLANDS', 'Netherlands', 'NLD', 528),
('AN', 'NETHERLANDS ANTILLES', 'Netherlands Antilles', 'ANT', 530),
('NC', 'NEW CALEDONIA', 'New Caledonia', 'NCL', 540),
('NZ', 'NEW ZEALAND', 'New Zealand', 'NZL', 554),
('NI', 'NICARAGUA', 'Nicaragua', 'NIC', 558),
('NE', 'NIGER', 'Niger', 'NER', 562),
('NG', 'NIGERIA', 'Nigeria', 'NGA', 566),
('NU', 'NIUE', 'Niue', 'NIU', 570),
('NF', 'NORFOLK ISLAND', 'Norfolk Island', 'NFK', 574),
('MP', 'NORTHERN MARIANA ISLANDS', 'Northern Mariana Islands', 'MNP', 580),
('NO', 'NORWAY', 'Norway', 'NOR', 578),
('OM', 'OMAN', 'Oman', 'OMN', 512),
('PK', 'PAKISTAN', 'Pakistan', 'PAK', 586),
('PW', 'PALAU', 'Palau', 'PLW', 585),
('PS', 'PALESTINIAN TERRITORY, OCCUPIED', 'Palestinian Territory, Occupied', NULL, NULL),
('PA', 'PANAMA', 'Panama', 'PAN', 591),
('PG', 'PAPUA NEW GUINEA', 'Papua New Guinea', 'PNG', 598),
('PY', 'PARAGUAY', 'Paraguay', 'PRY', 600),
('PE', 'PERU', 'Peru', 'PER', 604),
('PH', 'PHILIPPINES', 'Philippines', 'PHL', 608),
('PN', 'PITCAIRN', 'Pitcairn', 'PCN', 612),
('PL', 'POLAND', 'Poland', 'POL', 616),
('PT', 'PORTUGAL', 'Portugal', 'PRT', 620),
('PR', 'PUERTO RICO', 'Puerto Rico', 'PRI', 630),
('QA', 'QATAR', 'Qatar', 'QAT', 634),
('RE', 'REUNION', 'Reunion', 'REU', 638),
('RO', 'ROMANIA', 'Romania', 'ROM', 642),
('RU', 'RUSSIAN FEDERATION', 'Russian Federation', 'RUS', 643),
('RW', 'RWANDA', 'Rwanda', 'RWA', 646),
('SH', 'SAINT HELENA', 'Saint Helena', 'SHN', 654),
('KN', 'SAINT KITTS AND NEVIS', 'Saint Kitts and Nevis', 'KNA', 659),
('LC', 'SAINT LUCIA', 'Saint Lucia', 'LCA', 662),
('PM', 'SAINT PIERRE AND MIQUELON', 'Saint Pierre and Miquelon', 'SPM', 666),
('VC', 'SAINT VINCENT AND THE GRENADINES', 'Saint Vincent and the Grenadines', 'VCT', 670),
('WS', 'SAMOA', 'Samoa', 'WSM', 882),
('SM', 'SAN MARINO', 'San Marino', 'SMR', 674),
('ST', 'SAO TOME AND PRINCIPE', 'Sao Tome and Principe', 'STP', 678),
('SA', 'SAUDI ARABIA', 'Saudi Arabia', 'SAU', 682),
('SN', 'SENEGAL', 'Senegal', 'SEN', 686),
('CS', 'SERBIA AND MONTENEGRO', 'Serbia and Montenegro', NULL, NULL),
('SC', 'SEYCHELLES', 'Seychelles', 'SYC', 690),
('SL', 'SIERRA LEONE', 'Sierra Leone', 'SLE', 694),
('SG', 'SINGAPORE', 'Singapore', 'SGP', 702),
('SK', 'SLOVAKIA', 'Slovakia', 'SVK', 703),
('SI', 'SLOVENIA', 'Slovenia', 'SVN', 705),
('SB', 'SOLOMON ISLANDS', 'Solomon Islands', 'SLB', 90),
('SO', 'SOMALIA', 'Somalia', 'SOM', 706),
('ZA', 'SOUTH AFRICA', 'South Africa', 'ZAF', 710),
('GS', 'SOUTH GEORGIA AND THE SOUTH SANDWICH ISLANDS', 'South Georgia and the South Sandwich Islands', NULL, NULL),
('ES', 'SPAIN', 'Spain', 'ESP', 724),
('LK', 'SRI LANKA', 'Sri Lanka', 'LKA', 144),
('SD', 'SUDAN', 'Sudan', 'SDN', 736),
('SR', 'SURINAME', 'Suriname', 'SUR', 740),
('SJ', 'SVALBARD AND JAN MAYEN', 'Svalbard and Jan Mayen', 'SJM', 744),
('SZ', 'SWAZILAND', 'Swaziland', 'SWZ', 748),
('SE', 'SWEDEN', 'Sweden', 'SWE', 752),
('CH', 'SWITZERLAND', 'Switzerland', 'CHE', 756),
('SY', 'SYRIAN ARAB REPUBLIC', 'Syrian Arab Republic', 'SYR', 760),
('TW', 'TAIWAN, PROVINCE OF CHINA', 'Taiwan, Province of China', 'TWN', 158),
('TJ', 'TAJIKISTAN', 'Tajikistan', 'TJK', 762),
('TZ', 'TANZANIA, UNITED REPUBLIC OF', 'Tanzania, United Republic of', 'TZA', 834),
('TH', 'THAILAND', 'Thailand', 'THA', 764),
('TL', 'TIMOR-LESTE', 'Timor-Leste', NULL, NULL),
('TG', 'TOGO', 'Togo', 'TGO', 768),
('TK', 'TOKELAU', 'Tokelau', 'TKL', 772),
('TO', 'TONGA', 'Tonga', 'TON', 776),
('TT', 'TRINIDAD AND TOBAGO', 'Trinidad and Tobago', 'TTO', 780),
('TN', 'TUNISIA', 'Tunisia', 'TUN', 788),
('TR', 'TURKEY', 'Turkey', 'TUR', 792),
('TM', 'TURKMENISTAN', 'Turkmenistan', 'TKM', 795),
('TC', 'TURKS AND CAICOS ISLANDS', 'Turks and Caicos Islands', 'TCA', 796),
('TV', 'TUVALU', 'Tuvalu', 'TUV', 798),
('UG', 'UGANDA', 'Uganda', 'UGA', 800),
('UA', 'UKRAINE', 'Ukraine', 'UKR', 804),
('AE', 'UNITED ARAB EMIRATES', 'United Arab Emirates', 'ARE', 784),
('GB', 'UNITED KINGDOM', 'United Kingdom', 'GBR', 826),
('US', 'UNITED STATES', 'United States', 'USA', 840),
('UM', 'UNITED STATES MINOR OUTLYING ISLANDS', 'United States Minor Outlying Islands', NULL, NULL),
('UY', 'URUGUAY', 'Uruguay', 'URY', 858),
('UZ', 'UZBEKISTAN', 'Uzbekistan', 'UZB', 860),
('VU', 'VANUATU', 'Vanuatu', 'VUT', 548),
('VE', 'VENEZUELA', 'Venezuela', 'VEN', 862),
('VN', 'VIET NAM', 'Viet Nam', 'VNM', 704),
('VG', 'VIRGIN ISLANDS, BRITISH', 'Virgin Islands, British', 'VGB', 92),
('VI', 'VIRGIN ISLANDS, U.S.', 'Virgin Islands, U.s.', 'VIR', 850),
('WF', 'WALLIS AND FUTUNA', 'Wallis and Futuna', 'WLF', 876),
('EH', 'WESTERN SAHARA', 'Western Sahara', 'ESH', 732),
('YE', 'YEMEN', 'Yemen', 'YEM', 887),
('ZM', 'ZAMBIA', 'Zambia', 'ZMB', 894),
('ZW', 'ZIMBABWE', 'Zimbabwe', 'ZWE', 716);

-- --------------------------------------------------------

--
-- Table structure for table `onlinecourseportal_employer_domain`
--

DROP TABLE IF EXISTS `onlinecourseportal_employer_domain`;
CREATE TABLE IF NOT EXISTS `onlinecourseportal_employer_domain` (
  `id` int(11) NOT NULL auto_increment,
  `name` varchar(255) collate utf8_unicode_ci NOT NULL,
  PRIMARY KEY  (`id`),
  UNIQUE KEY `domain` (`name`)
) ENGINE=MyISAM  DEFAULT CHARSET=utf8 COLLATE=utf8_unicode_ci AUTO_INCREMENT=4 ;

--
-- Dumping data for table `onlinecourseportal_employer_domain`
--

INSERT INTO `onlinecourseportal_employer_domain` (`id`, `name`) VALUES
(1, 'ibm.com'),
(3, 'merck.com'),
(2, 'ti.com');

-- --------------------------------------------------------

--
-- Table structure for table `onlinecourseportal_employment_status`
--

DROP TABLE IF EXISTS `onlinecourseportal_employment_status`;
CREATE TABLE IF NOT EXISTS `onlinecourseportal_employment_status` (
  `id` int(11) NOT NULL auto_increment,
  `name` varchar(255) collate utf8_unicode_ci NOT NULL,
  PRIMARY KEY  (`id`)
) ENGINE=MyISAM  DEFAULT CHARSET=utf8 COLLATE=utf8_unicode_ci AUTO_INCREMENT=7 ;

--
-- Dumping data for table `onlinecourseportal_employment_status`
--

INSERT INTO `onlinecourseportal_employment_status` (`id`, `name`) VALUES
(1, 'Full-time'),
(2, 'Part-time'),
(3, 'Retired'),
(4, 'Intern'),
(5, 'Consultant'),
(6, 'Partner of Employee');

-- --------------------------------------------------------

--
-- Table structure for table `onlinecourseportal_forum_post`
--

DROP TABLE IF EXISTS `onlinecourseportal_forum_post`;
CREATE TABLE IF NOT EXISTS `onlinecourseportal_forum_post` (
  `id` int(255) NOT NULL auto_increment,
  `topic_id` int(11) NOT NULL,
  `user_id` int(11) NOT NULL,
  `created` datetime NOT NULL,
  `updated` datetime NOT NULL,
  `title` varchar(255) collate utf8_unicode_ci NOT NULL,
  `main_text` text collate utf8_unicode_ci NOT NULL,
  PRIMARY KEY  (`id`),
  KEY `user_id` (`user_id`),
  KEY `topic_id` (`topic_id`)
) ENGINE=MyISAM DEFAULT CHARSET=utf8 COLLATE=utf8_unicode_ci AUTO_INCREMENT=1 ;

--
-- Dumping data for table `onlinecourseportal_forum_post`
--


-- --------------------------------------------------------

--
-- Table structure for table `onlinecourseportal_forum_section`
--

DROP TABLE IF EXISTS `onlinecourseportal_forum_section`;
CREATE TABLE IF NOT EXISTS `onlinecourseportal_forum_section` (
  `id` int(11) NOT NULL auto_increment,
  `name` varchar(256) collate utf8_unicode_ci NOT NULL,
  PRIMARY KEY  (`id`)
) ENGINE=MyISAM  DEFAULT CHARSET=utf8 COLLATE=utf8_unicode_ci AUTO_INCREMENT=2 ;

--
-- Dumping data for table `onlinecourseportal_forum_section`
--

INSERT INTO `onlinecourseportal_forum_section` (`id`, `name`) VALUES
(1, 'Use this area to post your topics');

-- --------------------------------------------------------

--
-- Table structure for table `onlinecourseportal_forum_topic`
--

DROP TABLE IF EXISTS `onlinecourseportal_forum_topic`;
CREATE TABLE IF NOT EXISTS `onlinecourseportal_forum_topic` (
  `id` int(11) NOT NULL auto_increment,
  `section_id` int(11) NOT NULL,
  `user_id` int(11) NOT NULL,
  `date_created` timestamp NOT NULL default CURRENT_TIMESTAMP,
  `name` varchar(256) collate utf8_unicode_ci NOT NULL,
  PRIMARY KEY  (`id`),
  KEY `user_id` (`user_id`),
  KEY `section_id` (`section_id`)
) ENGINE=MyISAM DEFAULT CHARSET=utf8 COLLATE=utf8_unicode_ci AUTO_INCREMENT=1 ;

--
-- Dumping data for table `onlinecourseportal_forum_topic`
--


-- --------------------------------------------------------

--
-- Table structure for table `onlinecourseportal_group`
--

DROP TABLE IF EXISTS `onlinecourseportal_group`;
CREATE TABLE IF NOT EXISTS `onlinecourseportal_group` (
  `id` int(11) NOT NULL auto_increment,
  `name` varchar(128) collate utf8_unicode_ci NOT NULL,
  PRIMARY KEY  (`id`),
  UNIQUE KEY `name` (`name`)
) ENGINE=MyISAM  DEFAULT CHARSET=utf8 COLLATE=utf8_unicode_ci AUTO_INCREMENT=5 ;

--
-- Dumping data for table `onlinecourseportal_group`
--

INSERT INTO `onlinecourseportal_group` (`id`, `name`) VALUES
(1, 'admin'),
(2, 'employee_user'),
(4, 'paid_user');

-- --------------------------------------------------------

--
-- Table structure for table `onlinecourseportal_key`
--

DROP TABLE IF EXISTS `onlinecourseportal_key`;
CREATE TABLE IF NOT EXISTS `onlinecourseportal_key` (
  `id` int(11) NOT NULL auto_increment,
  `value` char(44) collate utf8_unicode_ci NOT NULL,
  `salt` char(44) collate utf8_unicode_ci NOT NULL,
  PRIMARY KEY  (`id`)
) ENGINE=MyISAM  DEFAULT CHARSET=utf8 COLLATE=utf8_unicode_ci AUTO_INCREMENT=2 ;

--
-- Dumping data for table `onlinecourseportal_key`
--

INSERT INTO `onlinecourseportal_key` (`id`, `value`, `salt`) VALUES
(1, 'UaAke0bAoH4pfobaCrNFsdCCkMOVA9ChZY4BeWm73Fw=', 'V2n6VZZxWTGzCfyhXFV82flYj2D5TJfJbWQ3NFLU5pA=');

-- --------------------------------------------------------

--
-- Table structure for table `onlinecourseportal_referral`
--

DROP TABLE IF EXISTS `onlinecourseportal_referral`;
CREATE TABLE IF NOT EXISTS `onlinecourseportal_referral` (
  `id` int(11) NOT NULL,
  `referrer` int(11) NOT NULL,
  `referee` int(11) NOT NULL,
  PRIMARY KEY  (`id`),
  UNIQUE KEY `referrer_referee` (`referrer`,`referee`),
  KEY `referrer` (`referrer`),
  KEY `referee` (`referee`)
) ENGINE=MyISAM DEFAULT CHARSET=utf8 COLLATE=utf8_unicode_ci;

--
-- Dumping data for table `onlinecourseportal_referral`
--


-- --------------------------------------------------------

--
-- Table structure for table `onlinecourseportal_states`
--

DROP TABLE IF EXISTS `onlinecourseportal_states`;
CREATE TABLE IF NOT EXISTS `onlinecourseportal_states` (
  `id` int(11) NOT NULL auto_increment,
  `name` char(40) collate utf8_unicode_ci NOT NULL,
  `abbrev` char(2) collate utf8_unicode_ci NOT NULL,
  PRIMARY KEY  (`id`)
) ENGINE=MyISAM  DEFAULT CHARSET=utf8 COLLATE=utf8_unicode_ci AUTO_INCREMENT=66 ;

--
-- Dumping data for table `onlinecourseportal_states`
--

INSERT INTO `onlinecourseportal_states` (`id`, `name`, `abbrev`) VALUES
(1, 'Alaska', 'AK'),
(2, 'Alabama', 'AL'),
(3, 'American Samoa', 'AS'),
(4, 'Arizona', 'AZ'),
(5, 'Arkansas', 'AR'),
(6, 'California', 'CA'),
(7, 'Colorado', 'CO'),
(8, 'Connecticut', 'CT'),
(9, 'Delaware', 'DE'),
(10, 'District of Columbia', 'DC'),
(11, 'Federated States of Micronesia', 'FM'),
(12, 'Florida', 'FL'),
(13, 'Georgia', 'GA'),
(14, 'Guam', 'GU'),
(15, 'Hawaii', 'HI'),
(16, 'Idaho', 'ID'),
(17, 'Illinois', 'IL'),
(18, 'Indiana', 'IN'),
(19, 'Iowa', 'IA'),
(20, 'Kansas', 'KS'),
(21, 'Kentucky', 'KY'),
(22, 'Louisiana', 'LA'),
(23, 'Maine', 'ME'),
(24, 'Marshall Islands', 'MH'),
(25, 'Maryland', 'MD'),
(26, 'Massachusetts', 'MA'),
(27, 'Michigan', 'MI'),
(28, 'Minnesota', 'MN'),
(29, 'Mississippi', 'MS'),
(30, 'Missouri', 'MO'),
(31, 'Montana', 'MT'),
(32, 'Nebraska', 'NE'),
(33, 'Nevada', 'NV'),
(34, 'New Hampshire', 'NH'),
(35, 'New Jersey', 'NJ'),
(36, 'New Mexico', 'NM'),
(37, 'New York', 'NY'),
(38, 'North Carolina', 'NC'),
(39, 'North Dakota', 'ND'),
(40, 'Northern Mariana Islands', 'MP'),
(41, 'Ohio', 'OH'),
(42, 'Oklahoma', 'OK'),
(43, 'Oregon', 'OR'),
(44, 'Palau', 'PW'),
(45, 'Pennsylvania', 'PA'),
(46, 'Puerto Rico', 'PR'),
(47, 'Rhode Island', 'RI'),
(48, 'South Carolina', 'SC'),
(49, 'South Dakota', 'SD'),
(50, 'Tennessee', 'TN'),
(51, 'Texas', 'TX'),
(52, 'Utah', 'UT'),
(53, 'Vermont', 'VT'),
(54, 'Virgin Islands', 'VI'),
(55, 'Virginia', 'VA'),
(56, 'Washington', 'WA'),
(57, 'West Virginia', 'WV'),
(58, 'Wisconsin', 'WI'),
(59, 'Wyoming', 'WY'),
(60, 'Armed Forces Africa', 'AE'),
(61, 'Armed Forces Americas (except Canada)', 'AA'),
(62, 'Armed Forces Canada', 'AE'),
(63, 'Armed Forces Europe', 'AE'),
(64, 'Armed Forces Middle East', 'AE'),
(65, 'Armed Forces Pacific', 'AP');

-- --------------------------------------------------------

--
-- Table structure for table `onlinecourseportal_uploaded_file`
--

DROP TABLE IF EXISTS `onlinecourseportal_uploaded_file`;
CREATE TABLE IF NOT EXISTS `onlinecourseportal_uploaded_file` (
  `id` int(11) NOT NULL auto_increment,
  `user_id` int(11) NOT NULL,
  `created` timestamp NOT NULL default CURRENT_TIMESTAMP,
  `name` varchar(255) collate utf8_unicode_ci NOT NULL,
  `size` int(11) NOT NULL,
  `mime_type` varchar(255) collate utf8_unicode_ci NOT NULL,
  `path` varchar(255) collate utf8_unicode_ci NOT NULL,
  PRIMARY KEY  (`id`),
  UNIQUE KEY `path` (`path`),
  KEY `user_id` (`user_id`)
) ENGINE=MyISAM DEFAULT CHARSET=utf8 COLLATE=utf8_unicode_ci AUTO_INCREMENT=1 ;

--
-- Dumping data for table `onlinecourseportal_uploaded_file`
--


-- --------------------------------------------------------

--
-- Table structure for table `onlinecourseportal_user`
--

DROP TABLE IF EXISTS `onlinecourseportal_user`;
CREATE TABLE IF NOT EXISTS `onlinecourseportal_user` (
  `id` int(11) NOT NULL auto_increment,
  `password` char(44) collate utf8_unicode_ci NOT NULL,
  `salt` char(44) collate utf8_unicode_ci NOT NULL,
  `group_id` int(11) NOT NULL default '2',
  `email` varchar(255) collate utf8_unicode_ci NOT NULL,
  `session_key` char(44) collate utf8_unicode_ci NOT NULL,
  `created` timestamp NOT NULL default CURRENT_TIMESTAMP,
  PRIMARY KEY  (`id`),
  UNIQUE KEY `email` (`email`),
  KEY `group_id` (`group_id`)
) ENGINE=MyISAM  DEFAULT CHARSET=utf8 COLLATE=utf8_unicode_ci AUTO_INCREMENT=77 ;

--
-- Dumping data for table `onlinecourseportal_user`
--

INSERT INTO `onlinecourseportal_user` (`id`, `password`, `salt`, `group_id`, `email`, `session_key`, `created`) VALUES
(4, 'DHq2uOG6ntWZOSsvWziPEaz+bNuZpFRT7QLgHs7IgXo=', 'nG42gK97c7hKwAyv++VQ2P9iTNmv5RhpLfb/81Vczgw=', 1, 'l.daprato@gmail.com', 'ilBz2sZuL5KMEyWKA0CbBRoFo/4wrLeDmXpG5qBhRUM=', '2012-08-22 01:36:45'),
(68, 'F4uRu9u3VXAgP/18k8T0Tkaw2AG7AN7W9DS8ssKiusc=', 'r2PFdVVKv0yqc3+yROOOFDVj/4InotUdJnF7ZIRJ44Q=', 4, 'james@jpederson.com', 'TGs5ii6lmYSZxgzM8SaH7fAe8uKQjBroBfMPqhAL1aE=', '2012-08-24 12:58:30'),
(69, '47jq7zuffJxtj4wooMO0FA7lP7h/E5xGicx1a9veYpU=', 'HwY6tpYKypLeGcFMchaGajZNsWMNzNdaC2FGpEY6F98=', 4, 'james1@jpederson.com', '2TkdjAWQXGdPJ1VUMJuTZgIiFPabJmmuOlSfegkM0eg=', '2012-08-24 15:05:35'),
(70, 'mgVu8TnIYLrlvn7yoXkVkm3+c5rqbcdfqpKDZBb7tos=', 'xCcodm3lUfDN9QrsUJtiP1VjC0HVk7T8NARy1uPyWfE=', 4, 'james2@jpederson.com', 'teaHpwkPbm445nV5wNvppOrbDypQyYLqTNwST/FPgnM=', '2012-08-24 15:06:31'),
(72, 'qxC8vQi9m5Hi2o3NMNeBBBg2Un4YTqNpij45OmLc2M8=', 'IXmqmaSJoz5/Gc0kCOEYUxGy4IvZj8cZH7abJfI4kSw=', 4, 'ourprojects@hotmail.com', 'yaMo+sKJJBoZq2JldWEye4JOuqq6AuLqqjY6LYYuHI8=', '2012-08-27 12:08:11'),
(73, 'HPmOo/PXtRdgS78gbJKTDLN6HTw400TAkPtMZ0Pwau0=', 'cBgetY2PstVIcyFsWXzNqnCtrjg102jaVyADj307Ndw=', 4, 'james3@jpederson.com', 'Tu2ev/SV88yozZ9x5OuzPo6AGNgm0vfRoblx/c0sI9A=', '2012-08-27 14:56:38'),
(74, 'w6Ko1t6L24h+jOH9B+hUb3nJXGl2cZbGU2Wq1jgh/5Y=', 'up5Gj7VqdWMS0sBhFauzAPAvRZ9Zr12Pba+Y6XAr1dM=', 4, 'james4@jpederson.com', 'Uw2mdXnQMVlDv/vX0CsQ6cPhZUiHVCp4wqRi7bTPLkY=', '2012-08-27 14:57:31'),
(75, 'U6aKLqF/mBHZFc8ZgY5wVW7oIo7mDgJroDX5AMfrCus=', 'QXozcQtePlULwf70nFzwgaLfJu9SjtRMawnCwlwG4do=', 4, 'yin_li_juan@hotmail.com', 'OmC6fID07xKUNII7So/XnPluKYUW7YSb+pw9reyTpPA=', '2012-08-27 18:32:10');

-- --------------------------------------------------------

--
-- Table structure for table `onlinecourseportal_user_activated`
--

DROP TABLE IF EXISTS `onlinecourseportal_user_activated`;
CREATE TABLE IF NOT EXISTS `onlinecourseportal_user_activated` (
  `user_id` int(11) NOT NULL,
  PRIMARY KEY  (`user_id`)
) ENGINE=MyISAM DEFAULT CHARSET=utf8 COLLATE=utf8_unicode_ci;

--
-- Dumping data for table `onlinecourseportal_user_activated`
--

INSERT INTO `onlinecourseportal_user_activated` (`user_id`) VALUES
(4),
(68),
(72),
(75);

-- --------------------------------------------------------

--
-- Table structure for table `onlinecourseportal_user_profile`
--

DROP TABLE IF EXISTS `onlinecourseportal_user_profile`;
CREATE TABLE IF NOT EXISTS `onlinecourseportal_user_profile` (
  `user_id` int(11) NOT NULL,
  `firstname` varchar(255) collate utf8_unicode_ci NOT NULL,
  `lastname` varchar(255) collate utf8_unicode_ci NOT NULL,
  `city` varchar(255) collate utf8_unicode_ci NOT NULL default '',
  `zip_code` varchar(10) collate utf8_unicode_ci NOT NULL default '',
  `state_id` int(11) NOT NULL,
  `country_iso` char(2) collate utf8_unicode_ci NOT NULL,
  `phone` varchar(64) collate utf8_unicode_ci NOT NULL,
  `extension` varchar(10) collate utf8_unicode_ci NOT NULL default '',
  PRIMARY KEY  (`user_id`),
  KEY `state_id` (`state_id`),
  KEY `country_id` (`country_iso`)
) ENGINE=MyISAM DEFAULT CHARSET=utf8 COLLATE=utf8_unicode_ci;

--
-- Dumping data for table `onlinecourseportal_user_profile`
--

INSERT INTO `onlinecourseportal_user_profile` (`user_id`, `firstname`, `lastname`, `city`, `zip_code`, `state_id`, `country_iso`, `phone`, `extension`) VALUES
(4, 'Louis', 'DaPrato', 'Glenview', '60025', 17, 'US', '7737271127', ''),
(68, 'James', 'Pederson', 'Madison', '53714', 0, '0', '6084437567', ''),
(69, 'James', 'Pederson', 'Madison', '53714', 0, '0', '6084437567', ''),
(70, 'James', 'Pederson', 'Madison', '53714', 0, '0', '6084437567', ''),
(71, 'test', 'test', '', '', 0, '0', '3425435', ''),
(72, 'jon', 'woodall', 'Evanston', '60201', 17, 'US', '3122440906', ''),
(73, 'James', 'Pederson', 'Madison', '53714', 0, '0', '6084468008', ''),
(74, 'James', 'Pederson', 'Madison', '53714', 0, '0', '6084468008', ''),
(75, 'lijuan', 'yin', 'arlington heights', '60004', 0, '0', '2247640558', '');

-- --------------------------------------------------------

--
-- Table structure for table `onlinecourseportal_user_profile_extended`
--

DROP TABLE IF EXISTS `onlinecourseportal_user_profile_extended`;
CREATE TABLE IF NOT EXISTS `onlinecourseportal_user_profile_extended` (
  `employment_status_id` int(11) NOT NULL,
  `age_group_id` int(11) NOT NULL,
  `caregiver` tinyint(1) NOT NULL,
  `caregiver_title` varchar(255) collate utf8_unicode_ci NOT NULL,
  `caring_at_home` tinyint(1) NOT NULL,
  `user_id` int(11) NOT NULL,
  PRIMARY KEY  (`user_id`),
  KEY `employment_status_id` (`employment_status_id`,`age_group_id`),
  KEY `age_group_id` (`age_group_id`)
) ENGINE=MyISAM DEFAULT CHARSET=utf8 COLLATE=utf8_unicode_ci;

--
-- Dumping data for table `onlinecourseportal_user_profile_extended`
--

INSERT INTO `onlinecourseportal_user_profile_extended` (`employment_status_id`, `age_group_id`, `caregiver`, `caregiver_title`, `caring_at_home`, `user_id`) VALUES
(5, 1, 1, 'Caregiver', 0, 68),
(5, 1, 1, 'Caregiver', 0, 69),
(5, 1, 1, 'Caregiver', 0, 70),
(2, 3, 1, 'test', 1, 71),
(1, 1, 1, 'xxxxx', 1, 72),
(5, 1, 0, 'Caregiver', 1, 73),
(5, 1, 0, 'Caregiver', 1, 74),
(5, 1, 0, 'N/A', 0, 75),
(2, 3, 1, 'test', 1, 76),
(2, 1, 0, 'NA', 0, 4);

-- --------------------------------------------------------

--
-- Table structure for table `phpbb_acl_groups`
--

DROP TABLE IF EXISTS `phpbb_acl_groups`;
CREATE TABLE IF NOT EXISTS `phpbb_acl_groups` (
  `group_id` mediumint(8) unsigned NOT NULL default '0',
  `forum_id` mediumint(8) unsigned NOT NULL default '0',
  `auth_option_id` mediumint(8) unsigned NOT NULL default '0',
  `auth_role_id` mediumint(8) unsigned NOT NULL default '0',
  `auth_setting` tinyint(2) NOT NULL default '0',
  KEY `group_id` (`group_id`),
  KEY `auth_opt_id` (`auth_option_id`),
  KEY `auth_role_id` (`auth_role_id`)
) ENGINE=MyISAM DEFAULT CHARSET=utf8 COLLATE=utf8_bin;

--
-- Dumping data for table `phpbb_acl_groups`
--

INSERT INTO `phpbb_acl_groups` (`group_id`, `forum_id`, `auth_option_id`, `auth_role_id`, `auth_setting`) VALUES
(1, 0, 85, 0, 1),
(1, 0, 93, 0, 1),
(1, 0, 111, 0, 1),
(5, 0, 0, 5, 0),
(5, 0, 0, 1, 0),
(2, 0, 0, 6, 0),
(3, 0, 0, 6, 0),
(4, 0, 0, 5, 0),
(4, 0, 0, 10, 0),
(1, 1, 0, 17, 0),
(2, 1, 0, 17, 0),
(3, 1, 0, 17, 0),
(6, 1, 0, 17, 0),
(1, 2, 0, 17, 0),
(2, 2, 0, 15, 0),
(3, 2, 0, 15, 0),
(4, 2, 0, 21, 0),
(5, 2, 0, 14, 0),
(5, 2, 0, 10, 0),
(6, 2, 0, 19, 0),
(7, 0, 0, 23, 0),
(7, 2, 0, 24, 0);

-- --------------------------------------------------------

--
-- Table structure for table `phpbb_acl_options`
--

DROP TABLE IF EXISTS `phpbb_acl_options`;
CREATE TABLE IF NOT EXISTS `phpbb_acl_options` (
  `auth_option_id` mediumint(8) unsigned NOT NULL auto_increment,
  `auth_option` varchar(50) collate utf8_bin NOT NULL default '',
  `is_global` tinyint(1) unsigned NOT NULL default '0',
  `is_local` tinyint(1) unsigned NOT NULL default '0',
  `founder_only` tinyint(1) unsigned NOT NULL default '0',
  PRIMARY KEY  (`auth_option_id`),
  UNIQUE KEY `auth_option` (`auth_option`)
) ENGINE=MyISAM  DEFAULT CHARSET=utf8 COLLATE=utf8_bin AUTO_INCREMENT=118 ;

--
-- Dumping data for table `phpbb_acl_options`
--

INSERT INTO `phpbb_acl_options` (`auth_option_id`, `auth_option`, `is_global`, `is_local`, `founder_only`) VALUES
(1, 'f_', 0, 1, 0),
(2, 'f_announce', 0, 1, 0),
(3, 'f_attach', 0, 1, 0),
(4, 'f_bbcode', 0, 1, 0),
(5, 'f_bump', 0, 1, 0),
(6, 'f_delete', 0, 1, 0),
(7, 'f_download', 0, 1, 0),
(8, 'f_edit', 0, 1, 0),
(9, 'f_email', 0, 1, 0),
(10, 'f_flash', 0, 1, 0),
(11, 'f_icons', 0, 1, 0),
(12, 'f_ignoreflood', 0, 1, 0),
(13, 'f_img', 0, 1, 0),
(14, 'f_list', 0, 1, 0),
(15, 'f_noapprove', 0, 1, 0),
(16, 'f_poll', 0, 1, 0),
(17, 'f_post', 0, 1, 0),
(18, 'f_postcount', 0, 1, 0),
(19, 'f_print', 0, 1, 0),
(20, 'f_read', 0, 1, 0),
(21, 'f_reply', 0, 1, 0),
(22, 'f_report', 0, 1, 0),
(23, 'f_search', 0, 1, 0),
(24, 'f_sigs', 0, 1, 0),
(25, 'f_smilies', 0, 1, 0),
(26, 'f_sticky', 0, 1, 0),
(27, 'f_subscribe', 0, 1, 0),
(28, 'f_user_lock', 0, 1, 0),
(29, 'f_vote', 0, 1, 0),
(30, 'f_votechg', 0, 1, 0),
(31, 'm_', 1, 1, 0),
(32, 'm_approve', 1, 1, 0),
(33, 'm_chgposter', 1, 1, 0),
(34, 'm_delete', 1, 1, 0),
(35, 'm_edit', 1, 1, 0),
(36, 'm_info', 1, 1, 0),
(37, 'm_lock', 1, 1, 0),
(38, 'm_merge', 1, 1, 0),
(39, 'm_move', 1, 1, 0),
(40, 'm_report', 1, 1, 0),
(41, 'm_split', 1, 1, 0),
(42, 'm_ban', 1, 0, 0),
(43, 'm_warn', 1, 0, 0),
(44, 'a_', 1, 0, 0),
(45, 'a_aauth', 1, 0, 0),
(46, 'a_attach', 1, 0, 0),
(47, 'a_authgroups', 1, 0, 0),
(48, 'a_authusers', 1, 0, 0),
(49, 'a_backup', 1, 0, 0),
(50, 'a_ban', 1, 0, 0),
(51, 'a_bbcode', 1, 0, 0),
(52, 'a_board', 1, 0, 0),
(53, 'a_bots', 1, 0, 0),
(54, 'a_clearlogs', 1, 0, 0),
(55, 'a_email', 1, 0, 0),
(56, 'a_fauth', 1, 0, 0),
(57, 'a_forum', 1, 0, 0),
(58, 'a_forumadd', 1, 0, 0),
(59, 'a_forumdel', 1, 0, 0),
(60, 'a_group', 1, 0, 0),
(61, 'a_groupadd', 1, 0, 0),
(62, 'a_groupdel', 1, 0, 0),
(63, 'a_icons', 1, 0, 0),
(64, 'a_jabber', 1, 0, 0),
(65, 'a_language', 1, 0, 0),
(66, 'a_mauth', 1, 0, 0),
(67, 'a_modules', 1, 0, 0),
(68, 'a_names', 1, 0, 0),
(69, 'a_phpinfo', 1, 0, 0),
(70, 'a_profile', 1, 0, 0),
(71, 'a_prune', 1, 0, 0),
(72, 'a_ranks', 1, 0, 0),
(73, 'a_reasons', 1, 0, 0),
(74, 'a_roles', 1, 0, 0),
(75, 'a_search', 1, 0, 0),
(76, 'a_server', 1, 0, 0),
(77, 'a_styles', 1, 0, 0),
(78, 'a_switchperm', 1, 0, 0),
(79, 'a_uauth', 1, 0, 0),
(80, 'a_user', 1, 0, 0),
(81, 'a_userdel', 1, 0, 0),
(82, 'a_viewauth', 1, 0, 0),
(83, 'a_viewlogs', 1, 0, 0),
(84, 'a_words', 1, 0, 0),
(85, 'u_', 1, 0, 0),
(86, 'u_attach', 1, 0, 0),
(87, 'u_chgavatar', 1, 0, 0),
(88, 'u_chgcensors', 1, 0, 0),
(89, 'u_chgemail', 1, 0, 0),
(90, 'u_chggrp', 1, 0, 0),
(91, 'u_chgname', 1, 0, 0),
(92, 'u_chgpasswd', 1, 0, 0),
(93, 'u_download', 1, 0, 0),
(94, 'u_hideonline', 1, 0, 0),
(95, 'u_ignoreflood', 1, 0, 0),
(96, 'u_masspm', 1, 0, 0),
(97, 'u_masspm_group', 1, 0, 0),
(98, 'u_pm_attach', 1, 0, 0),
(99, 'u_pm_bbcode', 1, 0, 0),
(100, 'u_pm_delete', 1, 0, 0),
(101, 'u_pm_download', 1, 0, 0),
(102, 'u_pm_edit', 1, 0, 0),
(103, 'u_pm_emailpm', 1, 0, 0),
(104, 'u_pm_flash', 1, 0, 0),
(105, 'u_pm_forward', 1, 0, 0),
(106, 'u_pm_img', 1, 0, 0),
(107, 'u_pm_printpm', 1, 0, 0),
(108, 'u_pm_smilies', 1, 0, 0),
(109, 'u_readpm', 1, 0, 0),
(110, 'u_savedrafts', 1, 0, 0),
(111, 'u_search', 1, 0, 0),
(112, 'u_sendemail', 1, 0, 0),
(113, 'u_sendim', 1, 0, 0),
(114, 'u_sendpm', 1, 0, 0),
(115, 'u_sig', 1, 0, 0),
(116, 'u_viewonline', 1, 0, 0),
(117, 'u_viewprofile', 1, 0, 0);

-- --------------------------------------------------------

--
-- Table structure for table `phpbb_acl_roles`
--

DROP TABLE IF EXISTS `phpbb_acl_roles`;
CREATE TABLE IF NOT EXISTS `phpbb_acl_roles` (
  `role_id` mediumint(8) unsigned NOT NULL auto_increment,
  `role_name` varchar(255) collate utf8_bin NOT NULL default '',
  `role_description` text collate utf8_bin NOT NULL,
  `role_type` varchar(10) collate utf8_bin NOT NULL default '',
  `role_order` smallint(4) unsigned NOT NULL default '0',
  PRIMARY KEY  (`role_id`),
  KEY `role_type` (`role_type`),
  KEY `role_order` (`role_order`)
) ENGINE=MyISAM  DEFAULT CHARSET=utf8 COLLATE=utf8_bin AUTO_INCREMENT=25 ;

--
-- Dumping data for table `phpbb_acl_roles`
--

INSERT INTO `phpbb_acl_roles` (`role_id`, `role_name`, `role_description`, `role_type`, `role_order`) VALUES
(1, 'ROLE_ADMIN_STANDARD', 0x524f4c455f4445534352495054494f4e5f41444d494e5f5354414e44415244, 'a_', 1),
(2, 'ROLE_ADMIN_FORUM', 0x524f4c455f4445534352495054494f4e5f41444d494e5f464f52554d, 'a_', 3),
(3, 'ROLE_ADMIN_USERGROUP', 0x524f4c455f4445534352495054494f4e5f41444d494e5f5553455247524f5550, 'a_', 4),
(4, 'ROLE_ADMIN_FULL', 0x524f4c455f4445534352495054494f4e5f41444d494e5f46554c4c, 'a_', 2),
(5, 'ROLE_USER_FULL', 0x524f4c455f4445534352495054494f4e5f555345525f46554c4c, 'u_', 3),
(6, 'ROLE_USER_STANDARD', 0x524f4c455f4445534352495054494f4e5f555345525f5354414e44415244, 'u_', 1),
(7, 'ROLE_USER_LIMITED', 0x524f4c455f4445534352495054494f4e5f555345525f4c494d49544544, 'u_', 2),
(8, 'ROLE_USER_NOPM', 0x524f4c455f4445534352495054494f4e5f555345525f4e4f504d, 'u_', 4),
(9, 'ROLE_USER_NOAVATAR', 0x524f4c455f4445534352495054494f4e5f555345525f4e4f415641544152, 'u_', 5),
(10, 'ROLE_MOD_FULL', 0x524f4c455f4445534352495054494f4e5f4d4f445f46554c4c, 'm_', 3),
(11, 'ROLE_MOD_STANDARD', 0x524f4c455f4445534352495054494f4e5f4d4f445f5354414e44415244, 'm_', 1),
(12, 'ROLE_MOD_SIMPLE', 0x524f4c455f4445534352495054494f4e5f4d4f445f53494d504c45, 'm_', 2),
(13, 'ROLE_MOD_QUEUE', 0x524f4c455f4445534352495054494f4e5f4d4f445f5155455545, 'm_', 4),
(14, 'ROLE_FORUM_FULL', 0x524f4c455f4445534352495054494f4e5f464f52554d5f46554c4c, 'f_', 7),
(15, 'ROLE_FORUM_STANDARD', 0x524f4c455f4445534352495054494f4e5f464f52554d5f5354414e44415244, 'f_', 5),
(16, 'ROLE_FORUM_NOACCESS', 0x524f4c455f4445534352495054494f4e5f464f52554d5f4e4f414343455353, 'f_', 1),
(17, 'ROLE_FORUM_READONLY', 0x524f4c455f4445534352495054494f4e5f464f52554d5f524541444f4e4c59, 'f_', 2),
(18, 'ROLE_FORUM_LIMITED', 0x524f4c455f4445534352495054494f4e5f464f52554d5f4c494d49544544, 'f_', 3),
(19, 'ROLE_FORUM_BOT', 0x524f4c455f4445534352495054494f4e5f464f52554d5f424f54, 'f_', 9),
(20, 'ROLE_FORUM_ONQUEUE', 0x524f4c455f4445534352495054494f4e5f464f52554d5f4f4e5155455545, 'f_', 8),
(21, 'ROLE_FORUM_POLLS', 0x524f4c455f4445534352495054494f4e5f464f52554d5f504f4c4c53, 'f_', 6),
(22, 'ROLE_FORUM_LIMITED_POLLS', 0x524f4c455f4445534352495054494f4e5f464f52554d5f4c494d495445445f504f4c4c53, 'f_', 4),
(23, 'ROLE_USER_NEW_MEMBER', 0x524f4c455f4445534352495054494f4e5f555345525f4e45575f4d454d424552, 'u_', 6),
(24, 'ROLE_FORUM_NEW_MEMBER', 0x524f4c455f4445534352495054494f4e5f464f52554d5f4e45575f4d454d424552, 'f_', 10);

-- --------------------------------------------------------

--
-- Table structure for table `phpbb_acl_roles_data`
--

DROP TABLE IF EXISTS `phpbb_acl_roles_data`;
CREATE TABLE IF NOT EXISTS `phpbb_acl_roles_data` (
  `role_id` mediumint(8) unsigned NOT NULL default '0',
  `auth_option_id` mediumint(8) unsigned NOT NULL default '0',
  `auth_setting` tinyint(2) NOT NULL default '0',
  PRIMARY KEY  (`role_id`,`auth_option_id`),
  KEY `ath_op_id` (`auth_option_id`)
) ENGINE=MyISAM DEFAULT CHARSET=utf8 COLLATE=utf8_bin;

--
-- Dumping data for table `phpbb_acl_roles_data`
--

INSERT INTO `phpbb_acl_roles_data` (`role_id`, `auth_option_id`, `auth_setting`) VALUES
(1, 44, 1),
(1, 46, 1),
(1, 47, 1),
(1, 48, 1),
(1, 50, 1),
(1, 51, 1),
(1, 52, 1),
(1, 56, 1),
(1, 57, 1),
(1, 58, 1),
(1, 59, 1),
(1, 60, 1),
(1, 61, 1),
(1, 62, 1),
(1, 63, 1),
(1, 66, 1),
(1, 68, 1),
(1, 70, 1),
(1, 71, 1),
(1, 72, 1),
(1, 73, 1),
(1, 79, 1),
(1, 80, 1),
(1, 81, 1),
(1, 82, 1),
(1, 83, 1),
(1, 84, 1),
(2, 44, 1),
(2, 47, 1),
(2, 48, 1),
(2, 56, 1),
(2, 57, 1),
(2, 58, 1),
(2, 59, 1),
(2, 66, 1),
(2, 71, 1),
(2, 79, 1),
(2, 82, 1),
(2, 83, 1),
(3, 44, 1),
(3, 47, 1),
(3, 48, 1),
(3, 50, 1),
(3, 60, 1),
(3, 61, 1),
(3, 62, 1),
(3, 72, 1),
(3, 79, 1),
(3, 80, 1),
(3, 82, 1),
(3, 83, 1),
(4, 44, 1),
(4, 45, 1),
(4, 46, 1),
(4, 47, 1),
(4, 48, 1),
(4, 49, 1),
(4, 50, 1),
(4, 51, 1),
(4, 52, 1),
(4, 53, 1),
(4, 54, 1),
(4, 55, 1),
(4, 56, 1),
(4, 57, 1),
(4, 58, 1),
(4, 59, 1),
(4, 60, 1),
(4, 61, 1),
(4, 62, 1),
(4, 63, 1),
(4, 64, 1),
(4, 65, 1),
(4, 66, 1),
(4, 67, 1),
(4, 68, 1),
(4, 69, 1),
(4, 70, 1),
(4, 71, 1),
(4, 72, 1),
(4, 73, 1),
(4, 74, 1),
(4, 75, 1),
(4, 76, 1),
(4, 77, 1),
(4, 78, 1),
(4, 79, 1),
(4, 80, 1),
(4, 81, 1),
(4, 82, 1),
(4, 83, 1),
(4, 84, 1),
(5, 85, 1),
(5, 86, 1),
(5, 87, 1),
(5, 88, 1),
(5, 89, 1),
(5, 90, 1),
(5, 91, 1),
(5, 92, 1),
(5, 93, 1),
(5, 94, 1),
(5, 95, 1),
(5, 96, 1),
(5, 97, 1),
(5, 98, 1),
(5, 99, 1),
(5, 100, 1),
(5, 101, 1),
(5, 102, 1),
(5, 103, 1),
(5, 104, 1),
(5, 105, 1),
(5, 106, 1),
(5, 107, 1),
(5, 108, 1),
(5, 109, 1),
(5, 110, 1),
(5, 111, 1),
(5, 112, 1),
(5, 113, 1),
(5, 114, 1),
(5, 115, 1),
(5, 116, 1),
(5, 117, 1),
(6, 85, 1),
(6, 86, 1),
(6, 87, 1),
(6, 88, 1),
(6, 89, 1),
(6, 92, 1),
(6, 93, 1),
(6, 94, 1),
(6, 96, 1),
(6, 97, 1),
(6, 98, 1),
(6, 99, 1),
(6, 100, 1),
(6, 101, 1),
(6, 102, 1),
(6, 103, 1),
(6, 106, 1),
(6, 107, 1),
(6, 108, 1),
(6, 109, 1),
(6, 110, 1),
(6, 111, 1),
(6, 112, 1),
(6, 113, 1),
(6, 114, 1),
(6, 115, 1),
(6, 117, 1),
(7, 85, 1),
(7, 87, 1),
(7, 88, 1),
(7, 89, 1),
(7, 92, 1),
(7, 93, 1),
(7, 94, 1),
(7, 99, 1),
(7, 100, 1),
(7, 101, 1),
(7, 102, 1),
(7, 105, 1),
(7, 106, 1),
(7, 107, 1),
(7, 108, 1),
(7, 109, 1),
(7, 114, 1),
(7, 115, 1),
(7, 117, 1),
(8, 85, 1),
(8, 87, 1),
(8, 88, 1),
(8, 89, 1),
(8, 92, 1),
(8, 93, 1),
(8, 94, 1),
(8, 115, 1),
(8, 117, 1),
(8, 96, 0),
(8, 97, 0),
(8, 109, 0),
(8, 114, 0),
(9, 85, 1),
(9, 88, 1),
(9, 89, 1),
(9, 92, 1),
(9, 93, 1),
(9, 94, 1),
(9, 99, 1),
(9, 100, 1),
(9, 101, 1),
(9, 102, 1),
(9, 105, 1),
(9, 106, 1),
(9, 107, 1),
(9, 108, 1),
(9, 109, 1),
(9, 114, 1),
(9, 115, 1),
(9, 117, 1),
(9, 87, 0),
(10, 31, 1),
(10, 32, 1),
(10, 42, 1),
(10, 33, 1),
(10, 34, 1),
(10, 35, 1),
(10, 36, 1),
(10, 37, 1),
(10, 38, 1),
(10, 39, 1),
(10, 40, 1),
(10, 41, 1),
(10, 43, 1),
(11, 31, 1),
(11, 32, 1),
(11, 34, 1),
(11, 35, 1),
(11, 36, 1),
(11, 37, 1),
(11, 38, 1),
(11, 39, 1),
(11, 40, 1),
(11, 41, 1),
(11, 43, 1),
(12, 31, 1),
(12, 34, 1),
(12, 35, 1),
(12, 36, 1),
(12, 40, 1),
(13, 31, 1),
(13, 32, 1),
(13, 35, 1),
(14, 1, 1),
(14, 2, 1),
(14, 3, 1),
(14, 4, 1),
(14, 5, 1),
(14, 6, 1),
(14, 7, 1),
(14, 8, 1),
(14, 9, 1),
(14, 10, 1),
(14, 11, 1),
(14, 12, 1),
(14, 13, 1),
(14, 14, 1),
(14, 15, 1),
(14, 16, 1),
(14, 17, 1),
(14, 18, 1),
(14, 19, 1),
(14, 20, 1),
(14, 21, 1),
(14, 22, 1),
(14, 23, 1),
(14, 24, 1),
(14, 25, 1),
(14, 26, 1),
(14, 27, 1),
(14, 28, 1),
(14, 29, 1),
(14, 30, 1),
(15, 1, 1),
(15, 3, 1),
(15, 4, 1),
(15, 5, 1),
(15, 6, 1),
(15, 7, 1),
(15, 8, 1),
(15, 9, 1),
(15, 11, 1),
(15, 13, 1),
(15, 14, 1),
(15, 15, 1),
(15, 17, 1),
(15, 18, 1),
(15, 19, 1),
(15, 20, 1),
(15, 21, 1),
(15, 22, 1),
(15, 23, 1),
(15, 24, 1),
(15, 25, 1),
(15, 27, 1),
(15, 29, 1),
(15, 30, 1),
(16, 1, 0),
(17, 1, 1),
(17, 7, 1),
(17, 14, 1),
(17, 19, 1),
(17, 20, 1),
(17, 23, 1),
(17, 27, 1),
(18, 1, 1),
(18, 4, 1),
(18, 7, 1),
(18, 8, 1),
(18, 9, 1),
(18, 13, 1),
(18, 14, 1),
(18, 15, 1),
(18, 17, 1),
(18, 18, 1),
(18, 19, 1),
(18, 20, 1),
(18, 21, 1),
(18, 22, 1),
(18, 23, 1),
(18, 24, 1),
(18, 25, 1),
(18, 27, 1),
(18, 29, 1),
(19, 1, 1),
(19, 7, 1),
(19, 14, 1),
(19, 19, 1),
(19, 20, 1),
(20, 1, 1),
(20, 3, 1),
(20, 4, 1),
(20, 7, 1),
(20, 8, 1),
(20, 9, 1),
(20, 13, 1),
(20, 14, 1),
(20, 17, 1),
(20, 18, 1),
(20, 19, 1),
(20, 20, 1),
(20, 21, 1),
(20, 22, 1),
(20, 23, 1),
(20, 24, 1),
(20, 25, 1),
(20, 27, 1),
(20, 29, 1),
(20, 15, 0),
(21, 1, 1),
(21, 3, 1),
(21, 4, 1),
(21, 5, 1),
(21, 6, 1),
(21, 7, 1),
(21, 8, 1),
(21, 9, 1),
(21, 11, 1),
(21, 13, 1),
(21, 14, 1),
(21, 15, 1),
(21, 16, 1),
(21, 17, 1),
(21, 18, 1),
(21, 19, 1),
(21, 20, 1),
(21, 21, 1),
(21, 22, 1),
(21, 23, 1),
(21, 24, 1),
(21, 25, 1),
(21, 27, 1),
(21, 29, 1),
(21, 30, 1),
(22, 1, 1),
(22, 4, 1),
(22, 7, 1),
(22, 8, 1),
(22, 9, 1),
(22, 13, 1),
(22, 14, 1),
(22, 15, 1),
(22, 16, 1),
(22, 17, 1),
(22, 18, 1),
(22, 19, 1),
(22, 20, 1),
(22, 21, 1),
(22, 22, 1),
(22, 23, 1),
(22, 24, 1),
(22, 25, 1),
(22, 27, 1),
(22, 29, 1),
(23, 96, 0),
(23, 97, 0),
(23, 114, 0),
(24, 15, 0);

-- --------------------------------------------------------

--
-- Table structure for table `phpbb_acl_users`
--

DROP TABLE IF EXISTS `phpbb_acl_users`;
CREATE TABLE IF NOT EXISTS `phpbb_acl_users` (
  `user_id` mediumint(8) unsigned NOT NULL default '0',
  `forum_id` mediumint(8) unsigned NOT NULL default '0',
  `auth_option_id` mediumint(8) unsigned NOT NULL default '0',
  `auth_role_id` mediumint(8) unsigned NOT NULL default '0',
  `auth_setting` tinyint(2) NOT NULL default '0',
  KEY `user_id` (`user_id`),
  KEY `auth_option_id` (`auth_option_id`),
  KEY `auth_role_id` (`auth_role_id`)
) ENGINE=MyISAM DEFAULT CHARSET=utf8 COLLATE=utf8_bin;

--
-- Dumping data for table `phpbb_acl_users`
--

INSERT INTO `phpbb_acl_users` (`user_id`, `forum_id`, `auth_option_id`, `auth_role_id`, `auth_setting`) VALUES
(2, 0, 0, 5, 0);

-- --------------------------------------------------------

--
-- Table structure for table `phpbb_attachments`
--

DROP TABLE IF EXISTS `phpbb_attachments`;
CREATE TABLE IF NOT EXISTS `phpbb_attachments` (
  `attach_id` mediumint(8) unsigned NOT NULL auto_increment,
  `post_msg_id` mediumint(8) unsigned NOT NULL default '0',
  `topic_id` mediumint(8) unsigned NOT NULL default '0',
  `in_message` tinyint(1) unsigned NOT NULL default '0',
  `poster_id` mediumint(8) unsigned NOT NULL default '0',
  `is_orphan` tinyint(1) unsigned NOT NULL default '1',
  `physical_filename` varchar(255) collate utf8_bin NOT NULL default '',
  `real_filename` varchar(255) collate utf8_bin NOT NULL default '',
  `download_count` mediumint(8) unsigned NOT NULL default '0',
  `attach_comment` text collate utf8_bin NOT NULL,
  `extension` varchar(100) collate utf8_bin NOT NULL default '',
  `mimetype` varchar(100) collate utf8_bin NOT NULL default '',
  `filesize` int(20) unsigned NOT NULL default '0',
  `filetime` int(11) unsigned NOT NULL default '0',
  `thumbnail` tinyint(1) unsigned NOT NULL default '0',
  PRIMARY KEY  (`attach_id`),
  KEY `filetime` (`filetime`),
  KEY `post_msg_id` (`post_msg_id`),
  KEY `topic_id` (`topic_id`),
  KEY `poster_id` (`poster_id`),
  KEY `is_orphan` (`is_orphan`)
) ENGINE=MyISAM DEFAULT CHARSET=utf8 COLLATE=utf8_bin AUTO_INCREMENT=1 ;

--
-- Dumping data for table `phpbb_attachments`
--


-- --------------------------------------------------------

--
-- Table structure for table `phpbb_banlist`
--

DROP TABLE IF EXISTS `phpbb_banlist`;
CREATE TABLE IF NOT EXISTS `phpbb_banlist` (
  `ban_id` mediumint(8) unsigned NOT NULL auto_increment,
  `ban_userid` mediumint(8) unsigned NOT NULL default '0',
  `ban_ip` varchar(40) collate utf8_bin NOT NULL default '',
  `ban_email` varchar(100) collate utf8_bin NOT NULL default '',
  `ban_start` int(11) unsigned NOT NULL default '0',
  `ban_end` int(11) unsigned NOT NULL default '0',
  `ban_exclude` tinyint(1) unsigned NOT NULL default '0',
  `ban_reason` varchar(255) collate utf8_bin NOT NULL default '',
  `ban_give_reason` varchar(255) collate utf8_bin NOT NULL default '',
  PRIMARY KEY  (`ban_id`),
  KEY `ban_end` (`ban_end`),
  KEY `ban_user` (`ban_userid`,`ban_exclude`),
  KEY `ban_email` (`ban_email`,`ban_exclude`),
  KEY `ban_ip` (`ban_ip`,`ban_exclude`)
) ENGINE=MyISAM DEFAULT CHARSET=utf8 COLLATE=utf8_bin AUTO_INCREMENT=1 ;

--
-- Dumping data for table `phpbb_banlist`
--


-- --------------------------------------------------------

--
-- Table structure for table `phpbb_bbcodes`
--

DROP TABLE IF EXISTS `phpbb_bbcodes`;
CREATE TABLE IF NOT EXISTS `phpbb_bbcodes` (
  `bbcode_id` smallint(4) unsigned NOT NULL default '0',
  `bbcode_tag` varchar(16) collate utf8_bin NOT NULL default '',
  `bbcode_helpline` varchar(255) collate utf8_bin NOT NULL default '',
  `display_on_posting` tinyint(1) unsigned NOT NULL default '0',
  `bbcode_match` text collate utf8_bin NOT NULL,
  `bbcode_tpl` mediumtext collate utf8_bin NOT NULL,
  `first_pass_match` mediumtext collate utf8_bin NOT NULL,
  `first_pass_replace` mediumtext collate utf8_bin NOT NULL,
  `second_pass_match` mediumtext collate utf8_bin NOT NULL,
  `second_pass_replace` mediumtext collate utf8_bin NOT NULL,
  PRIMARY KEY  (`bbcode_id`),
  KEY `display_on_post` (`display_on_posting`)
) ENGINE=MyISAM DEFAULT CHARSET=utf8 COLLATE=utf8_bin;

--
-- Dumping data for table `phpbb_bbcodes`
--


-- --------------------------------------------------------

--
-- Table structure for table `phpbb_bookmarks`
--

DROP TABLE IF EXISTS `phpbb_bookmarks`;
CREATE TABLE IF NOT EXISTS `phpbb_bookmarks` (
  `topic_id` mediumint(8) unsigned NOT NULL default '0',
  `user_id` mediumint(8) unsigned NOT NULL default '0',
  PRIMARY KEY  (`topic_id`,`user_id`)
) ENGINE=MyISAM DEFAULT CHARSET=utf8 COLLATE=utf8_bin;

--
-- Dumping data for table `phpbb_bookmarks`
--


-- --------------------------------------------------------

--
-- Table structure for table `phpbb_bots`
--

DROP TABLE IF EXISTS `phpbb_bots`;
CREATE TABLE IF NOT EXISTS `phpbb_bots` (
  `bot_id` mediumint(8) unsigned NOT NULL auto_increment,
  `bot_active` tinyint(1) unsigned NOT NULL default '1',
  `bot_name` varchar(255) collate utf8_bin NOT NULL default '',
  `user_id` mediumint(8) unsigned NOT NULL default '0',
  `bot_agent` varchar(255) collate utf8_bin NOT NULL default '',
  `bot_ip` varchar(255) collate utf8_bin NOT NULL default '',
  PRIMARY KEY  (`bot_id`),
  KEY `bot_active` (`bot_active`)
) ENGINE=MyISAM  DEFAULT CHARSET=utf8 COLLATE=utf8_bin AUTO_INCREMENT=52 ;

--
-- Dumping data for table `phpbb_bots`
--

INSERT INTO `phpbb_bots` (`bot_id`, `bot_active`, `bot_name`, `user_id`, `bot_agent`, `bot_ip`) VALUES
(1, 1, 'AdsBot [Google]', 3, 'AdsBot-Google', ''),
(2, 1, 'Alexa [Bot]', 4, 'ia_archiver', ''),
(3, 1, 'Alta Vista [Bot]', 5, 'Scooter/', ''),
(4, 1, 'Ask Jeeves [Bot]', 6, 'Ask Jeeves', ''),
(5, 1, 'Baidu [Spider]', 7, 'Baiduspider+(', ''),
(6, 1, 'Bing [Bot]', 8, 'bingbot/', ''),
(7, 1, 'Exabot [Bot]', 9, 'Exabot/', ''),
(8, 1, 'FAST Enterprise [Crawler]', 10, 'FAST Enterprise Crawler', ''),
(9, 1, 'FAST WebCrawler [Crawler]', 11, 'FAST-WebCrawler/', ''),
(10, 1, 'Francis [Bot]', 12, 'http://www.neomo.de/', ''),
(11, 1, 'Gigabot [Bot]', 13, 'Gigabot/', ''),
(12, 1, 'Google Adsense [Bot]', 14, 'Mediapartners-Google', ''),
(13, 1, 'Google Desktop', 15, 'Google Desktop', ''),
(14, 1, 'Google Feedfetcher', 16, 'Feedfetcher-Google', ''),
(15, 1, 'Google [Bot]', 17, 'Googlebot', ''),
(16, 1, 'Heise IT-Markt [Crawler]', 18, 'heise-IT-Markt-Crawler', ''),
(17, 1, 'Heritrix [Crawler]', 19, 'heritrix/1.', ''),
(18, 1, 'IBM Research [Bot]', 20, 'ibm.com/cs/crawler', ''),
(19, 1, 'ICCrawler - ICjobs', 21, 'ICCrawler - ICjobs', ''),
(20, 1, 'ichiro [Crawler]', 22, 'ichiro/', ''),
(21, 1, 'Majestic-12 [Bot]', 23, 'MJ12bot/', ''),
(22, 1, 'Metager [Bot]', 24, 'MetagerBot/', ''),
(23, 1, 'MSN NewsBlogs', 25, 'msnbot-NewsBlogs/', ''),
(24, 1, 'MSN [Bot]', 26, 'msnbot/', ''),
(25, 1, 'MSNbot Media', 27, 'msnbot-media/', ''),
(26, 1, 'NG-Search [Bot]', 28, 'NG-Search/', ''),
(27, 1, 'Nutch [Bot]', 29, 'http://lucene.apache.org/nutch/', ''),
(28, 1, 'Nutch/CVS [Bot]', 30, 'NutchCVS/', ''),
(29, 1, 'OmniExplorer [Bot]', 31, 'OmniExplorer_Bot/', ''),
(30, 1, 'Online link [Validator]', 32, 'online link validator', ''),
(31, 1, 'psbot [Picsearch]', 33, 'psbot/0', ''),
(32, 1, 'Seekport [Bot]', 34, 'Seekbot/', ''),
(33, 1, 'Sensis [Crawler]', 35, 'Sensis Web Crawler', ''),
(34, 1, 'SEO Crawler', 36, 'SEO search Crawler/', ''),
(35, 1, 'Seoma [Crawler]', 37, 'Seoma [SEO Crawler]', ''),
(36, 1, 'SEOSearch [Crawler]', 38, 'SEOsearch/', ''),
(37, 1, 'Snappy [Bot]', 39, 'Snappy/1.1 ( http://www.urltrends.com/ )', ''),
(38, 1, 'Steeler [Crawler]', 40, 'http://www.tkl.iis.u-tokyo.ac.jp/~crawler/', ''),
(39, 1, 'Synoo [Bot]', 41, 'SynooBot/', ''),
(40, 1, 'Telekom [Bot]', 42, 'crawleradmin.t-info@telekom.de', ''),
(41, 1, 'TurnitinBot [Bot]', 43, 'TurnitinBot/', ''),
(42, 1, 'Voyager [Bot]', 44, 'voyager/1.0', ''),
(43, 1, 'W3 [Sitesearch]', 45, 'W3 SiteSearch Crawler', ''),
(44, 1, 'W3C [Linkcheck]', 46, 'W3C-checklink/', ''),
(45, 1, 'W3C [Validator]', 47, 'W3C_*Validator', ''),
(46, 1, 'WiseNut [Bot]', 48, 'http://www.WISEnutbot.com', ''),
(47, 1, 'YaCy [Bot]', 49, 'yacybot', ''),
(48, 1, 'Yahoo MMCrawler [Bot]', 50, 'Yahoo-MMCrawler/', ''),
(49, 1, 'Yahoo Slurp [Bot]', 51, 'Yahoo! DE Slurp', ''),
(50, 1, 'Yahoo [Bot]', 52, 'Yahoo! Slurp', ''),
(51, 1, 'YahooSeeker [Bot]', 53, 'YahooSeeker/', '');

-- --------------------------------------------------------

--
-- Table structure for table `phpbb_config`
--

DROP TABLE IF EXISTS `phpbb_config`;
CREATE TABLE IF NOT EXISTS `phpbb_config` (
  `config_name` varchar(255) collate utf8_bin NOT NULL default '',
  `config_value` varchar(255) collate utf8_bin NOT NULL default '',
  `is_dynamic` tinyint(1) unsigned NOT NULL default '0',
  PRIMARY KEY  (`config_name`),
  KEY `is_dynamic` (`is_dynamic`)
) ENGINE=MyISAM DEFAULT CHARSET=utf8 COLLATE=utf8_bin;

--
-- Dumping data for table `phpbb_config`
--

INSERT INTO `phpbb_config` (`config_name`, `config_value`, `is_dynamic`) VALUES
('active_sessions', '0', 0),
('allow_attachments', '1', 0),
('allow_autologin', '1', 0),
('allow_avatar', '1', 0),
('allow_avatar_local', '0', 0),
('allow_avatar_remote', '0', 0),
('allow_avatar_upload', '1', 0),
('allow_avatar_remote_upload', '0', 0),
('allow_bbcode', '1', 0),
('allow_birthdays', '1', 0),
('allow_bookmarks', '1', 0),
('allow_emailreuse', '0', 0),
('allow_forum_notify', '1', 0),
('allow_mass_pm', '1', 0),
('allow_name_chars', 'USERNAME_CHARS_ANY', 0),
('allow_namechange', '0', 0),
('allow_nocensors', '0', 0),
('allow_pm_attach', '0', 0),
('allow_pm_report', '1', 0),
('allow_post_flash', '1', 0),
('allow_post_links', '1', 0),
('allow_privmsg', '1', 0),
('allow_quick_reply', '1', 0),
('allow_sig', '1', 0),
('allow_sig_bbcode', '1', 0),
('allow_sig_flash', '0', 0),
('allow_sig_img', '1', 0),
('allow_sig_links', '1', 0),
('allow_sig_pm', '1', 0),
('allow_sig_smilies', '1', 0),
('allow_smilies', '1', 0),
('allow_topic_notify', '1', 0),
('attachment_quota', '52428800', 0),
('auth_bbcode_pm', '1', 0),
('auth_flash_pm', '0', 0),
('auth_img_pm', '1', 0),
('auth_method', 'db', 0),
('auth_smilies_pm', '1', 0),
('avatar_filesize', '6144', 0),
('avatar_gallery_path', 'images/avatars/gallery', 0),
('avatar_max_height', '90', 0),
('avatar_max_width', '90', 0),
('avatar_min_height', '20', 0),
('avatar_min_width', '20', 0),
('avatar_path', 'images/avatars/upload', 0),
('avatar_salt', 'c1712ff3c9107adb28b9698b58a1cc06', 0),
('board_contact', 'jwoodall@matherlifeways.com', 0),
('board_disable', '0', 0),
('board_disable_msg', '', 0),
('board_dst', '1', 0),
('board_email', 'jwoodall@matherlifeways.com', 0),
('board_email_form', '0', 0),
('board_email_sig', 'Thanks, The Management', 0),
('board_hide_emails', '1', 0),
('board_timezone', '-6', 0),
('browser_check', '1', 0),
('bump_interval', '10', 0),
('bump_type', 'd', 0),
('cache_gc', '7200', 0),
('captcha_plugin', 'phpbb_captcha_gd', 0),
('captcha_gd', '1', 0),
('captcha_gd_foreground_noise', '0', 0),
('captcha_gd_x_grid', '25', 0),
('captcha_gd_y_grid', '25', 0),
('captcha_gd_wave', '0', 0),
('captcha_gd_3d_noise', '1', 0),
('captcha_gd_fonts', '1', 0),
('confirm_refresh', '1', 0),
('check_attachment_content', '1', 0),
('check_dnsbl', '0', 0),
('chg_passforce', '0', 0),
('cookie_domain', 'onlineportal.matherlifeways.com', 0),
('cookie_name', 'phpbb3_5fzi1', 0),
('cookie_path', '/', 0),
('cookie_secure', '1', 0),
('coppa_enable', '0', 0),
('coppa_fax', '', 0),
('coppa_mail', '', 0),
('database_gc', '604800', 0),
('dbms_version', '5.0.95', 0),
('default_dateformat', 'D M d, Y g:i a', 0),
('default_style', '1', 0),
('display_last_edited', '1', 0),
('display_order', '0', 0),
('edit_time', '0', 0),
('delete_time', '0', 0),
('email_check_mx', '1', 0),
('email_enable', '1', 0),
('email_function_name', 'mail', 0),
('email_max_chunk_size', '50', 0),
('email_package_size', '20', 0),
('enable_confirm', '1', 0),
('enable_pm_icons', '1', 0),
('enable_post_confirm', '1', 0),
('feed_enable', '1', 0),
('feed_http_auth', '0', 0),
('feed_limit_post', '15', 0),
('feed_limit_topic', '10', 0),
('feed_overall_forums', '0', 0),
('feed_overall', '1', 0),
('feed_forum', '1', 0),
('feed_topic', '1', 0),
('feed_topics_new', '1', 0),
('feed_topics_active', '0', 0),
('feed_item_statistics', '1', 0),
('flood_interval', '15', 0),
('force_server_vars', '1', 0),
('form_token_lifetime', '7200', 0),
('form_token_mintime', '0', 0),
('form_token_sid_guests', '1', 0),
('forward_pm', '1', 0),
('forwarded_for_check', '0', 0),
('full_folder_action', '2', 0),
('fulltext_mysql_max_word_len', '254', 0),
('fulltext_mysql_min_word_len', '4', 0),
('fulltext_native_common_thres', '5', 0),
('fulltext_native_load_upd', '1', 0),
('fulltext_native_max_chars', '14', 0),
('fulltext_native_min_chars', '3', 0),
('gzip_compress', '0', 0),
('hot_threshold', '25', 0),
('icons_path', 'images/icons', 0),
('img_create_thumbnail', '0', 0),
('img_display_inlined', '1', 0),
('img_imagick', '', 0),
('img_link_height', '0', 0),
('img_link_width', '0', 0),
('img_max_height', '0', 0),
('img_max_thumb_width', '400', 0),
('img_max_width', '0', 0),
('img_min_thumb_filesize', '12000', 0),
('ip_check', '4', 0),
('ip_login_limit_max', '50', 0),
('ip_login_limit_time', '21600', 0),
('ip_login_limit_use_forwarded', '0', 0),
('jab_enable', '0', 0),
('jab_host', '', 0),
('jab_password', '', 0),
('jab_package_size', '20', 0),
('jab_port', '5222', 0),
('jab_use_ssl', '0', 0),
('jab_username', '', 0),
('ldap_base_dn', '', 0),
('ldap_email', '', 0),
('ldap_password', '', 0),
('ldap_port', '', 0),
('ldap_server', '', 0),
('ldap_uid', '', 0),
('ldap_user', '', 0),
('ldap_user_filter', '', 0),
('limit_load', '0', 0),
('limit_search_load', '0', 0),
('load_anon_lastread', '0', 0),
('load_birthdays', '1', 0),
('load_cpf_memberlist', '0', 0),
('load_cpf_viewprofile', '1', 0),
('load_cpf_viewtopic', '0', 0),
('load_db_lastread', '1', 0),
('load_db_track', '1', 0),
('load_jumpbox', '1', 0),
('load_moderators', '1', 0),
('load_online', '1', 0),
('load_online_guests', '1', 0),
('load_online_time', '5', 0),
('load_onlinetrack', '1', 0),
('load_search', '1', 0),
('load_tplcompile', '0', 0),
('load_unreads_search', '1', 0),
('load_user_activity', '1', 0),
('max_attachments', '3', 0),
('max_attachments_pm', '1', 0),
('max_autologin_time', '0', 0),
('max_filesize', '262144', 0),
('max_filesize_pm', '262144', 0),
('max_login_attempts', '3', 0),
('max_name_chars', '20', 0),
('max_num_search_keywords', '10', 0),
('max_pass_chars', '100', 0),
('max_poll_options', '10', 0),
('max_post_chars', '60000', 0),
('max_post_font_size', '200', 0),
('max_post_img_height', '0', 0),
('max_post_img_width', '0', 0),
('max_post_smilies', '0', 0),
('max_post_urls', '0', 0),
('max_quote_depth', '3', 0),
('max_reg_attempts', '5', 0),
('max_sig_chars', '255', 0),
('max_sig_font_size', '200', 0),
('max_sig_img_height', '0', 0),
('max_sig_img_width', '0', 0),
('max_sig_smilies', '0', 0),
('max_sig_urls', '5', 0),
('min_name_chars', '3', 0),
('min_pass_chars', '6', 0),
('min_post_chars', '1', 0),
('min_search_author_chars', '3', 0),
('mime_triggers', 'body|head|html|img|plaintext|a href|pre|script|table|title', 0),
('new_member_post_limit', '3', 0),
('new_member_group_default', '0', 0),
('override_user_style', '0', 0),
('pass_complex', 'PASS_TYPE_ANY', 0),
('pm_edit_time', '0', 0),
('pm_max_boxes', '4', 0),
('pm_max_msgs', '50', 0),
('pm_max_recipients', '0', 0),
('posts_per_page', '10', 0),
('print_pm', '1', 0),
('queue_interval', '60', 0),
('ranks_path', 'images/ranks', 0),
('require_activation', '1', 0),
('referer_validation', '1', 0),
('script_path', '/phpBB', 0),
('search_block_size', '250', 0),
('search_gc', '7200', 0),
('search_interval', '0', 0),
('search_anonymous_interval', '0', 0),
('search_type', 'fulltext_native', 0),
('search_store_results', '1800', 0),
('secure_allow_deny', '1', 0),
('secure_allow_empty_referer', '1', 0),
('secure_downloads', '0', 0),
('server_name', 'onlineportal.matherlifeways.com', 0),
('server_port', '443', 0),
('server_protocol', 'https://', 0),
('session_gc', '3600', 0),
('session_length', '3600', 0),
('site_desc', 'Mather LifeWays Institute on Aging Online Course Portal', 0),
('sitename', 'onlineportal.matherlifeways.com', 0),
('smilies_path', 'images/smilies', 0),
('smilies_per_page', '50', 0),
('smtp_auth_method', 'PLAIN', 0),
('smtp_delivery', '0', 0),
('smtp_host', '', 0),
('smtp_password', '', 0),
('smtp_port', '25', 0),
('smtp_username', '', 0),
('topics_per_page', '25', 0),
('tpl_allow_php', '0', 0),
('upload_icons_path', 'images/upload_icons', 0),
('upload_path', 'files', 0),
('version', '3.0.11', 0),
('warnings_expire_days', '90', 0),
('warnings_gc', '14400', 0),
('cache_last_gc', '0', 1),
('cron_lock', '0', 1),
('database_last_gc', '0', 1),
('last_queue_run', '0', 1),
('newest_user_colour', 'AA0000', 1),
('newest_user_id', '2', 1),
('newest_username', 'c145190-h222718', 1),
('num_files', '0', 1),
('num_posts', '1', 1),
('num_topics', '1', 1),
('num_users', '1', 1),
('rand_seed', '6aeb72ffa3a7a37852e5f305b2522444', 1),
('rand_seed_last_update', '1346466415', 1),
('record_online_date', '0', 1),
('record_online_users', '0', 1),
('search_indexing_state', '', 1),
('search_last_gc', '0', 1),
('session_last_gc', '0', 1),
('upload_dir_size', '0', 1),
('warnings_last_gc', '0', 1),
('board_startdate', '1346462145', 0),
('default_lang', 'en', 0),
('questionnaire_unique_id', '63e4417965db2dba', 0);

-- --------------------------------------------------------

--
-- Table structure for table `phpbb_confirm`
--

DROP TABLE IF EXISTS `phpbb_confirm`;
CREATE TABLE IF NOT EXISTS `phpbb_confirm` (
  `confirm_id` char(32) collate utf8_bin NOT NULL default '',
  `session_id` char(32) collate utf8_bin NOT NULL default '',
  `confirm_type` tinyint(3) NOT NULL default '0',
  `code` varchar(8) collate utf8_bin NOT NULL default '',
  `seed` int(10) unsigned NOT NULL default '0',
  `attempts` mediumint(8) unsigned NOT NULL default '0',
  PRIMARY KEY  (`session_id`,`confirm_id`),
  KEY `confirm_type` (`confirm_type`)
) ENGINE=MyISAM DEFAULT CHARSET=utf8 COLLATE=utf8_bin;

--
-- Dumping data for table `phpbb_confirm`
--

INSERT INTO `phpbb_confirm` (`confirm_id`, `session_id`, `confirm_type`, `code`, `seed`, `attempts`) VALUES
('b90b47e913fb5e592fdd87a3f7ce91ad', 'cef0b8ef40776607bea7c4fe8ec1b57f', 1, '3XJ1A5H', 78208197, 0);

-- --------------------------------------------------------

--
-- Table structure for table `phpbb_disallow`
--

DROP TABLE IF EXISTS `phpbb_disallow`;
CREATE TABLE IF NOT EXISTS `phpbb_disallow` (
  `disallow_id` mediumint(8) unsigned NOT NULL auto_increment,
  `disallow_username` varchar(255) collate utf8_bin NOT NULL default '',
  PRIMARY KEY  (`disallow_id`)
) ENGINE=MyISAM DEFAULT CHARSET=utf8 COLLATE=utf8_bin AUTO_INCREMENT=1 ;

--
-- Dumping data for table `phpbb_disallow`
--


-- --------------------------------------------------------

--
-- Table structure for table `phpbb_drafts`
--

DROP TABLE IF EXISTS `phpbb_drafts`;
CREATE TABLE IF NOT EXISTS `phpbb_drafts` (
  `draft_id` mediumint(8) unsigned NOT NULL auto_increment,
  `user_id` mediumint(8) unsigned NOT NULL default '0',
  `topic_id` mediumint(8) unsigned NOT NULL default '0',
  `forum_id` mediumint(8) unsigned NOT NULL default '0',
  `save_time` int(11) unsigned NOT NULL default '0',
  `draft_subject` varchar(255) collate utf8_bin NOT NULL default '',
  `draft_message` mediumtext collate utf8_bin NOT NULL,
  PRIMARY KEY  (`draft_id`),
  KEY `save_time` (`save_time`)
) ENGINE=MyISAM DEFAULT CHARSET=utf8 COLLATE=utf8_bin AUTO_INCREMENT=1 ;

--
-- Dumping data for table `phpbb_drafts`
--


-- --------------------------------------------------------

--
-- Table structure for table `phpbb_extensions`
--

DROP TABLE IF EXISTS `phpbb_extensions`;
CREATE TABLE IF NOT EXISTS `phpbb_extensions` (
  `extension_id` mediumint(8) unsigned NOT NULL auto_increment,
  `group_id` mediumint(8) unsigned NOT NULL default '0',
  `extension` varchar(100) collate utf8_bin NOT NULL default '',
  PRIMARY KEY  (`extension_id`)
) ENGINE=MyISAM  DEFAULT CHARSET=utf8 COLLATE=utf8_bin AUTO_INCREMENT=67 ;

--
-- Dumping data for table `phpbb_extensions`
--

INSERT INTO `phpbb_extensions` (`extension_id`, `group_id`, `extension`) VALUES
(1, 1, 'gif'),
(2, 1, 'png'),
(3, 1, 'jpeg'),
(4, 1, 'jpg'),
(5, 1, 'tif'),
(6, 1, 'tiff'),
(7, 1, 'tga'),
(8, 2, 'gtar'),
(9, 2, 'gz'),
(10, 2, 'tar'),
(11, 2, 'zip'),
(12, 2, 'rar'),
(13, 2, 'ace'),
(14, 2, 'torrent'),
(15, 2, 'tgz'),
(16, 2, 'bz2'),
(17, 2, '7z'),
(18, 3, 'txt'),
(19, 3, 'c'),
(20, 3, 'h'),
(21, 3, 'cpp'),
(22, 3, 'hpp'),
(23, 3, 'diz'),
(24, 3, 'csv'),
(25, 3, 'ini'),
(26, 3, 'log'),
(27, 3, 'js'),
(28, 3, 'xml'),
(29, 4, 'xls'),
(30, 4, 'xlsx'),
(31, 4, 'xlsm'),
(32, 4, 'xlsb'),
(33, 4, 'doc'),
(34, 4, 'docx'),
(35, 4, 'docm'),
(36, 4, 'dot'),
(37, 4, 'dotx'),
(38, 4, 'dotm'),
(39, 4, 'pdf'),
(40, 4, 'ai'),
(41, 4, 'ps'),
(42, 4, 'ppt'),
(43, 4, 'pptx'),
(44, 4, 'pptm'),
(45, 4, 'odg'),
(46, 4, 'odp'),
(47, 4, 'ods'),
(48, 4, 'odt'),
(49, 4, 'rtf'),
(50, 5, 'rm'),
(51, 5, 'ram'),
(52, 6, 'wma'),
(53, 6, 'wmv'),
(54, 7, 'swf'),
(55, 8, 'mov'),
(56, 8, 'm4v'),
(57, 8, 'm4a'),
(58, 8, 'mp4'),
(59, 8, '3gp'),
(60, 8, '3g2'),
(61, 8, 'qt'),
(62, 9, 'mpeg'),
(63, 9, 'mpg'),
(64, 9, 'mp3'),
(65, 9, 'ogg'),
(66, 9, 'ogm');

-- --------------------------------------------------------

--
-- Table structure for table `phpbb_extension_groups`
--

DROP TABLE IF EXISTS `phpbb_extension_groups`;
CREATE TABLE IF NOT EXISTS `phpbb_extension_groups` (
  `group_id` mediumint(8) unsigned NOT NULL auto_increment,
  `group_name` varchar(255) collate utf8_bin NOT NULL default '',
  `cat_id` tinyint(2) NOT NULL default '0',
  `allow_group` tinyint(1) unsigned NOT NULL default '0',
  `download_mode` tinyint(1) unsigned NOT NULL default '1',
  `upload_icon` varchar(255) collate utf8_bin NOT NULL default '',
  `max_filesize` int(20) unsigned NOT NULL default '0',
  `allowed_forums` text collate utf8_bin NOT NULL,
  `allow_in_pm` tinyint(1) unsigned NOT NULL default '0',
  PRIMARY KEY  (`group_id`)
) ENGINE=MyISAM  DEFAULT CHARSET=utf8 COLLATE=utf8_bin AUTO_INCREMENT=10 ;

--
-- Dumping data for table `phpbb_extension_groups`
--

INSERT INTO `phpbb_extension_groups` (`group_id`, `group_name`, `cat_id`, `allow_group`, `download_mode`, `upload_icon`, `max_filesize`, `allowed_forums`, `allow_in_pm`) VALUES
(1, 'IMAGES', 1, 1, 1, '', 0, '', 0),
(2, 'ARCHIVES', 0, 1, 1, '', 0, '', 0),
(3, 'PLAIN_TEXT', 0, 0, 1, '', 0, '', 0),
(4, 'DOCUMENTS', 0, 0, 1, '', 0, '', 0),
(5, 'REAL_MEDIA', 3, 0, 1, '', 0, '', 0),
(6, 'WINDOWS_MEDIA', 2, 0, 1, '', 0, '', 0),
(7, 'FLASH_FILES', 5, 0, 1, '', 0, '', 0),
(8, 'QUICKTIME_MEDIA', 6, 0, 1, '', 0, '', 0),
(9, 'DOWNLOADABLE_FILES', 0, 0, 1, '', 0, '', 0);

-- --------------------------------------------------------

--
-- Table structure for table `phpbb_forums`
--

DROP TABLE IF EXISTS `phpbb_forums`;
CREATE TABLE IF NOT EXISTS `phpbb_forums` (
  `forum_id` mediumint(8) unsigned NOT NULL auto_increment,
  `parent_id` mediumint(8) unsigned NOT NULL default '0',
  `left_id` mediumint(8) unsigned NOT NULL default '0',
  `right_id` mediumint(8) unsigned NOT NULL default '0',
  `forum_parents` mediumtext collate utf8_bin NOT NULL,
  `forum_name` varchar(255) collate utf8_bin NOT NULL default '',
  `forum_desc` text collate utf8_bin NOT NULL,
  `forum_desc_bitfield` varchar(255) collate utf8_bin NOT NULL default '',
  `forum_desc_options` int(11) unsigned NOT NULL default '7',
  `forum_desc_uid` varchar(8) collate utf8_bin NOT NULL default '',
  `forum_link` varchar(255) collate utf8_bin NOT NULL default '',
  `forum_password` varchar(40) collate utf8_bin NOT NULL default '',
  `forum_style` mediumint(8) unsigned NOT NULL default '0',
  `forum_image` varchar(255) collate utf8_bin NOT NULL default '',
  `forum_rules` text collate utf8_bin NOT NULL,
  `forum_rules_link` varchar(255) collate utf8_bin NOT NULL default '',
  `forum_rules_bitfield` varchar(255) collate utf8_bin NOT NULL default '',
  `forum_rules_options` int(11) unsigned NOT NULL default '7',
  `forum_rules_uid` varchar(8) collate utf8_bin NOT NULL default '',
  `forum_topics_per_page` tinyint(4) NOT NULL default '0',
  `forum_type` tinyint(4) NOT NULL default '0',
  `forum_status` tinyint(4) NOT NULL default '0',
  `forum_posts` mediumint(8) unsigned NOT NULL default '0',
  `forum_topics` mediumint(8) unsigned NOT NULL default '0',
  `forum_topics_real` mediumint(8) unsigned NOT NULL default '0',
  `forum_last_post_id` mediumint(8) unsigned NOT NULL default '0',
  `forum_last_poster_id` mediumint(8) unsigned NOT NULL default '0',
  `forum_last_post_subject` varchar(255) collate utf8_bin NOT NULL default '',
  `forum_last_post_time` int(11) unsigned NOT NULL default '0',
  `forum_last_poster_name` varchar(255) collate utf8_bin NOT NULL default '',
  `forum_last_poster_colour` varchar(6) collate utf8_bin NOT NULL default '',
  `forum_flags` tinyint(4) NOT NULL default '32',
  `forum_options` int(20) unsigned NOT NULL default '0',
  `display_subforum_list` tinyint(1) unsigned NOT NULL default '1',
  `display_on_index` tinyint(1) unsigned NOT NULL default '1',
  `enable_indexing` tinyint(1) unsigned NOT NULL default '1',
  `enable_icons` tinyint(1) unsigned NOT NULL default '1',
  `enable_prune` tinyint(1) unsigned NOT NULL default '0',
  `prune_next` int(11) unsigned NOT NULL default '0',
  `prune_days` mediumint(8) unsigned NOT NULL default '0',
  `prune_viewed` mediumint(8) unsigned NOT NULL default '0',
  `prune_freq` mediumint(8) unsigned NOT NULL default '0',
  PRIMARY KEY  (`forum_id`),
  KEY `left_right_id` (`left_id`,`right_id`),
  KEY `forum_lastpost_id` (`forum_last_post_id`)
) ENGINE=MyISAM  DEFAULT CHARSET=utf8 COLLATE=utf8_bin AUTO_INCREMENT=3 ;

--
-- Dumping data for table `phpbb_forums`
--

INSERT INTO `phpbb_forums` (`forum_id`, `parent_id`, `left_id`, `right_id`, `forum_parents`, `forum_name`, `forum_desc`, `forum_desc_bitfield`, `forum_desc_options`, `forum_desc_uid`, `forum_link`, `forum_password`, `forum_style`, `forum_image`, `forum_rules`, `forum_rules_link`, `forum_rules_bitfield`, `forum_rules_options`, `forum_rules_uid`, `forum_topics_per_page`, `forum_type`, `forum_status`, `forum_posts`, `forum_topics`, `forum_topics_real`, `forum_last_post_id`, `forum_last_poster_id`, `forum_last_post_subject`, `forum_last_post_time`, `forum_last_poster_name`, `forum_last_poster_colour`, `forum_flags`, `forum_options`, `display_subforum_list`, `display_on_index`, `enable_indexing`, `enable_icons`, `enable_prune`, `prune_next`, `prune_days`, `prune_viewed`, `prune_freq`) VALUES
(1, 0, 1, 4, '', 'Your first category', '', '', 7, '', '', '', 0, '', '', '', '', 7, '', 0, 0, 0, 1, 1, 1, 1, 2, '', 1346462145, 'c145190-h222718', 'AA0000', 32, 0, 1, 1, 1, 1, 0, 0, 0, 0, 0),
(2, 1, 2, 3, '', 'Your first forum', 0x4465736372697074696f6e206f6620796f757220666972737420666f72756d2e, '', 7, '', '', '', 0, '', '', '', '', 7, '', 0, 1, 0, 1, 1, 1, 1, 2, 'Welcome to phpBB3', 1346462145, 'c145190-h222718', 'AA0000', 48, 0, 1, 1, 1, 1, 0, 0, 0, 0, 0);

-- --------------------------------------------------------

--
-- Table structure for table `phpbb_forums_access`
--

DROP TABLE IF EXISTS `phpbb_forums_access`;
CREATE TABLE IF NOT EXISTS `phpbb_forums_access` (
  `forum_id` mediumint(8) unsigned NOT NULL default '0',
  `user_id` mediumint(8) unsigned NOT NULL default '0',
  `session_id` char(32) collate utf8_bin NOT NULL default '',
  PRIMARY KEY  (`forum_id`,`user_id`,`session_id`)
) ENGINE=MyISAM DEFAULT CHARSET=utf8 COLLATE=utf8_bin;

--
-- Dumping data for table `phpbb_forums_access`
--


-- --------------------------------------------------------

--
-- Table structure for table `phpbb_forums_track`
--

DROP TABLE IF EXISTS `phpbb_forums_track`;
CREATE TABLE IF NOT EXISTS `phpbb_forums_track` (
  `user_id` mediumint(8) unsigned NOT NULL default '0',
  `forum_id` mediumint(8) unsigned NOT NULL default '0',
  `mark_time` int(11) unsigned NOT NULL default '0',
  PRIMARY KEY  (`user_id`,`forum_id`)
) ENGINE=MyISAM DEFAULT CHARSET=utf8 COLLATE=utf8_bin;

--
-- Dumping data for table `phpbb_forums_track`
--


-- --------------------------------------------------------

--
-- Table structure for table `phpbb_forums_watch`
--

DROP TABLE IF EXISTS `phpbb_forums_watch`;
CREATE TABLE IF NOT EXISTS `phpbb_forums_watch` (
  `forum_id` mediumint(8) unsigned NOT NULL default '0',
  `user_id` mediumint(8) unsigned NOT NULL default '0',
  `notify_status` tinyint(1) unsigned NOT NULL default '0',
  KEY `forum_id` (`forum_id`),
  KEY `user_id` (`user_id`),
  KEY `notify_stat` (`notify_status`)
) ENGINE=MyISAM DEFAULT CHARSET=utf8 COLLATE=utf8_bin;

--
-- Dumping data for table `phpbb_forums_watch`
--


-- --------------------------------------------------------

--
-- Table structure for table `phpbb_groups`
--

DROP TABLE IF EXISTS `phpbb_groups`;
CREATE TABLE IF NOT EXISTS `phpbb_groups` (
  `group_id` mediumint(8) unsigned NOT NULL auto_increment,
  `group_type` tinyint(4) NOT NULL default '1',
  `group_founder_manage` tinyint(1) unsigned NOT NULL default '0',
  `group_skip_auth` tinyint(1) unsigned NOT NULL default '0',
  `group_name` varchar(255) collate utf8_bin NOT NULL default '',
  `group_desc` text collate utf8_bin NOT NULL,
  `group_desc_bitfield` varchar(255) collate utf8_bin NOT NULL default '',
  `group_desc_options` int(11) unsigned NOT NULL default '7',
  `group_desc_uid` varchar(8) collate utf8_bin NOT NULL default '',
  `group_display` tinyint(1) unsigned NOT NULL default '0',
  `group_avatar` varchar(255) collate utf8_bin NOT NULL default '',
  `group_avatar_type` tinyint(2) NOT NULL default '0',
  `group_avatar_width` smallint(4) unsigned NOT NULL default '0',
  `group_avatar_height` smallint(4) unsigned NOT NULL default '0',
  `group_rank` mediumint(8) unsigned NOT NULL default '0',
  `group_colour` varchar(6) collate utf8_bin NOT NULL default '',
  `group_sig_chars` mediumint(8) unsigned NOT NULL default '0',
  `group_receive_pm` tinyint(1) unsigned NOT NULL default '0',
  `group_message_limit` mediumint(8) unsigned NOT NULL default '0',
  `group_max_recipients` mediumint(8) unsigned NOT NULL default '0',
  `group_legend` tinyint(1) unsigned NOT NULL default '1',
  PRIMARY KEY  (`group_id`),
  KEY `group_legend_name` (`group_legend`,`group_name`)
) ENGINE=MyISAM  DEFAULT CHARSET=utf8 COLLATE=utf8_bin AUTO_INCREMENT=8 ;

--
-- Dumping data for table `phpbb_groups`
--

INSERT INTO `phpbb_groups` (`group_id`, `group_type`, `group_founder_manage`, `group_skip_auth`, `group_name`, `group_desc`, `group_desc_bitfield`, `group_desc_options`, `group_desc_uid`, `group_display`, `group_avatar`, `group_avatar_type`, `group_avatar_width`, `group_avatar_height`, `group_rank`, `group_colour`, `group_sig_chars`, `group_receive_pm`, `group_message_limit`, `group_max_recipients`, `group_legend`) VALUES
(1, 3, 0, 0, 'GUESTS', '', '', 7, '', 0, '', 0, 0, 0, 0, '', 0, 0, 0, 5, 0),
(2, 3, 0, 0, 'REGISTERED', '', '', 7, '', 0, '', 0, 0, 0, 0, '', 0, 0, 0, 5, 0),
(3, 3, 0, 0, 'REGISTERED_COPPA', '', '', 7, '', 0, '', 0, 0, 0, 0, '', 0, 0, 0, 5, 0),
(4, 3, 0, 0, 'GLOBAL_MODERATORS', '', '', 7, '', 0, '', 0, 0, 0, 0, '00AA00', 0, 0, 0, 0, 1),
(5, 3, 1, 0, 'ADMINISTRATORS', '', '', 7, '', 0, '', 0, 0, 0, 0, 'AA0000', 0, 0, 0, 0, 1),
(6, 3, 0, 0, 'BOTS', '', '', 7, '', 0, '', 0, 0, 0, 0, '9E8DA7', 0, 0, 0, 5, 0),
(7, 3, 0, 0, 'NEWLY_REGISTERED', '', '', 7, '', 0, '', 0, 0, 0, 0, '', 0, 0, 0, 5, 0);

-- --------------------------------------------------------

--
-- Table structure for table `phpbb_icons`
--

DROP TABLE IF EXISTS `phpbb_icons`;
CREATE TABLE IF NOT EXISTS `phpbb_icons` (
  `icons_id` mediumint(8) unsigned NOT NULL auto_increment,
  `icons_url` varchar(255) collate utf8_bin NOT NULL default '',
  `icons_width` tinyint(4) NOT NULL default '0',
  `icons_height` tinyint(4) NOT NULL default '0',
  `icons_order` mediumint(8) unsigned NOT NULL default '0',
  `display_on_posting` tinyint(1) unsigned NOT NULL default '1',
  PRIMARY KEY  (`icons_id`),
  KEY `display_on_posting` (`display_on_posting`)
) ENGINE=MyISAM  DEFAULT CHARSET=utf8 COLLATE=utf8_bin AUTO_INCREMENT=11 ;

--
-- Dumping data for table `phpbb_icons`
--

INSERT INTO `phpbb_icons` (`icons_id`, `icons_url`, `icons_width`, `icons_height`, `icons_order`, `display_on_posting`) VALUES
(1, 'misc/fire.gif', 16, 16, 1, 1),
(2, 'smile/redface.gif', 16, 16, 9, 1),
(3, 'smile/mrgreen.gif', 16, 16, 10, 1),
(4, 'misc/heart.gif', 16, 16, 4, 1),
(5, 'misc/star.gif', 16, 16, 2, 1),
(6, 'misc/radioactive.gif', 16, 16, 3, 1),
(7, 'misc/thinking.gif', 16, 16, 5, 1),
(8, 'smile/info.gif', 16, 16, 8, 1),
(9, 'smile/question.gif', 16, 16, 6, 1),
(10, 'smile/alert.gif', 16, 16, 7, 1);

-- --------------------------------------------------------

--
-- Table structure for table `phpbb_lang`
--

DROP TABLE IF EXISTS `phpbb_lang`;
CREATE TABLE IF NOT EXISTS `phpbb_lang` (
  `lang_id` tinyint(4) NOT NULL auto_increment,
  `lang_iso` varchar(30) collate utf8_bin NOT NULL default '',
  `lang_dir` varchar(30) collate utf8_bin NOT NULL default '',
  `lang_english_name` varchar(100) collate utf8_bin NOT NULL default '',
  `lang_local_name` varchar(255) collate utf8_bin NOT NULL default '',
  `lang_author` varchar(255) collate utf8_bin NOT NULL default '',
  PRIMARY KEY  (`lang_id`),
  KEY `lang_iso` (`lang_iso`)
) ENGINE=MyISAM  DEFAULT CHARSET=utf8 COLLATE=utf8_bin AUTO_INCREMENT=2 ;

--
-- Dumping data for table `phpbb_lang`
--

INSERT INTO `phpbb_lang` (`lang_id`, `lang_iso`, `lang_dir`, `lang_english_name`, `lang_local_name`, `lang_author`) VALUES
(1, 'en', 'en', 'British English', 'British English', 'phpBB Group');

-- --------------------------------------------------------

--
-- Table structure for table `phpbb_log`
--

DROP TABLE IF EXISTS `phpbb_log`;
CREATE TABLE IF NOT EXISTS `phpbb_log` (
  `log_id` mediumint(8) unsigned NOT NULL auto_increment,
  `log_type` tinyint(4) NOT NULL default '0',
  `user_id` mediumint(8) unsigned NOT NULL default '0',
  `forum_id` mediumint(8) unsigned NOT NULL default '0',
  `topic_id` mediumint(8) unsigned NOT NULL default '0',
  `reportee_id` mediumint(8) unsigned NOT NULL default '0',
  `log_ip` varchar(40) collate utf8_bin NOT NULL default '',
  `log_time` int(11) unsigned NOT NULL default '0',
  `log_operation` text collate utf8_bin NOT NULL,
  `log_data` mediumtext collate utf8_bin NOT NULL,
  PRIMARY KEY  (`log_id`),
  KEY `log_type` (`log_type`),
  KEY `forum_id` (`forum_id`),
  KEY `topic_id` (`topic_id`),
  KEY `reportee_id` (`reportee_id`),
  KEY `user_id` (`user_id`)
) ENGINE=MyISAM  DEFAULT CHARSET=utf8 COLLATE=utf8_bin AUTO_INCREMENT=5 ;

--
-- Dumping data for table `phpbb_log`
--

INSERT INTO `phpbb_log` (`log_id`, `log_type`, `user_id`, `forum_id`, `topic_id`, `reportee_id`, `log_ip`, `log_time`, `log_operation`, `log_data`) VALUES
(1, 0, 2, 0, 0, 0, '98.253.33.44', 1346462156, 0x4c4f475f494e5354414c4c5f494e5354414c4c4544, 0x613a313a7b693a303b733a363a22332e302e3131223b7d),
(2, 0, 2, 0, 0, 0, '98.253.33.44', 1346466061, 0x4c4f475f434f4e4649475f5345435552495459, ''),
(3, 0, 2, 0, 0, 0, '98.253.33.44', 1346466230, 0x4c4f475f434f4e4649475f53455454494e4753, ''),
(4, 0, 2, 0, 0, 0, '98.253.33.44', 1346466401, 0x4c4f475f434f4e4649475f524547495354524154494f4e, '');

-- --------------------------------------------------------

--
-- Table structure for table `phpbb_login_attempts`
--

DROP TABLE IF EXISTS `phpbb_login_attempts`;
CREATE TABLE IF NOT EXISTS `phpbb_login_attempts` (
  `attempt_ip` varchar(40) collate utf8_bin NOT NULL default '',
  `attempt_browser` varchar(150) collate utf8_bin NOT NULL default '',
  `attempt_forwarded_for` varchar(255) collate utf8_bin NOT NULL default '',
  `attempt_time` int(11) unsigned NOT NULL default '0',
  `user_id` mediumint(8) unsigned NOT NULL default '0',
  `username` varchar(255) collate utf8_bin NOT NULL default '0',
  `username_clean` varchar(255) collate utf8_bin NOT NULL default '0',
  KEY `att_ip` (`attempt_ip`,`attempt_time`),
  KEY `att_for` (`attempt_forwarded_for`,`attempt_time`),
  KEY `att_time` (`attempt_time`),
  KEY `user_id` (`user_id`)
) ENGINE=MyISAM DEFAULT CHARSET=utf8 COLLATE=utf8_bin;

--
-- Dumping data for table `phpbb_login_attempts`
--


-- --------------------------------------------------------

--
-- Table structure for table `phpbb_moderator_cache`
--

DROP TABLE IF EXISTS `phpbb_moderator_cache`;
CREATE TABLE IF NOT EXISTS `phpbb_moderator_cache` (
  `forum_id` mediumint(8) unsigned NOT NULL default '0',
  `user_id` mediumint(8) unsigned NOT NULL default '0',
  `username` varchar(255) collate utf8_bin NOT NULL default '',
  `group_id` mediumint(8) unsigned NOT NULL default '0',
  `group_name` varchar(255) collate utf8_bin NOT NULL default '',
  `display_on_index` tinyint(1) unsigned NOT NULL default '1',
  KEY `disp_idx` (`display_on_index`),
  KEY `forum_id` (`forum_id`)
) ENGINE=MyISAM DEFAULT CHARSET=utf8 COLLATE=utf8_bin;

--
-- Dumping data for table `phpbb_moderator_cache`
--


-- --------------------------------------------------------

--
-- Table structure for table `phpbb_modules`
--

DROP TABLE IF EXISTS `phpbb_modules`;
CREATE TABLE IF NOT EXISTS `phpbb_modules` (
  `module_id` mediumint(8) unsigned NOT NULL auto_increment,
  `module_enabled` tinyint(1) unsigned NOT NULL default '1',
  `module_display` tinyint(1) unsigned NOT NULL default '1',
  `module_basename` varchar(255) collate utf8_bin NOT NULL default '',
  `module_class` varchar(10) collate utf8_bin NOT NULL default '',
  `parent_id` mediumint(8) unsigned NOT NULL default '0',
  `left_id` mediumint(8) unsigned NOT NULL default '0',
  `right_id` mediumint(8) unsigned NOT NULL default '0',
  `module_langname` varchar(255) collate utf8_bin NOT NULL default '',
  `module_mode` varchar(255) collate utf8_bin NOT NULL default '',
  `module_auth` varchar(255) collate utf8_bin NOT NULL default '',
  PRIMARY KEY  (`module_id`),
  KEY `left_right_id` (`left_id`,`right_id`),
  KEY `module_enabled` (`module_enabled`),
  KEY `class_left_id` (`module_class`,`left_id`)
) ENGINE=MyISAM  DEFAULT CHARSET=utf8 COLLATE=utf8_bin AUTO_INCREMENT=199 ;

--
-- Dumping data for table `phpbb_modules`
--

INSERT INTO `phpbb_modules` (`module_id`, `module_enabled`, `module_display`, `module_basename`, `module_class`, `parent_id`, `left_id`, `right_id`, `module_langname`, `module_mode`, `module_auth`) VALUES
(1, 1, 1, '', 'acp', 0, 1, 64, 'ACP_CAT_GENERAL', '', ''),
(2, 1, 1, '', 'acp', 1, 4, 17, 'ACP_QUICK_ACCESS', '', ''),
(3, 1, 1, '', 'acp', 1, 18, 41, 'ACP_BOARD_CONFIGURATION', '', ''),
(4, 1, 1, '', 'acp', 1, 42, 49, 'ACP_CLIENT_COMMUNICATION', '', ''),
(5, 1, 1, '', 'acp', 1, 50, 63, 'ACP_SERVER_CONFIGURATION', '', ''),
(6, 1, 1, '', 'acp', 0, 65, 84, 'ACP_CAT_FORUMS', '', ''),
(7, 1, 1, '', 'acp', 6, 66, 71, 'ACP_MANAGE_FORUMS', '', ''),
(8, 1, 1, '', 'acp', 6, 72, 83, 'ACP_FORUM_BASED_PERMISSIONS', '', ''),
(9, 1, 1, '', 'acp', 0, 85, 110, 'ACP_CAT_POSTING', '', ''),
(10, 1, 1, '', 'acp', 9, 86, 99, 'ACP_MESSAGES', '', ''),
(11, 1, 1, '', 'acp', 9, 100, 109, 'ACP_ATTACHMENTS', '', ''),
(12, 1, 1, '', 'acp', 0, 111, 166, 'ACP_CAT_USERGROUP', '', ''),
(13, 1, 1, '', 'acp', 12, 112, 145, 'ACP_CAT_USERS', '', ''),
(14, 1, 1, '', 'acp', 12, 146, 153, 'ACP_GROUPS', '', ''),
(15, 1, 1, '', 'acp', 12, 154, 165, 'ACP_USER_SECURITY', '', ''),
(16, 1, 1, '', 'acp', 0, 167, 216, 'ACP_CAT_PERMISSIONS', '', ''),
(17, 1, 1, '', 'acp', 16, 170, 179, 'ACP_GLOBAL_PERMISSIONS', '', ''),
(18, 1, 1, '', 'acp', 16, 180, 191, 'ACP_FORUM_BASED_PERMISSIONS', '', ''),
(19, 1, 1, '', 'acp', 16, 192, 201, 'ACP_PERMISSION_ROLES', '', ''),
(20, 1, 1, '', 'acp', 16, 202, 215, 'ACP_PERMISSION_MASKS', '', ''),
(21, 1, 1, '', 'acp', 0, 217, 230, 'ACP_CAT_STYLES', '', ''),
(22, 1, 1, '', 'acp', 21, 218, 221, 'ACP_STYLE_MANAGEMENT', '', ''),
(23, 1, 1, '', 'acp', 21, 222, 229, 'ACP_STYLE_COMPONENTS', '', ''),
(24, 1, 1, '', 'acp', 0, 231, 250, 'ACP_CAT_MAINTENANCE', '', ''),
(25, 1, 1, '', 'acp', 24, 232, 241, 'ACP_FORUM_LOGS', '', ''),
(26, 1, 1, '', 'acp', 24, 242, 249, 'ACP_CAT_DATABASE', '', ''),
(27, 1, 1, '', 'acp', 0, 251, 276, 'ACP_CAT_SYSTEM', '', ''),
(28, 1, 1, '', 'acp', 27, 252, 255, 'ACP_AUTOMATION', '', ''),
(29, 1, 1, '', 'acp', 27, 256, 267, 'ACP_GENERAL_TASKS', '', ''),
(30, 1, 1, '', 'acp', 27, 268, 275, 'ACP_MODULE_MANAGEMENT', '', ''),
(31, 1, 1, '', 'acp', 0, 277, 278, 'ACP_CAT_DOT_MODS', '', ''),
(32, 1, 1, 'attachments', 'acp', 3, 19, 20, 'ACP_ATTACHMENT_SETTINGS', 'attach', 'acl_a_attach'),
(33, 1, 1, 'attachments', 'acp', 11, 101, 102, 'ACP_ATTACHMENT_SETTINGS', 'attach', 'acl_a_attach'),
(34, 1, 1, 'attachments', 'acp', 11, 103, 104, 'ACP_MANAGE_EXTENSIONS', 'extensions', 'acl_a_attach'),
(35, 1, 1, 'attachments', 'acp', 11, 105, 106, 'ACP_EXTENSION_GROUPS', 'ext_groups', 'acl_a_attach'),
(36, 1, 1, 'attachments', 'acp', 11, 107, 108, 'ACP_ORPHAN_ATTACHMENTS', 'orphan', 'acl_a_attach'),
(37, 1, 1, 'ban', 'acp', 15, 155, 156, 'ACP_BAN_EMAILS', 'email', 'acl_a_ban'),
(38, 1, 1, 'ban', 'acp', 15, 157, 158, 'ACP_BAN_IPS', 'ip', 'acl_a_ban'),
(39, 1, 1, 'ban', 'acp', 15, 159, 160, 'ACP_BAN_USERNAMES', 'user', 'acl_a_ban'),
(40, 1, 1, 'bbcodes', 'acp', 10, 87, 88, 'ACP_BBCODES', 'bbcodes', 'acl_a_bbcode'),
(41, 1, 1, 'board', 'acp', 3, 21, 22, 'ACP_BOARD_SETTINGS', 'settings', 'acl_a_board'),
(42, 1, 1, 'board', 'acp', 3, 23, 24, 'ACP_BOARD_FEATURES', 'features', 'acl_a_board'),
(43, 1, 1, 'board', 'acp', 3, 25, 26, 'ACP_AVATAR_SETTINGS', 'avatar', 'acl_a_board'),
(44, 1, 1, 'board', 'acp', 3, 27, 28, 'ACP_MESSAGE_SETTINGS', 'message', 'acl_a_board'),
(45, 1, 1, 'board', 'acp', 10, 89, 90, 'ACP_MESSAGE_SETTINGS', 'message', 'acl_a_board'),
(46, 1, 1, 'board', 'acp', 3, 29, 30, 'ACP_POST_SETTINGS', 'post', 'acl_a_board'),
(47, 1, 1, 'board', 'acp', 10, 91, 92, 'ACP_POST_SETTINGS', 'post', 'acl_a_board'),
(48, 1, 1, 'board', 'acp', 3, 31, 32, 'ACP_SIGNATURE_SETTINGS', 'signature', 'acl_a_board'),
(49, 1, 1, 'board', 'acp', 3, 33, 34, 'ACP_FEED_SETTINGS', 'feed', 'acl_a_board'),
(50, 1, 1, 'board', 'acp', 3, 35, 36, 'ACP_REGISTER_SETTINGS', 'registration', 'acl_a_board'),
(51, 1, 1, 'board', 'acp', 4, 43, 44, 'ACP_AUTH_SETTINGS', 'auth', 'acl_a_server'),
(52, 1, 1, 'board', 'acp', 4, 45, 46, 'ACP_EMAIL_SETTINGS', 'email', 'acl_a_server'),
(53, 1, 1, 'board', 'acp', 5, 51, 52, 'ACP_COOKIE_SETTINGS', 'cookie', 'acl_a_server'),
(54, 1, 1, 'board', 'acp', 5, 53, 54, 'ACP_SERVER_SETTINGS', 'server', 'acl_a_server'),
(55, 1, 1, 'board', 'acp', 5, 55, 56, 'ACP_SECURITY_SETTINGS', 'security', 'acl_a_server'),
(56, 1, 1, 'board', 'acp', 5, 57, 58, 'ACP_LOAD_SETTINGS', 'load', 'acl_a_server'),
(57, 1, 1, 'bots', 'acp', 29, 257, 258, 'ACP_BOTS', 'bots', 'acl_a_bots'),
(58, 1, 1, 'captcha', 'acp', 3, 37, 38, 'ACP_VC_SETTINGS', 'visual', 'acl_a_board'),
(59, 1, 0, 'captcha', 'acp', 3, 39, 40, 'ACP_VC_CAPTCHA_DISPLAY', 'img', 'acl_a_board'),
(60, 1, 1, 'database', 'acp', 26, 243, 244, 'ACP_BACKUP', 'backup', 'acl_a_backup'),
(61, 1, 1, 'database', 'acp', 26, 245, 246, 'ACP_RESTORE', 'restore', 'acl_a_backup'),
(62, 1, 1, 'disallow', 'acp', 15, 161, 162, 'ACP_DISALLOW_USERNAMES', 'usernames', 'acl_a_names'),
(63, 1, 1, 'email', 'acp', 29, 259, 260, 'ACP_MASS_EMAIL', 'email', 'acl_a_email && cfg_email_enable'),
(64, 1, 1, 'forums', 'acp', 7, 67, 68, 'ACP_MANAGE_FORUMS', 'manage', 'acl_a_forum'),
(65, 1, 1, 'groups', 'acp', 14, 147, 148, 'ACP_GROUPS_MANAGE', 'manage', 'acl_a_group'),
(66, 1, 1, 'icons', 'acp', 10, 93, 94, 'ACP_ICONS', 'icons', 'acl_a_icons'),
(67, 1, 1, 'icons', 'acp', 10, 95, 96, 'ACP_SMILIES', 'smilies', 'acl_a_icons'),
(68, 1, 1, 'inactive', 'acp', 13, 115, 116, 'ACP_INACTIVE_USERS', 'list', 'acl_a_user'),
(69, 1, 1, 'jabber', 'acp', 4, 47, 48, 'ACP_JABBER_SETTINGS', 'settings', 'acl_a_jabber'),
(70, 1, 1, 'language', 'acp', 29, 261, 262, 'ACP_LANGUAGE_PACKS', 'lang_packs', 'acl_a_language'),
(71, 1, 1, 'logs', 'acp', 25, 233, 234, 'ACP_ADMIN_LOGS', 'admin', 'acl_a_viewlogs'),
(72, 1, 1, 'logs', 'acp', 25, 235, 236, 'ACP_MOD_LOGS', 'mod', 'acl_a_viewlogs'),
(73, 1, 1, 'logs', 'acp', 25, 237, 238, 'ACP_USERS_LOGS', 'users', 'acl_a_viewlogs'),
(74, 1, 1, 'logs', 'acp', 25, 239, 240, 'ACP_CRITICAL_LOGS', 'critical', 'acl_a_viewlogs'),
(75, 1, 1, 'main', 'acp', 1, 2, 3, 'ACP_INDEX', 'main', ''),
(76, 1, 1, 'modules', 'acp', 30, 269, 270, 'ACP', 'acp', 'acl_a_modules'),
(77, 1, 1, 'modules', 'acp', 30, 271, 272, 'UCP', 'ucp', 'acl_a_modules'),
(78, 1, 1, 'modules', 'acp', 30, 273, 274, 'MCP', 'mcp', 'acl_a_modules'),
(79, 1, 1, 'permission_roles', 'acp', 19, 193, 194, 'ACP_ADMIN_ROLES', 'admin_roles', 'acl_a_roles && acl_a_aauth'),
(80, 1, 1, 'permission_roles', 'acp', 19, 195, 196, 'ACP_USER_ROLES', 'user_roles', 'acl_a_roles && acl_a_uauth'),
(81, 1, 1, 'permission_roles', 'acp', 19, 197, 198, 'ACP_MOD_ROLES', 'mod_roles', 'acl_a_roles && acl_a_mauth'),
(82, 1, 1, 'permission_roles', 'acp', 19, 199, 200, 'ACP_FORUM_ROLES', 'forum_roles', 'acl_a_roles && acl_a_fauth'),
(83, 1, 1, 'permissions', 'acp', 16, 168, 169, 'ACP_PERMISSIONS', 'intro', 'acl_a_authusers || acl_a_authgroups || acl_a_viewauth'),
(84, 1, 0, 'permissions', 'acp', 20, 203, 204, 'ACP_PERMISSION_TRACE', 'trace', 'acl_a_viewauth'),
(85, 1, 1, 'permissions', 'acp', 18, 181, 182, 'ACP_FORUM_PERMISSIONS', 'setting_forum_local', 'acl_a_fauth && (acl_a_authusers || acl_a_authgroups)'),
(86, 1, 1, 'permissions', 'acp', 18, 183, 184, 'ACP_FORUM_PERMISSIONS_COPY', 'setting_forum_copy', 'acl_a_fauth && acl_a_authusers && acl_a_authgroups && acl_a_mauth'),
(87, 1, 1, 'permissions', 'acp', 18, 185, 186, 'ACP_FORUM_MODERATORS', 'setting_mod_local', 'acl_a_mauth && (acl_a_authusers || acl_a_authgroups)'),
(88, 1, 1, 'permissions', 'acp', 17, 171, 172, 'ACP_USERS_PERMISSIONS', 'setting_user_global', 'acl_a_authusers && (acl_a_aauth || acl_a_mauth || acl_a_uauth)'),
(89, 1, 1, 'permissions', 'acp', 13, 117, 118, 'ACP_USERS_PERMISSIONS', 'setting_user_global', 'acl_a_authusers && (acl_a_aauth || acl_a_mauth || acl_a_uauth)'),
(90, 1, 1, 'permissions', 'acp', 18, 187, 188, 'ACP_USERS_FORUM_PERMISSIONS', 'setting_user_local', 'acl_a_authusers && (acl_a_mauth || acl_a_fauth)'),
(91, 1, 1, 'permissions', 'acp', 13, 119, 120, 'ACP_USERS_FORUM_PERMISSIONS', 'setting_user_local', 'acl_a_authusers && (acl_a_mauth || acl_a_fauth)'),
(92, 1, 1, 'permissions', 'acp', 17, 173, 174, 'ACP_GROUPS_PERMISSIONS', 'setting_group_global', 'acl_a_authgroups && (acl_a_aauth || acl_a_mauth || acl_a_uauth)'),
(93, 1, 1, 'permissions', 'acp', 14, 149, 150, 'ACP_GROUPS_PERMISSIONS', 'setting_group_global', 'acl_a_authgroups && (acl_a_aauth || acl_a_mauth || acl_a_uauth)'),
(94, 1, 1, 'permissions', 'acp', 18, 189, 190, 'ACP_GROUPS_FORUM_PERMISSIONS', 'setting_group_local', 'acl_a_authgroups && (acl_a_mauth || acl_a_fauth)'),
(95, 1, 1, 'permissions', 'acp', 14, 151, 152, 'ACP_GROUPS_FORUM_PERMISSIONS', 'setting_group_local', 'acl_a_authgroups && (acl_a_mauth || acl_a_fauth)'),
(96, 1, 1, 'permissions', 'acp', 17, 175, 176, 'ACP_ADMINISTRATORS', 'setting_admin_global', 'acl_a_aauth && (acl_a_authusers || acl_a_authgroups)'),
(97, 1, 1, 'permissions', 'acp', 17, 177, 178, 'ACP_GLOBAL_MODERATORS', 'setting_mod_global', 'acl_a_mauth && (acl_a_authusers || acl_a_authgroups)'),
(98, 1, 1, 'permissions', 'acp', 20, 205, 206, 'ACP_VIEW_ADMIN_PERMISSIONS', 'view_admin_global', 'acl_a_viewauth'),
(99, 1, 1, 'permissions', 'acp', 20, 207, 208, 'ACP_VIEW_USER_PERMISSIONS', 'view_user_global', 'acl_a_viewauth'),
(100, 1, 1, 'permissions', 'acp', 20, 209, 210, 'ACP_VIEW_GLOBAL_MOD_PERMISSIONS', 'view_mod_global', 'acl_a_viewauth'),
(101, 1, 1, 'permissions', 'acp', 20, 211, 212, 'ACP_VIEW_FORUM_MOD_PERMISSIONS', 'view_mod_local', 'acl_a_viewauth'),
(102, 1, 1, 'permissions', 'acp', 20, 213, 214, 'ACP_VIEW_FORUM_PERMISSIONS', 'view_forum_local', 'acl_a_viewauth'),
(103, 1, 1, 'php_info', 'acp', 29, 263, 264, 'ACP_PHP_INFO', 'info', 'acl_a_phpinfo'),
(104, 1, 1, 'profile', 'acp', 13, 121, 122, 'ACP_CUSTOM_PROFILE_FIELDS', 'profile', 'acl_a_profile'),
(105, 1, 1, 'prune', 'acp', 7, 69, 70, 'ACP_PRUNE_FORUMS', 'forums', 'acl_a_prune'),
(106, 1, 1, 'prune', 'acp', 15, 163, 164, 'ACP_PRUNE_USERS', 'users', 'acl_a_userdel'),
(107, 1, 1, 'ranks', 'acp', 13, 123, 124, 'ACP_MANAGE_RANKS', 'ranks', 'acl_a_ranks'),
(108, 1, 1, 'reasons', 'acp', 29, 265, 266, 'ACP_MANAGE_REASONS', 'main', 'acl_a_reasons'),
(109, 1, 1, 'search', 'acp', 5, 59, 60, 'ACP_SEARCH_SETTINGS', 'settings', 'acl_a_search'),
(110, 1, 1, 'search', 'acp', 26, 247, 248, 'ACP_SEARCH_INDEX', 'index', 'acl_a_search'),
(111, 1, 1, 'send_statistics', 'acp', 5, 61, 62, 'ACP_SEND_STATISTICS', 'send_statistics', 'acl_a_server'),
(112, 1, 1, 'styles', 'acp', 22, 219, 220, 'ACP_STYLES', 'style', 'acl_a_styles'),
(113, 1, 1, 'styles', 'acp', 23, 223, 224, 'ACP_TEMPLATES', 'template', 'acl_a_styles'),
(114, 1, 1, 'styles', 'acp', 23, 225, 226, 'ACP_THEMES', 'theme', 'acl_a_styles'),
(115, 1, 1, 'styles', 'acp', 23, 227, 228, 'ACP_IMAGESETS', 'imageset', 'acl_a_styles'),
(116, 1, 1, 'update', 'acp', 28, 253, 254, 'ACP_VERSION_CHECK', 'version_check', 'acl_a_board'),
(117, 1, 1, 'users', 'acp', 13, 113, 114, 'ACP_MANAGE_USERS', 'overview', 'acl_a_user'),
(118, 1, 0, 'users', 'acp', 13, 125, 126, 'ACP_USER_FEEDBACK', 'feedback', 'acl_a_user'),
(119, 1, 0, 'users', 'acp', 13, 127, 128, 'ACP_USER_WARNINGS', 'warnings', 'acl_a_user'),
(120, 1, 0, 'users', 'acp', 13, 129, 130, 'ACP_USER_PROFILE', 'profile', 'acl_a_user'),
(121, 1, 0, 'users', 'acp', 13, 131, 132, 'ACP_USER_PREFS', 'prefs', 'acl_a_user'),
(122, 1, 0, 'users', 'acp', 13, 133, 134, 'ACP_USER_AVATAR', 'avatar', 'acl_a_user'),
(123, 1, 0, 'users', 'acp', 13, 135, 136, 'ACP_USER_RANK', 'rank', 'acl_a_user'),
(124, 1, 0, 'users', 'acp', 13, 137, 138, 'ACP_USER_SIG', 'sig', 'acl_a_user'),
(125, 1, 0, 'users', 'acp', 13, 139, 140, 'ACP_USER_GROUPS', 'groups', 'acl_a_user && acl_a_group'),
(126, 1, 0, 'users', 'acp', 13, 141, 142, 'ACP_USER_PERM', 'perm', 'acl_a_user && acl_a_viewauth'),
(127, 1, 0, 'users', 'acp', 13, 143, 144, 'ACP_USER_ATTACH', 'attach', 'acl_a_user'),
(128, 1, 1, 'words', 'acp', 10, 97, 98, 'ACP_WORDS', 'words', 'acl_a_words'),
(129, 1, 1, 'users', 'acp', 2, 5, 6, 'ACP_MANAGE_USERS', 'overview', 'acl_a_user'),
(130, 1, 1, 'groups', 'acp', 2, 7, 8, 'ACP_GROUPS_MANAGE', 'manage', 'acl_a_group'),
(131, 1, 1, 'forums', 'acp', 2, 9, 10, 'ACP_MANAGE_FORUMS', 'manage', 'acl_a_forum'),
(132, 1, 1, 'logs', 'acp', 2, 11, 12, 'ACP_MOD_LOGS', 'mod', 'acl_a_viewlogs'),
(133, 1, 1, 'bots', 'acp', 2, 13, 14, 'ACP_BOTS', 'bots', 'acl_a_bots'),
(134, 1, 1, 'php_info', 'acp', 2, 15, 16, 'ACP_PHP_INFO', 'info', 'acl_a_phpinfo'),
(135, 1, 1, 'permissions', 'acp', 8, 73, 74, 'ACP_FORUM_PERMISSIONS', 'setting_forum_local', 'acl_a_fauth && (acl_a_authusers || acl_a_authgroups)'),
(136, 1, 1, 'permissions', 'acp', 8, 75, 76, 'ACP_FORUM_PERMISSIONS_COPY', 'setting_forum_copy', 'acl_a_fauth && acl_a_authusers && acl_a_authgroups && acl_a_mauth'),
(137, 1, 1, 'permissions', 'acp', 8, 77, 78, 'ACP_FORUM_MODERATORS', 'setting_mod_local', 'acl_a_mauth && (acl_a_authusers || acl_a_authgroups)'),
(138, 1, 1, 'permissions', 'acp', 8, 79, 80, 'ACP_USERS_FORUM_PERMISSIONS', 'setting_user_local', 'acl_a_authusers && (acl_a_mauth || acl_a_fauth)'),
(139, 1, 1, 'permissions', 'acp', 8, 81, 82, 'ACP_GROUPS_FORUM_PERMISSIONS', 'setting_group_local', 'acl_a_authgroups && (acl_a_mauth || acl_a_fauth)'),
(140, 1, 1, '', 'mcp', 0, 1, 10, 'MCP_MAIN', '', ''),
(141, 1, 1, '', 'mcp', 0, 11, 18, 'MCP_QUEUE', '', ''),
(142, 1, 1, '', 'mcp', 0, 19, 32, 'MCP_REPORTS', '', ''),
(143, 1, 1, '', 'mcp', 0, 33, 38, 'MCP_NOTES', '', ''),
(144, 1, 1, '', 'mcp', 0, 39, 48, 'MCP_WARN', '', ''),
(145, 1, 1, '', 'mcp', 0, 49, 56, 'MCP_LOGS', '', ''),
(146, 1, 1, '', 'mcp', 0, 57, 64, 'MCP_BAN', '', ''),
(147, 1, 1, 'ban', 'mcp', 146, 58, 59, 'MCP_BAN_USERNAMES', 'user', 'acl_m_ban'),
(148, 1, 1, 'ban', 'mcp', 146, 60, 61, 'MCP_BAN_IPS', 'ip', 'acl_m_ban'),
(149, 1, 1, 'ban', 'mcp', 146, 62, 63, 'MCP_BAN_EMAILS', 'email', 'acl_m_ban'),
(150, 1, 1, 'logs', 'mcp', 145, 50, 51, 'MCP_LOGS_FRONT', 'front', 'acl_m_ || aclf_m_'),
(151, 1, 1, 'logs', 'mcp', 145, 52, 53, 'MCP_LOGS_FORUM_VIEW', 'forum_logs', 'acl_m_,$id'),
(152, 1, 1, 'logs', 'mcp', 145, 54, 55, 'MCP_LOGS_TOPIC_VIEW', 'topic_logs', 'acl_m_,$id'),
(153, 1, 1, 'main', 'mcp', 140, 2, 3, 'MCP_MAIN_FRONT', 'front', ''),
(154, 1, 1, 'main', 'mcp', 140, 4, 5, 'MCP_MAIN_FORUM_VIEW', 'forum_view', 'acl_m_,$id'),
(155, 1, 1, 'main', 'mcp', 140, 6, 7, 'MCP_MAIN_TOPIC_VIEW', 'topic_view', 'acl_m_,$id'),
(156, 1, 1, 'main', 'mcp', 140, 8, 9, 'MCP_MAIN_POST_DETAILS', 'post_details', 'acl_m_,$id || (!$id && aclf_m_)'),
(157, 1, 1, 'notes', 'mcp', 143, 34, 35, 'MCP_NOTES_FRONT', 'front', ''),
(158, 1, 1, 'notes', 'mcp', 143, 36, 37, 'MCP_NOTES_USER', 'user_notes', ''),
(159, 1, 1, 'pm_reports', 'mcp', 142, 20, 21, 'MCP_PM_REPORTS_OPEN', 'pm_reports', 'aclf_m_report'),
(160, 1, 1, 'pm_reports', 'mcp', 142, 22, 23, 'MCP_PM_REPORTS_CLOSED', 'pm_reports_closed', 'aclf_m_report'),
(161, 1, 1, 'pm_reports', 'mcp', 142, 24, 25, 'MCP_PM_REPORT_DETAILS', 'pm_report_details', 'aclf_m_report'),
(162, 1, 1, 'queue', 'mcp', 141, 12, 13, 'MCP_QUEUE_UNAPPROVED_TOPICS', 'unapproved_topics', 'aclf_m_approve'),
(163, 1, 1, 'queue', 'mcp', 141, 14, 15, 'MCP_QUEUE_UNAPPROVED_POSTS', 'unapproved_posts', 'aclf_m_approve'),
(164, 1, 1, 'queue', 'mcp', 141, 16, 17, 'MCP_QUEUE_APPROVE_DETAILS', 'approve_details', 'acl_m_approve,$id || (!$id && aclf_m_approve)'),
(165, 1, 1, 'reports', 'mcp', 142, 26, 27, 'MCP_REPORTS_OPEN', 'reports', 'aclf_m_report'),
(166, 1, 1, 'reports', 'mcp', 142, 28, 29, 'MCP_REPORTS_CLOSED', 'reports_closed', 'aclf_m_report'),
(167, 1, 1, 'reports', 'mcp', 142, 30, 31, 'MCP_REPORT_DETAILS', 'report_details', 'acl_m_report,$id || (!$id && aclf_m_report)'),
(168, 1, 1, 'warn', 'mcp', 144, 40, 41, 'MCP_WARN_FRONT', 'front', 'aclf_m_warn'),
(169, 1, 1, 'warn', 'mcp', 144, 42, 43, 'MCP_WARN_LIST', 'list', 'aclf_m_warn'),
(170, 1, 1, 'warn', 'mcp', 144, 44, 45, 'MCP_WARN_USER', 'warn_user', 'aclf_m_warn'),
(171, 1, 1, 'warn', 'mcp', 144, 46, 47, 'MCP_WARN_POST', 'warn_post', 'acl_m_warn && acl_f_read,$id'),
(172, 1, 1, '', 'ucp', 0, 1, 12, 'UCP_MAIN', '', ''),
(173, 1, 1, '', 'ucp', 0, 13, 22, 'UCP_PROFILE', '', ''),
(174, 1, 1, '', 'ucp', 0, 23, 30, 'UCP_PREFS', '', ''),
(175, 1, 1, '', 'ucp', 0, 31, 42, 'UCP_PM', '', ''),
(176, 1, 1, '', 'ucp', 0, 43, 48, 'UCP_USERGROUPS', '', ''),
(177, 1, 1, '', 'ucp', 0, 49, 54, 'UCP_ZEBRA', '', ''),
(178, 1, 1, 'attachments', 'ucp', 172, 10, 11, 'UCP_MAIN_ATTACHMENTS', 'attachments', 'acl_u_attach'),
(179, 1, 1, 'groups', 'ucp', 176, 44, 45, 'UCP_USERGROUPS_MEMBER', 'membership', ''),
(180, 1, 1, 'groups', 'ucp', 176, 46, 47, 'UCP_USERGROUPS_MANAGE', 'manage', ''),
(181, 1, 1, 'main', 'ucp', 172, 2, 3, 'UCP_MAIN_FRONT', 'front', ''),
(182, 1, 1, 'main', 'ucp', 172, 4, 5, 'UCP_MAIN_SUBSCRIBED', 'subscribed', ''),
(183, 1, 1, 'main', 'ucp', 172, 6, 7, 'UCP_MAIN_BOOKMARKS', 'bookmarks', 'cfg_allow_bookmarks'),
(184, 1, 1, 'main', 'ucp', 172, 8, 9, 'UCP_MAIN_DRAFTS', 'drafts', ''),
(185, 1, 0, 'pm', 'ucp', 175, 32, 33, 'UCP_PM_VIEW', 'view', 'cfg_allow_privmsg'),
(186, 1, 1, 'pm', 'ucp', 175, 34, 35, 'UCP_PM_COMPOSE', 'compose', 'cfg_allow_privmsg'),
(187, 1, 1, 'pm', 'ucp', 175, 36, 37, 'UCP_PM_DRAFTS', 'drafts', 'cfg_allow_privmsg'),
(188, 1, 1, 'pm', 'ucp', 175, 38, 39, 'UCP_PM_OPTIONS', 'options', 'cfg_allow_privmsg'),
(189, 1, 0, 'pm', 'ucp', 175, 40, 41, 'UCP_PM_POPUP_TITLE', 'popup', 'cfg_allow_privmsg'),
(190, 1, 1, 'prefs', 'ucp', 174, 24, 25, 'UCP_PREFS_PERSONAL', 'personal', ''),
(191, 1, 1, 'prefs', 'ucp', 174, 26, 27, 'UCP_PREFS_POST', 'post', ''),
(192, 1, 1, 'prefs', 'ucp', 174, 28, 29, 'UCP_PREFS_VIEW', 'view', ''),
(193, 1, 1, 'profile', 'ucp', 173, 14, 15, 'UCP_PROFILE_PROFILE_INFO', 'profile_info', ''),
(194, 1, 1, 'profile', 'ucp', 173, 16, 17, 'UCP_PROFILE_SIGNATURE', 'signature', ''),
(195, 1, 1, 'profile', 'ucp', 173, 18, 19, 'UCP_PROFILE_AVATAR', 'avatar', 'cfg_allow_avatar && (cfg_allow_avatar_local || cfg_allow_avatar_remote || cfg_allow_avatar_upload || cfg_allow_avatar_remote_upload)'),
(196, 1, 1, 'profile', 'ucp', 173, 20, 21, 'UCP_PROFILE_REG_DETAILS', 'reg_details', ''),
(197, 1, 1, 'zebra', 'ucp', 177, 50, 51, 'UCP_ZEBRA_FRIENDS', 'friends', ''),
(198, 1, 1, 'zebra', 'ucp', 177, 52, 53, 'UCP_ZEBRA_FOES', 'foes', '');

-- --------------------------------------------------------

--
-- Table structure for table `phpbb_poll_options`
--

DROP TABLE IF EXISTS `phpbb_poll_options`;
CREATE TABLE IF NOT EXISTS `phpbb_poll_options` (
  `poll_option_id` tinyint(4) NOT NULL default '0',
  `topic_id` mediumint(8) unsigned NOT NULL default '0',
  `poll_option_text` text collate utf8_bin NOT NULL,
  `poll_option_total` mediumint(8) unsigned NOT NULL default '0',
  KEY `poll_opt_id` (`poll_option_id`),
  KEY `topic_id` (`topic_id`)
) ENGINE=MyISAM DEFAULT CHARSET=utf8 COLLATE=utf8_bin;

--
-- Dumping data for table `phpbb_poll_options`
--


-- --------------------------------------------------------

--
-- Table structure for table `phpbb_poll_votes`
--

DROP TABLE IF EXISTS `phpbb_poll_votes`;
CREATE TABLE IF NOT EXISTS `phpbb_poll_votes` (
  `topic_id` mediumint(8) unsigned NOT NULL default '0',
  `poll_option_id` tinyint(4) NOT NULL default '0',
  `vote_user_id` mediumint(8) unsigned NOT NULL default '0',
  `vote_user_ip` varchar(40) collate utf8_bin NOT NULL default '',
  KEY `topic_id` (`topic_id`),
  KEY `vote_user_id` (`vote_user_id`),
  KEY `vote_user_ip` (`vote_user_ip`)
) ENGINE=MyISAM DEFAULT CHARSET=utf8 COLLATE=utf8_bin;

--
-- Dumping data for table `phpbb_poll_votes`
--


-- --------------------------------------------------------

--
-- Table structure for table `phpbb_posts`
--

DROP TABLE IF EXISTS `phpbb_posts`;
CREATE TABLE IF NOT EXISTS `phpbb_posts` (
  `post_id` mediumint(8) unsigned NOT NULL auto_increment,
  `topic_id` mediumint(8) unsigned NOT NULL default '0',
  `forum_id` mediumint(8) unsigned NOT NULL default '0',
  `poster_id` mediumint(8) unsigned NOT NULL default '0',
  `icon_id` mediumint(8) unsigned NOT NULL default '0',
  `poster_ip` varchar(40) collate utf8_bin NOT NULL default '',
  `post_time` int(11) unsigned NOT NULL default '0',
  `post_approved` tinyint(1) unsigned NOT NULL default '1',
  `post_reported` tinyint(1) unsigned NOT NULL default '0',
  `enable_bbcode` tinyint(1) unsigned NOT NULL default '1',
  `enable_smilies` tinyint(1) unsigned NOT NULL default '1',
  `enable_magic_url` tinyint(1) unsigned NOT NULL default '1',
  `enable_sig` tinyint(1) unsigned NOT NULL default '1',
  `post_username` varchar(255) collate utf8_bin NOT NULL default '',
  `post_subject` varchar(255) character set utf8 collate utf8_unicode_ci NOT NULL default '',
  `post_text` mediumtext collate utf8_bin NOT NULL,
  `post_checksum` varchar(32) collate utf8_bin NOT NULL default '',
  `post_attachment` tinyint(1) unsigned NOT NULL default '0',
  `bbcode_bitfield` varchar(255) collate utf8_bin NOT NULL default '',
  `bbcode_uid` varchar(8) collate utf8_bin NOT NULL default '',
  `post_postcount` tinyint(1) unsigned NOT NULL default '1',
  `post_edit_time` int(11) unsigned NOT NULL default '0',
  `post_edit_reason` varchar(255) collate utf8_bin NOT NULL default '',
  `post_edit_user` mediumint(8) unsigned NOT NULL default '0',
  `post_edit_count` smallint(4) unsigned NOT NULL default '0',
  `post_edit_locked` tinyint(1) unsigned NOT NULL default '0',
  PRIMARY KEY  (`post_id`),
  KEY `forum_id` (`forum_id`),
  KEY `topic_id` (`topic_id`),
  KEY `poster_ip` (`poster_ip`),
  KEY `poster_id` (`poster_id`),
  KEY `post_approved` (`post_approved`),
  KEY `post_username` (`post_username`),
  KEY `tid_post_time` (`topic_id`,`post_time`)
) ENGINE=MyISAM  DEFAULT CHARSET=utf8 COLLATE=utf8_bin AUTO_INCREMENT=2 ;

--
-- Dumping data for table `phpbb_posts`
--

INSERT INTO `phpbb_posts` (`post_id`, `topic_id`, `forum_id`, `poster_id`, `icon_id`, `poster_ip`, `post_time`, `post_approved`, `post_reported`, `enable_bbcode`, `enable_smilies`, `enable_magic_url`, `enable_sig`, `post_username`, `post_subject`, `post_text`, `post_checksum`, `post_attachment`, `bbcode_bitfield`, `bbcode_uid`, `post_postcount`, `post_edit_time`, `post_edit_reason`, `post_edit_user`, `post_edit_count`, `post_edit_locked`) VALUES
(1, 1, 2, 2, 0, '98.253.33.44', 1346462145, 1, 0, 1, 1, 1, 1, '', 'Welcome to phpBB3', 0x5468697320697320616e206578616d706c6520706f737420696e20796f75722070687042423320696e7374616c6c6174696f6e2e2045766572797468696e67207365656d7320746f20626520776f726b696e672e20596f75206d61792064656c657465207468697320706f737420696620796f75206c696b6520616e6420636f6e74696e756520746f2073657420757020796f757220626f6172642e20447572696e672074686520696e7374616c6c6174696f6e2070726f6365737320796f75722066697273742063617465676f727920616e6420796f757220666972737420666f72756d206172652061737369676e656420616e20617070726f70726961746520736574206f66207065726d697373696f6e7320666f722074686520707265646566696e6564207573657267726f7570732061646d696e6973747261746f72732c20626f74732c20676c6f62616c206d6f64657261746f72732c206775657374732c207265676973746572656420757365727320616e64207265676973746572656420434f5050412075736572732e20496620796f7520616c736f2063686f6f736520746f2064656c65746520796f75722066697273742063617465676f727920616e6420796f757220666972737420666f72756d2c20646f206e6f7420666f7267657420746f2061737369676e207065726d697373696f6e7320666f7220616c6c207468657365207573657267726f75707320666f7220616c6c206e65772063617465676f7269657320616e6420666f72756d7320796f75206372656174652e204974206973207265636f6d6d656e64656420746f2072656e616d6520796f75722066697273742063617465676f727920616e6420796f757220666972737420666f72756d20616e6420636f7079207065726d697373696f6e732066726f6d207468657365207768696c65206372656174696e67206e65772063617465676f7269657320616e6420666f72756d732e20486176652066756e21, '5dd683b17f641daf84c040bfefc58ce9', 0, '', '', 1, 0, '', 0, 0, 0);

-- --------------------------------------------------------

--
-- Table structure for table `phpbb_privmsgs`
--

DROP TABLE IF EXISTS `phpbb_privmsgs`;
CREATE TABLE IF NOT EXISTS `phpbb_privmsgs` (
  `msg_id` mediumint(8) unsigned NOT NULL auto_increment,
  `root_level` mediumint(8) unsigned NOT NULL default '0',
  `author_id` mediumint(8) unsigned NOT NULL default '0',
  `icon_id` mediumint(8) unsigned NOT NULL default '0',
  `author_ip` varchar(40) collate utf8_bin NOT NULL default '',
  `message_time` int(11) unsigned NOT NULL default '0',
  `enable_bbcode` tinyint(1) unsigned NOT NULL default '1',
  `enable_smilies` tinyint(1) unsigned NOT NULL default '1',
  `enable_magic_url` tinyint(1) unsigned NOT NULL default '1',
  `enable_sig` tinyint(1) unsigned NOT NULL default '1',
  `message_subject` varchar(255) collate utf8_bin NOT NULL default '',
  `message_text` mediumtext collate utf8_bin NOT NULL,
  `message_edit_reason` varchar(255) collate utf8_bin NOT NULL default '',
  `message_edit_user` mediumint(8) unsigned NOT NULL default '0',
  `message_attachment` tinyint(1) unsigned NOT NULL default '0',
  `bbcode_bitfield` varchar(255) collate utf8_bin NOT NULL default '',
  `bbcode_uid` varchar(8) collate utf8_bin NOT NULL default '',
  `message_edit_time` int(11) unsigned NOT NULL default '0',
  `message_edit_count` smallint(4) unsigned NOT NULL default '0',
  `to_address` text collate utf8_bin NOT NULL,
  `bcc_address` text collate utf8_bin NOT NULL,
  `message_reported` tinyint(1) unsigned NOT NULL default '0',
  PRIMARY KEY  (`msg_id`),
  KEY `author_ip` (`author_ip`),
  KEY `message_time` (`message_time`),
  KEY `author_id` (`author_id`),
  KEY `root_level` (`root_level`)
) ENGINE=MyISAM DEFAULT CHARSET=utf8 COLLATE=utf8_bin AUTO_INCREMENT=1 ;

--
-- Dumping data for table `phpbb_privmsgs`
--


-- --------------------------------------------------------

--
-- Table structure for table `phpbb_privmsgs_folder`
--

DROP TABLE IF EXISTS `phpbb_privmsgs_folder`;
CREATE TABLE IF NOT EXISTS `phpbb_privmsgs_folder` (
  `folder_id` mediumint(8) unsigned NOT NULL auto_increment,
  `user_id` mediumint(8) unsigned NOT NULL default '0',
  `folder_name` varchar(255) collate utf8_bin NOT NULL default '',
  `pm_count` mediumint(8) unsigned NOT NULL default '0',
  PRIMARY KEY  (`folder_id`),
  KEY `user_id` (`user_id`)
) ENGINE=MyISAM DEFAULT CHARSET=utf8 COLLATE=utf8_bin AUTO_INCREMENT=1 ;

--
-- Dumping data for table `phpbb_privmsgs_folder`
--


-- --------------------------------------------------------

--
-- Table structure for table `phpbb_privmsgs_rules`
--

DROP TABLE IF EXISTS `phpbb_privmsgs_rules`;
CREATE TABLE IF NOT EXISTS `phpbb_privmsgs_rules` (
  `rule_id` mediumint(8) unsigned NOT NULL auto_increment,
  `user_id` mediumint(8) unsigned NOT NULL default '0',
  `rule_check` mediumint(8) unsigned NOT NULL default '0',
  `rule_connection` mediumint(8) unsigned NOT NULL default '0',
  `rule_string` varchar(255) collate utf8_bin NOT NULL default '',
  `rule_user_id` mediumint(8) unsigned NOT NULL default '0',
  `rule_group_id` mediumint(8) unsigned NOT NULL default '0',
  `rule_action` mediumint(8) unsigned NOT NULL default '0',
  `rule_folder_id` int(11) NOT NULL default '0',
  PRIMARY KEY  (`rule_id`),
  KEY `user_id` (`user_id`)
) ENGINE=MyISAM DEFAULT CHARSET=utf8 COLLATE=utf8_bin AUTO_INCREMENT=1 ;

--
-- Dumping data for table `phpbb_privmsgs_rules`
--


-- --------------------------------------------------------

--
-- Table structure for table `phpbb_privmsgs_to`
--

DROP TABLE IF EXISTS `phpbb_privmsgs_to`;
CREATE TABLE IF NOT EXISTS `phpbb_privmsgs_to` (
  `msg_id` mediumint(8) unsigned NOT NULL default '0',
  `user_id` mediumint(8) unsigned NOT NULL default '0',
  `author_id` mediumint(8) unsigned NOT NULL default '0',
  `pm_deleted` tinyint(1) unsigned NOT NULL default '0',
  `pm_new` tinyint(1) unsigned NOT NULL default '1',
  `pm_unread` tinyint(1) unsigned NOT NULL default '1',
  `pm_replied` tinyint(1) unsigned NOT NULL default '0',
  `pm_marked` tinyint(1) unsigned NOT NULL default '0',
  `pm_forwarded` tinyint(1) unsigned NOT NULL default '0',
  `folder_id` int(11) NOT NULL default '0',
  KEY `msg_id` (`msg_id`),
  KEY `author_id` (`author_id`),
  KEY `usr_flder_id` (`user_id`,`folder_id`)
) ENGINE=MyISAM DEFAULT CHARSET=utf8 COLLATE=utf8_bin;

--
-- Dumping data for table `phpbb_privmsgs_to`
--


-- --------------------------------------------------------

--
-- Table structure for table `phpbb_profile_fields`
--

DROP TABLE IF EXISTS `phpbb_profile_fields`;
CREATE TABLE IF NOT EXISTS `phpbb_profile_fields` (
  `field_id` mediumint(8) unsigned NOT NULL auto_increment,
  `field_name` varchar(255) collate utf8_bin NOT NULL default '',
  `field_type` tinyint(4) NOT NULL default '0',
  `field_ident` varchar(20) collate utf8_bin NOT NULL default '',
  `field_length` varchar(20) collate utf8_bin NOT NULL default '',
  `field_minlen` varchar(255) collate utf8_bin NOT NULL default '',
  `field_maxlen` varchar(255) collate utf8_bin NOT NULL default '',
  `field_novalue` varchar(255) collate utf8_bin NOT NULL default '',
  `field_default_value` varchar(255) collate utf8_bin NOT NULL default '',
  `field_validation` varchar(20) collate utf8_bin NOT NULL default '',
  `field_required` tinyint(1) unsigned NOT NULL default '0',
  `field_show_novalue` tinyint(1) unsigned NOT NULL default '0',
  `field_show_on_reg` tinyint(1) unsigned NOT NULL default '0',
  `field_show_on_vt` tinyint(1) unsigned NOT NULL default '0',
  `field_show_profile` tinyint(1) unsigned NOT NULL default '0',
  `field_hide` tinyint(1) unsigned NOT NULL default '0',
  `field_no_view` tinyint(1) unsigned NOT NULL default '0',
  `field_active` tinyint(1) unsigned NOT NULL default '0',
  `field_order` mediumint(8) unsigned NOT NULL default '0',
  PRIMARY KEY  (`field_id`),
  KEY `fld_type` (`field_type`),
  KEY `fld_ordr` (`field_order`)
) ENGINE=MyISAM DEFAULT CHARSET=utf8 COLLATE=utf8_bin AUTO_INCREMENT=1 ;

--
-- Dumping data for table `phpbb_profile_fields`
--


-- --------------------------------------------------------

--
-- Table structure for table `phpbb_profile_fields_data`
--

DROP TABLE IF EXISTS `phpbb_profile_fields_data`;
CREATE TABLE IF NOT EXISTS `phpbb_profile_fields_data` (
  `user_id` mediumint(8) unsigned NOT NULL default '0',
  PRIMARY KEY  (`user_id`)
) ENGINE=MyISAM DEFAULT CHARSET=utf8 COLLATE=utf8_bin;

--
-- Dumping data for table `phpbb_profile_fields_data`
--


-- --------------------------------------------------------

--
-- Table structure for table `phpbb_profile_fields_lang`
--

DROP TABLE IF EXISTS `phpbb_profile_fields_lang`;
CREATE TABLE IF NOT EXISTS `phpbb_profile_fields_lang` (
  `field_id` mediumint(8) unsigned NOT NULL default '0',
  `lang_id` mediumint(8) unsigned NOT NULL default '0',
  `option_id` mediumint(8) unsigned NOT NULL default '0',
  `field_type` tinyint(4) NOT NULL default '0',
  `lang_value` varchar(255) collate utf8_bin NOT NULL default '',
  PRIMARY KEY  (`field_id`,`lang_id`,`option_id`)
) ENGINE=MyISAM DEFAULT CHARSET=utf8 COLLATE=utf8_bin;

--
-- Dumping data for table `phpbb_profile_fields_lang`
--


-- --------------------------------------------------------

--
-- Table structure for table `phpbb_profile_lang`
--

DROP TABLE IF EXISTS `phpbb_profile_lang`;
CREATE TABLE IF NOT EXISTS `phpbb_profile_lang` (
  `field_id` mediumint(8) unsigned NOT NULL default '0',
  `lang_id` mediumint(8) unsigned NOT NULL default '0',
  `lang_name` varchar(255) collate utf8_bin NOT NULL default '',
  `lang_explain` text collate utf8_bin NOT NULL,
  `lang_default_value` varchar(255) collate utf8_bin NOT NULL default '',
  PRIMARY KEY  (`field_id`,`lang_id`)
) ENGINE=MyISAM DEFAULT CHARSET=utf8 COLLATE=utf8_bin;

--
-- Dumping data for table `phpbb_profile_lang`
--


-- --------------------------------------------------------

--
-- Table structure for table `phpbb_ranks`
--

DROP TABLE IF EXISTS `phpbb_ranks`;
CREATE TABLE IF NOT EXISTS `phpbb_ranks` (
  `rank_id` mediumint(8) unsigned NOT NULL auto_increment,
  `rank_title` varchar(255) collate utf8_bin NOT NULL default '',
  `rank_min` mediumint(8) unsigned NOT NULL default '0',
  `rank_special` tinyint(1) unsigned NOT NULL default '0',
  `rank_image` varchar(255) collate utf8_bin NOT NULL default '',
  PRIMARY KEY  (`rank_id`)
) ENGINE=MyISAM  DEFAULT CHARSET=utf8 COLLATE=utf8_bin AUTO_INCREMENT=2 ;

--
-- Dumping data for table `phpbb_ranks`
--

INSERT INTO `phpbb_ranks` (`rank_id`, `rank_title`, `rank_min`, `rank_special`, `rank_image`) VALUES
(1, 'Site Admin', 0, 1, '');

-- --------------------------------------------------------

--
-- Table structure for table `phpbb_reports`
--

DROP TABLE IF EXISTS `phpbb_reports`;
CREATE TABLE IF NOT EXISTS `phpbb_reports` (
  `report_id` mediumint(8) unsigned NOT NULL auto_increment,
  `reason_id` smallint(4) unsigned NOT NULL default '0',
  `post_id` mediumint(8) unsigned NOT NULL default '0',
  `pm_id` mediumint(8) unsigned NOT NULL default '0',
  `user_id` mediumint(8) unsigned NOT NULL default '0',
  `user_notify` tinyint(1) unsigned NOT NULL default '0',
  `report_closed` tinyint(1) unsigned NOT NULL default '0',
  `report_time` int(11) unsigned NOT NULL default '0',
  `report_text` mediumtext collate utf8_bin NOT NULL,
  PRIMARY KEY  (`report_id`),
  KEY `post_id` (`post_id`),
  KEY `pm_id` (`pm_id`)
) ENGINE=MyISAM DEFAULT CHARSET=utf8 COLLATE=utf8_bin AUTO_INCREMENT=1 ;

--
-- Dumping data for table `phpbb_reports`
--


-- --------------------------------------------------------

--
-- Table structure for table `phpbb_reports_reasons`
--

DROP TABLE IF EXISTS `phpbb_reports_reasons`;
CREATE TABLE IF NOT EXISTS `phpbb_reports_reasons` (
  `reason_id` smallint(4) unsigned NOT NULL auto_increment,
  `reason_title` varchar(255) collate utf8_bin NOT NULL default '',
  `reason_description` mediumtext collate utf8_bin NOT NULL,
  `reason_order` smallint(4) unsigned NOT NULL default '0',
  PRIMARY KEY  (`reason_id`)
) ENGINE=MyISAM  DEFAULT CHARSET=utf8 COLLATE=utf8_bin AUTO_INCREMENT=5 ;

--
-- Dumping data for table `phpbb_reports_reasons`
--

INSERT INTO `phpbb_reports_reasons` (`reason_id`, `reason_title`, `reason_description`, `reason_order`) VALUES
(1, 'warez', 0x54686520706f737420636f6e7461696e73206c696e6b7320746f20696c6c6567616c206f72207069726174656420736f6674776172652e, 1),
(2, 'spam', 0x546865207265706f7274656420706f73742068617320746865206f6e6c7920707572706f736520746f2061647665727469736520666f7220612077656273697465206f7220616e6f746865722070726f647563742e, 2),
(3, 'off_topic', 0x546865207265706f7274656420706f7374206973206f666620746f7069632e, 3),
(4, 'other', 0x546865207265706f7274656420706f737420646f6573206e6f742066697420696e746f20616e79206f746865722063617465676f72792c20706c656173652075736520746865206675727468657220696e666f726d6174696f6e206669656c642e, 4);

-- --------------------------------------------------------

--
-- Table structure for table `phpbb_search_results`
--

DROP TABLE IF EXISTS `phpbb_search_results`;
CREATE TABLE IF NOT EXISTS `phpbb_search_results` (
  `search_key` varchar(32) collate utf8_bin NOT NULL default '',
  `search_time` int(11) unsigned NOT NULL default '0',
  `search_keywords` mediumtext collate utf8_bin NOT NULL,
  `search_authors` mediumtext collate utf8_bin NOT NULL,
  PRIMARY KEY  (`search_key`)
) ENGINE=MyISAM DEFAULT CHARSET=utf8 COLLATE=utf8_bin;

--
-- Dumping data for table `phpbb_search_results`
--


-- --------------------------------------------------------

--
-- Table structure for table `phpbb_search_wordlist`
--

DROP TABLE IF EXISTS `phpbb_search_wordlist`;
CREATE TABLE IF NOT EXISTS `phpbb_search_wordlist` (
  `word_id` mediumint(8) unsigned NOT NULL auto_increment,
  `word_text` varchar(255) collate utf8_bin NOT NULL default '',
  `word_common` tinyint(1) unsigned NOT NULL default '0',
  `word_count` mediumint(8) unsigned NOT NULL default '0',
  PRIMARY KEY  (`word_id`),
  UNIQUE KEY `wrd_txt` (`word_text`),
  KEY `wrd_cnt` (`word_count`)
) ENGINE=MyISAM  DEFAULT CHARSET=utf8 COLLATE=utf8_bin AUTO_INCREMENT=59 ;

--
-- Dumping data for table `phpbb_search_wordlist`
--

INSERT INTO `phpbb_search_wordlist` (`word_id`, `word_text`, `word_common`, `word_count`) VALUES
(1, 'this', 0, 1),
(2, 'example', 0, 1),
(3, 'post', 0, 1),
(4, 'your', 0, 1),
(5, 'phpbb3', 0, 2),
(6, 'installation', 0, 1),
(7, 'everything', 0, 1),
(8, 'seems', 0, 1),
(9, 'working', 0, 1),
(10, 'you', 0, 1),
(11, 'may', 0, 1),
(12, 'delete', 0, 1),
(13, 'like', 0, 1),
(14, 'and', 0, 1),
(15, 'continue', 0, 1),
(16, 'set', 0, 1),
(17, 'board', 0, 1),
(18, 'during', 0, 1),
(19, 'the', 0, 1),
(20, 'process', 0, 1),
(21, 'first', 0, 1),
(22, 'category', 0, 1),
(23, 'forum', 0, 1),
(24, 'are', 0, 1),
(25, 'assigned', 0, 1),
(26, 'appropriate', 0, 1),
(27, 'permissions', 0, 1),
(28, 'for', 0, 1),
(29, 'predefined', 0, 1),
(30, 'usergroups', 0, 1),
(31, 'administrators', 0, 1),
(32, 'bots', 0, 1),
(33, 'global', 0, 1),
(34, 'moderators', 0, 1),
(35, 'guests', 0, 1),
(36, 'registered', 0, 1),
(37, 'users', 0, 1),
(38, 'coppa', 0, 1),
(39, 'also', 0, 1),
(40, 'choose', 0, 1),
(41, 'not', 0, 1),
(42, 'forget', 0, 1),
(43, 'assign', 0, 1),
(44, 'all', 0, 1),
(45, 'these', 0, 1),
(46, 'new', 0, 1),
(47, 'categories', 0, 1),
(48, 'forums', 0, 1),
(49, 'create', 0, 1),
(50, 'recommended', 0, 1),
(51, 'rename', 0, 1),
(52, 'copy', 0, 1),
(53, 'from', 0, 1),
(54, 'while', 0, 1),
(55, 'creating', 0, 1),
(56, 'have', 0, 1),
(57, 'fun', 0, 1),
(58, 'welcome', 0, 1);

-- --------------------------------------------------------

--
-- Table structure for table `phpbb_search_wordmatch`
--

DROP TABLE IF EXISTS `phpbb_search_wordmatch`;
CREATE TABLE IF NOT EXISTS `phpbb_search_wordmatch` (
  `post_id` mediumint(8) unsigned NOT NULL default '0',
  `word_id` mediumint(8) unsigned NOT NULL default '0',
  `title_match` tinyint(1) unsigned NOT NULL default '0',
  UNIQUE KEY `unq_mtch` (`word_id`,`post_id`,`title_match`),
  KEY `word_id` (`word_id`),
  KEY `post_id` (`post_id`)
) ENGINE=MyISAM DEFAULT CHARSET=utf8 COLLATE=utf8_bin;

--
-- Dumping data for table `phpbb_search_wordmatch`
--

INSERT INTO `phpbb_search_wordmatch` (`post_id`, `word_id`, `title_match`) VALUES
(1, 1, 0),
(1, 2, 0),
(1, 3, 0),
(1, 4, 0),
(1, 5, 0),
(1, 5, 1),
(1, 6, 0),
(1, 7, 0),
(1, 8, 0),
(1, 9, 0),
(1, 10, 0),
(1, 11, 0),
(1, 12, 0),
(1, 13, 0),
(1, 14, 0),
(1, 15, 0),
(1, 16, 0),
(1, 17, 0),
(1, 18, 0),
(1, 19, 0),
(1, 20, 0),
(1, 21, 0),
(1, 22, 0),
(1, 23, 0),
(1, 24, 0),
(1, 25, 0),
(1, 26, 0),
(1, 27, 0),
(1, 28, 0),
(1, 29, 0),
(1, 30, 0),
(1, 31, 0),
(1, 32, 0),
(1, 33, 0),
(1, 34, 0),
(1, 35, 0),
(1, 36, 0),
(1, 37, 0),
(1, 38, 0),
(1, 39, 0),
(1, 40, 0),
(1, 41, 0),
(1, 42, 0),
(1, 43, 0),
(1, 44, 0),
(1, 45, 0),
(1, 46, 0),
(1, 47, 0),
(1, 48, 0),
(1, 49, 0),
(1, 50, 0),
(1, 51, 0),
(1, 52, 0),
(1, 53, 0),
(1, 54, 0),
(1, 55, 0),
(1, 56, 0),
(1, 57, 0),
(1, 58, 1);

-- --------------------------------------------------------

--
-- Table structure for table `phpbb_sessions`
--

DROP TABLE IF EXISTS `phpbb_sessions`;
CREATE TABLE IF NOT EXISTS `phpbb_sessions` (
  `session_id` char(32) collate utf8_bin NOT NULL default '',
  `session_user_id` mediumint(8) unsigned NOT NULL default '0',
  `session_forum_id` mediumint(8) unsigned NOT NULL default '0',
  `session_last_visit` int(11) unsigned NOT NULL default '0',
  `session_start` int(11) unsigned NOT NULL default '0',
  `session_time` int(11) unsigned NOT NULL default '0',
  `session_ip` varchar(40) collate utf8_bin NOT NULL default '',
  `session_browser` varchar(150) collate utf8_bin NOT NULL default '',
  `session_forwarded_for` varchar(255) collate utf8_bin NOT NULL default '',
  `session_page` varchar(255) collate utf8_bin NOT NULL default '',
  `session_viewonline` tinyint(1) unsigned NOT NULL default '1',
  `session_autologin` tinyint(1) unsigned NOT NULL default '0',
  `session_admin` tinyint(1) unsigned NOT NULL default '0',
  PRIMARY KEY  (`session_id`),
  KEY `session_time` (`session_time`),
  KEY `session_user_id` (`session_user_id`),
  KEY `session_fid` (`session_forum_id`)
) ENGINE=MyISAM DEFAULT CHARSET=utf8 COLLATE=utf8_bin;

--
-- Dumping data for table `phpbb_sessions`
--

INSERT INTO `phpbb_sessions` (`session_id`, `session_user_id`, `session_forum_id`, `session_last_visit`, `session_start`, `session_time`, `session_ip`, `session_browser`, `session_forwarded_for`, `session_page`, `session_viewonline`, `session_autologin`, `session_admin`) VALUES
('3cfcb82f5fc515d97aa8314612b44ff7', 1, 0, 1346462156, 1346462156, 1346462156, '98.253.33.44', 'Mozilla/5.0 (Windows NT 6.1; WOW64) AppleWebKit/537.1 (KHTML, like Gecko) Chrome/21.0.1180.83 Safari/537.1', '', 'install/index.php?mode=install&sub=final', 1, 0, 0),
('cef0b8ef40776607bea7c4fe8ec1b57f', 2, 0, 1346462156, 1346462156, 1346466494, '98.253.33.44', 'Mozilla/5.0 (Windows NT 6.1; WOW64) AppleWebKit/537.1 (KHTML, like Gecko) Chrome/21.0.1180.83 Safari/537.1', '', 'adm/index.php?i=12', 1, 0, 1);

-- --------------------------------------------------------

--
-- Table structure for table `phpbb_sessions_keys`
--

DROP TABLE IF EXISTS `phpbb_sessions_keys`;
CREATE TABLE IF NOT EXISTS `phpbb_sessions_keys` (
  `key_id` char(32) collate utf8_bin NOT NULL default '',
  `user_id` mediumint(8) unsigned NOT NULL default '0',
  `last_ip` varchar(40) collate utf8_bin NOT NULL default '',
  `last_login` int(11) unsigned NOT NULL default '0',
  PRIMARY KEY  (`key_id`,`user_id`),
  KEY `last_login` (`last_login`)
) ENGINE=MyISAM DEFAULT CHARSET=utf8 COLLATE=utf8_bin;

--
-- Dumping data for table `phpbb_sessions_keys`
--


-- --------------------------------------------------------

--
-- Table structure for table `phpbb_sitelist`
--

DROP TABLE IF EXISTS `phpbb_sitelist`;
CREATE TABLE IF NOT EXISTS `phpbb_sitelist` (
  `site_id` mediumint(8) unsigned NOT NULL auto_increment,
  `site_ip` varchar(40) collate utf8_bin NOT NULL default '',
  `site_hostname` varchar(255) collate utf8_bin NOT NULL default '',
  `ip_exclude` tinyint(1) unsigned NOT NULL default '0',
  PRIMARY KEY  (`site_id`)
) ENGINE=MyISAM DEFAULT CHARSET=utf8 COLLATE=utf8_bin AUTO_INCREMENT=1 ;

--
-- Dumping data for table `phpbb_sitelist`
--


-- --------------------------------------------------------

--
-- Table structure for table `phpbb_smilies`
--

DROP TABLE IF EXISTS `phpbb_smilies`;
CREATE TABLE IF NOT EXISTS `phpbb_smilies` (
  `smiley_id` mediumint(8) unsigned NOT NULL auto_increment,
  `code` varchar(50) collate utf8_bin NOT NULL default '',
  `emotion` varchar(50) collate utf8_bin NOT NULL default '',
  `smiley_url` varchar(50) collate utf8_bin NOT NULL default '',
  `smiley_width` smallint(4) unsigned NOT NULL default '0',
  `smiley_height` smallint(4) unsigned NOT NULL default '0',
  `smiley_order` mediumint(8) unsigned NOT NULL default '0',
  `display_on_posting` tinyint(1) unsigned NOT NULL default '1',
  PRIMARY KEY  (`smiley_id`),
  KEY `display_on_post` (`display_on_posting`)
) ENGINE=MyISAM  DEFAULT CHARSET=utf8 COLLATE=utf8_bin AUTO_INCREMENT=43 ;

--
-- Dumping data for table `phpbb_smilies`
--

INSERT INTO `phpbb_smilies` (`smiley_id`, `code`, `emotion`, `smiley_url`, `smiley_width`, `smiley_height`, `smiley_order`, `display_on_posting`) VALUES
(1, ':D', 'Very Happy', 'icon_e_biggrin.gif', 15, 17, 1, 1),
(2, ':-D', 'Very Happy', 'icon_e_biggrin.gif', 15, 17, 2, 1),
(3, ':grin:', 'Very Happy', 'icon_e_biggrin.gif', 15, 17, 3, 1),
(4, ':)', 'Smile', 'icon_e_smile.gif', 15, 17, 4, 1),
(5, ':-)', 'Smile', 'icon_e_smile.gif', 15, 17, 5, 1),
(6, ':smile:', 'Smile', 'icon_e_smile.gif', 15, 17, 6, 1),
(7, ';)', 'Wink', 'icon_e_wink.gif', 15, 17, 7, 1),
(8, ';-)', 'Wink', 'icon_e_wink.gif', 15, 17, 8, 1),
(9, ':wink:', 'Wink', 'icon_e_wink.gif', 15, 17, 9, 1),
(10, ':(', 'Sad', 'icon_e_sad.gif', 15, 17, 10, 1),
(11, ':-(', 'Sad', 'icon_e_sad.gif', 15, 17, 11, 1),
(12, ':sad:', 'Sad', 'icon_e_sad.gif', 15, 17, 12, 1),
(13, ':o', 'Surprised', 'icon_e_surprised.gif', 15, 17, 13, 1),
(14, ':-o', 'Surprised', 'icon_e_surprised.gif', 15, 17, 14, 1),
(15, ':eek:', 'Surprised', 'icon_e_surprised.gif', 15, 17, 15, 1),
(16, ':shock:', 'Shocked', 'icon_eek.gif', 15, 17, 16, 1),
(17, ':?', 'Confused', 'icon_e_confused.gif', 15, 17, 17, 1),
(18, ':-?', 'Confused', 'icon_e_confused.gif', 15, 17, 18, 1),
(19, ':???:', 'Confused', 'icon_e_confused.gif', 15, 17, 19, 1),
(20, '8-)', 'Cool', 'icon_cool.gif', 15, 17, 20, 1),
(21, ':cool:', 'Cool', 'icon_cool.gif', 15, 17, 21, 1),
(22, ':lol:', 'Laughing', 'icon_lol.gif', 15, 17, 22, 1),
(23, ':x', 'Mad', 'icon_mad.gif', 15, 17, 23, 1),
(24, ':-x', 'Mad', 'icon_mad.gif', 15, 17, 24, 1),
(25, ':mad:', 'Mad', 'icon_mad.gif', 15, 17, 25, 1),
(26, ':P', 'Razz', 'icon_razz.gif', 15, 17, 26, 1),
(27, ':-P', 'Razz', 'icon_razz.gif', 15, 17, 27, 1),
(28, ':razz:', 'Razz', 'icon_razz.gif', 15, 17, 28, 1),
(29, ':oops:', 'Embarrassed', 'icon_redface.gif', 15, 17, 29, 1),
(30, ':cry:', 'Crying or Very Sad', 'icon_cry.gif', 15, 17, 30, 1),
(31, ':evil:', 'Evil or Very Mad', 'icon_evil.gif', 15, 17, 31, 1),
(32, ':twisted:', 'Twisted Evil', 'icon_twisted.gif', 15, 17, 32, 1),
(33, ':roll:', 'Rolling Eyes', 'icon_rolleyes.gif', 15, 17, 33, 1),
(34, ':!:', 'Exclamation', 'icon_exclaim.gif', 15, 17, 34, 1),
(35, ':?:', 'Question', 'icon_question.gif', 15, 17, 35, 1),
(36, ':idea:', 'Idea', 'icon_idea.gif', 15, 17, 36, 1),
(37, ':arrow:', 'Arrow', 'icon_arrow.gif', 15, 17, 37, 1),
(38, ':|', 'Neutral', 'icon_neutral.gif', 15, 17, 38, 1),
(39, ':-|', 'Neutral', 'icon_neutral.gif', 15, 17, 39, 1),
(40, ':mrgreen:', 'Mr. Green', 'icon_mrgreen.gif', 15, 17, 40, 1),
(41, ':geek:', 'Geek', 'icon_e_geek.gif', 17, 17, 41, 1),
(42, ':ugeek:', 'Uber Geek', 'icon_e_ugeek.gif', 17, 18, 42, 1);

-- --------------------------------------------------------

--
-- Table structure for table `phpbb_styles`
--

DROP TABLE IF EXISTS `phpbb_styles`;
CREATE TABLE IF NOT EXISTS `phpbb_styles` (
  `style_id` mediumint(8) unsigned NOT NULL auto_increment,
  `style_name` varchar(255) collate utf8_bin NOT NULL default '',
  `style_copyright` varchar(255) collate utf8_bin NOT NULL default '',
  `style_active` tinyint(1) unsigned NOT NULL default '1',
  `template_id` mediumint(8) unsigned NOT NULL default '0',
  `theme_id` mediumint(8) unsigned NOT NULL default '0',
  `imageset_id` mediumint(8) unsigned NOT NULL default '0',
  PRIMARY KEY  (`style_id`),
  UNIQUE KEY `style_name` (`style_name`),
  KEY `template_id` (`template_id`),
  KEY `theme_id` (`theme_id`),
  KEY `imageset_id` (`imageset_id`)
) ENGINE=MyISAM  DEFAULT CHARSET=utf8 COLLATE=utf8_bin AUTO_INCREMENT=2 ;

--
-- Dumping data for table `phpbb_styles`
--

INSERT INTO `phpbb_styles` (`style_id`, `style_name`, `style_copyright`, `style_active`, `template_id`, `theme_id`, `imageset_id`) VALUES
(1, 'prosilver', '&copy; phpBB Group', 1, 1, 1, 1);

-- --------------------------------------------------------

--
-- Table structure for table `phpbb_styles_imageset`
--

DROP TABLE IF EXISTS `phpbb_styles_imageset`;
CREATE TABLE IF NOT EXISTS `phpbb_styles_imageset` (
  `imageset_id` mediumint(8) unsigned NOT NULL auto_increment,
  `imageset_name` varchar(255) collate utf8_bin NOT NULL default '',
  `imageset_copyright` varchar(255) collate utf8_bin NOT NULL default '',
  `imageset_path` varchar(100) collate utf8_bin NOT NULL default '',
  PRIMARY KEY  (`imageset_id`),
  UNIQUE KEY `imgset_nm` (`imageset_name`)
) ENGINE=MyISAM  DEFAULT CHARSET=utf8 COLLATE=utf8_bin AUTO_INCREMENT=2 ;

--
-- Dumping data for table `phpbb_styles_imageset`
--

INSERT INTO `phpbb_styles_imageset` (`imageset_id`, `imageset_name`, `imageset_copyright`, `imageset_path`) VALUES
(1, 'prosilver', '&copy; phpBB Group', 'prosilver');

-- --------------------------------------------------------

--
-- Table structure for table `phpbb_styles_imageset_data`
--

DROP TABLE IF EXISTS `phpbb_styles_imageset_data`;
CREATE TABLE IF NOT EXISTS `phpbb_styles_imageset_data` (
  `image_id` mediumint(8) unsigned NOT NULL auto_increment,
  `image_name` varchar(200) collate utf8_bin NOT NULL default '',
  `image_filename` varchar(200) collate utf8_bin NOT NULL default '',
  `image_lang` varchar(30) collate utf8_bin NOT NULL default '',
  `image_height` smallint(4) unsigned NOT NULL default '0',
  `image_width` smallint(4) unsigned NOT NULL default '0',
  `imageset_id` mediumint(8) unsigned NOT NULL default '0',
  PRIMARY KEY  (`image_id`),
  KEY `i_d` (`imageset_id`)
) ENGINE=MyISAM  DEFAULT CHARSET=utf8 COLLATE=utf8_bin AUTO_INCREMENT=79 ;

--
-- Dumping data for table `phpbb_styles_imageset_data`
--

INSERT INTO `phpbb_styles_imageset_data` (`image_id`, `image_name`, `image_filename`, `image_lang`, `image_height`, `image_width`, `imageset_id`) VALUES
(1, 'site_logo', 'site_logo.gif', '', 52, 139, 1),
(2, 'forum_link', 'forum_link.gif', '', 27, 27, 1),
(3, 'forum_read', 'forum_read.gif', '', 27, 27, 1),
(4, 'forum_read_locked', 'forum_read_locked.gif', '', 27, 27, 1),
(5, 'forum_read_subforum', 'forum_read_subforum.gif', '', 27, 27, 1),
(6, 'forum_unread', 'forum_unread.gif', '', 27, 27, 1),
(7, 'forum_unread_locked', 'forum_unread_locked.gif', '', 27, 27, 1),
(8, 'forum_unread_subforum', 'forum_unread_subforum.gif', '', 27, 27, 1),
(9, 'topic_moved', 'topic_moved.gif', '', 27, 27, 1),
(10, 'topic_read', 'topic_read.gif', '', 27, 27, 1),
(11, 'topic_read_mine', 'topic_read_mine.gif', '', 27, 27, 1),
(12, 'topic_read_hot', 'topic_read_hot.gif', '', 27, 27, 1),
(13, 'topic_read_hot_mine', 'topic_read_hot_mine.gif', '', 27, 27, 1),
(14, 'topic_read_locked', 'topic_read_locked.gif', '', 27, 27, 1),
(15, 'topic_read_locked_mine', 'topic_read_locked_mine.gif', '', 27, 27, 1),
(16, 'topic_unread', 'topic_unread.gif', '', 27, 27, 1),
(17, 'topic_unread_mine', 'topic_unread_mine.gif', '', 27, 27, 1),
(18, 'topic_unread_hot', 'topic_unread_hot.gif', '', 27, 27, 1),
(19, 'topic_unread_hot_mine', 'topic_unread_hot_mine.gif', '', 27, 27, 1),
(20, 'topic_unread_locked', 'topic_unread_locked.gif', '', 27, 27, 1),
(21, 'topic_unread_locked_mine', 'topic_unread_locked_mine.gif', '', 27, 27, 1),
(22, 'sticky_read', 'sticky_read.gif', '', 27, 27, 1),
(23, 'sticky_read_mine', 'sticky_read_mine.gif', '', 27, 27, 1),
(24, 'sticky_read_locked', 'sticky_read_locked.gif', '', 27, 27, 1),
(25, 'sticky_read_locked_mine', 'sticky_read_locked_mine.gif', '', 27, 27, 1),
(26, 'sticky_unread', 'sticky_unread.gif', '', 27, 27, 1),
(27, 'sticky_unread_mine', 'sticky_unread_mine.gif', '', 27, 27, 1),
(28, 'sticky_unread_locked', 'sticky_unread_locked.gif', '', 27, 27, 1),
(29, 'sticky_unread_locked_mine', 'sticky_unread_locked_mine.gif', '', 27, 27, 1),
(30, 'announce_read', 'announce_read.gif', '', 27, 27, 1),
(31, 'announce_read_mine', 'announce_read_mine.gif', '', 27, 27, 1),
(32, 'announce_read_locked', 'announce_read_locked.gif', '', 27, 27, 1),
(33, 'announce_read_locked_mine', 'announce_read_locked_mine.gif', '', 27, 27, 1),
(34, 'announce_unread', 'announce_unread.gif', '', 27, 27, 1),
(35, 'announce_unread_mine', 'announce_unread_mine.gif', '', 27, 27, 1),
(36, 'announce_unread_locked', 'announce_unread_locked.gif', '', 27, 27, 1),
(37, 'announce_unread_locked_mine', 'announce_unread_locked_mine.gif', '', 27, 27, 1),
(38, 'global_read', 'announce_read.gif', '', 27, 27, 1),
(39, 'global_read_mine', 'announce_read_mine.gif', '', 27, 27, 1),
(40, 'global_read_locked', 'announce_read_locked.gif', '', 27, 27, 1),
(41, 'global_read_locked_mine', 'announce_read_locked_mine.gif', '', 27, 27, 1),
(42, 'global_unread', 'announce_unread.gif', '', 27, 27, 1),
(43, 'global_unread_mine', 'announce_unread_mine.gif', '', 27, 27, 1),
(44, 'global_unread_locked', 'announce_unread_locked.gif', '', 27, 27, 1),
(45, 'global_unread_locked_mine', 'announce_unread_locked_mine.gif', '', 27, 27, 1),
(46, 'pm_read', 'topic_read.gif', '', 27, 27, 1),
(47, 'pm_unread', 'topic_unread.gif', '', 27, 27, 1),
(48, 'icon_back_top', 'icon_back_top.gif', '', 11, 11, 1),
(49, 'icon_contact_aim', 'icon_contact_aim.gif', '', 20, 20, 1),
(50, 'icon_contact_email', 'icon_contact_email.gif', '', 20, 20, 1),
(51, 'icon_contact_icq', 'icon_contact_icq.gif', '', 20, 20, 1),
(52, 'icon_contact_jabber', 'icon_contact_jabber.gif', '', 20, 20, 1),
(53, 'icon_contact_msnm', 'icon_contact_msnm.gif', '', 20, 20, 1),
(54, 'icon_contact_www', 'icon_contact_www.gif', '', 20, 20, 1),
(55, 'icon_contact_yahoo', 'icon_contact_yahoo.gif', '', 20, 20, 1),
(56, 'icon_post_delete', 'icon_post_delete.gif', '', 20, 20, 1),
(57, 'icon_post_info', 'icon_post_info.gif', '', 20, 20, 1),
(58, 'icon_post_report', 'icon_post_report.gif', '', 20, 20, 1),
(59, 'icon_post_target', 'icon_post_target.gif', '', 9, 11, 1),
(60, 'icon_post_target_unread', 'icon_post_target_unread.gif', '', 9, 11, 1),
(61, 'icon_topic_attach', 'icon_topic_attach.gif', '', 10, 7, 1),
(62, 'icon_topic_latest', 'icon_topic_latest.gif', '', 9, 11, 1),
(63, 'icon_topic_newest', 'icon_topic_newest.gif', '', 9, 11, 1),
(64, 'icon_topic_reported', 'icon_topic_reported.gif', '', 14, 16, 1),
(65, 'icon_topic_unapproved', 'icon_topic_unapproved.gif', '', 14, 16, 1),
(66, 'icon_user_warn', 'icon_user_warn.gif', '', 20, 20, 1),
(67, 'subforum_read', 'subforum_read.gif', '', 9, 11, 1),
(68, 'subforum_unread', 'subforum_unread.gif', '', 9, 11, 1),
(69, 'icon_contact_pm', 'icon_contact_pm.gif', 'en', 20, 28, 1),
(70, 'icon_post_edit', 'icon_post_edit.gif', 'en', 20, 42, 1),
(71, 'icon_post_quote', 'icon_post_quote.gif', 'en', 20, 54, 1),
(72, 'icon_user_online', 'icon_user_online.gif', 'en', 58, 58, 1),
(73, 'button_pm_forward', 'button_pm_forward.gif', 'en', 25, 96, 1),
(74, 'button_pm_new', 'button_pm_new.gif', 'en', 25, 84, 1),
(75, 'button_pm_reply', 'button_pm_reply.gif', 'en', 25, 96, 1),
(76, 'button_topic_locked', 'button_topic_locked.gif', 'en', 25, 88, 1),
(77, 'button_topic_new', 'button_topic_new.gif', 'en', 25, 96, 1),
(78, 'button_topic_reply', 'button_topic_reply.gif', 'en', 25, 96, 1);

-- --------------------------------------------------------

--
-- Table structure for table `phpbb_styles_template`
--

DROP TABLE IF EXISTS `phpbb_styles_template`;
CREATE TABLE IF NOT EXISTS `phpbb_styles_template` (
  `template_id` mediumint(8) unsigned NOT NULL auto_increment,
  `template_name` varchar(255) collate utf8_bin NOT NULL default '',
  `template_copyright` varchar(255) collate utf8_bin NOT NULL default '',
  `template_path` varchar(100) collate utf8_bin NOT NULL default '',
  `bbcode_bitfield` varchar(255) collate utf8_bin NOT NULL default 'kNg=',
  `template_storedb` tinyint(1) unsigned NOT NULL default '0',
  `template_inherits_id` int(4) unsigned NOT NULL default '0',
  `template_inherit_path` varchar(255) collate utf8_bin NOT NULL default '',
  PRIMARY KEY  (`template_id`),
  UNIQUE KEY `tmplte_nm` (`template_name`)
) ENGINE=MyISAM  DEFAULT CHARSET=utf8 COLLATE=utf8_bin AUTO_INCREMENT=2 ;

--
-- Dumping data for table `phpbb_styles_template`
--

INSERT INTO `phpbb_styles_template` (`template_id`, `template_name`, `template_copyright`, `template_path`, `bbcode_bitfield`, `template_storedb`, `template_inherits_id`, `template_inherit_path`) VALUES
(1, 'prosilver', '&copy; phpBB Group', 'prosilver', 'lNg=', 0, 0, '');

-- --------------------------------------------------------

--
-- Table structure for table `phpbb_styles_template_data`
--

DROP TABLE IF EXISTS `phpbb_styles_template_data`;
CREATE TABLE IF NOT EXISTS `phpbb_styles_template_data` (
  `template_id` mediumint(8) unsigned NOT NULL default '0',
  `template_filename` varchar(100) collate utf8_bin NOT NULL default '',
  `template_included` text collate utf8_bin NOT NULL,
  `template_mtime` int(11) unsigned NOT NULL default '0',
  `template_data` mediumtext collate utf8_bin NOT NULL,
  KEY `tid` (`template_id`),
  KEY `tfn` (`template_filename`)
) ENGINE=MyISAM DEFAULT CHARSET=utf8 COLLATE=utf8_bin;

--
-- Dumping data for table `phpbb_styles_template_data`
--


-- --------------------------------------------------------

--
-- Table structure for table `phpbb_styles_theme`
--

DROP TABLE IF EXISTS `phpbb_styles_theme`;
CREATE TABLE IF NOT EXISTS `phpbb_styles_theme` (
  `theme_id` mediumint(8) unsigned NOT NULL auto_increment,
  `theme_name` varchar(255) collate utf8_bin NOT NULL default '',
  `theme_copyright` varchar(255) collate utf8_bin NOT NULL default '',
  `theme_path` varchar(100) collate utf8_bin NOT NULL default '',
  `theme_storedb` tinyint(1) unsigned NOT NULL default '0',
  `theme_mtime` int(11) unsigned NOT NULL default '0',
  `theme_data` mediumtext collate utf8_bin NOT NULL,
  PRIMARY KEY  (`theme_id`),
  UNIQUE KEY `theme_name` (`theme_name`)
) ENGINE=MyISAM  DEFAULT CHARSET=utf8 COLLATE=utf8_bin AUTO_INCREMENT=2 ;

--
-- Dumping data for table `phpbb_styles_theme`
--

INSERT INTO `phpbb_styles_theme` (`theme_id`, `theme_name`, `theme_copyright`, `theme_path`, `theme_storedb`, `theme_mtime`, `theme_data`) VALUES
(1, 'prosilver', '&copy; phpBB Group', 'prosilver', 1, 1346464239, 0x2f2a2020706870424233205374796c652053686565740a202020202d2d2d2d2d2d2d2d2d2d2d2d2d2d2d2d2d2d2d2d2d2d2d2d2d2d2d2d2d2d2d2d2d2d2d2d2d2d2d2d2d2d2d2d2d2d2d2d2d2d2d2d2d2d2d2d2d2d2d2d2d2d0a095374796c65206e616d653a09090970726f73696c76657220287468652064656661756c7420706870424220332e302e78207374796c65290a094261736564206f6e207374796c653a09090a094f726967696e616c20617574686f723a09546f6d2042656464617264202820687474703a2f2f7777772e737562626c75652e636f6d2f20290a094d6f6469666965642062793a090970687042422047726f7570202820687474703a2f2f7777772e70687062622e636f6d2f20290a202020202d2d2d2d2d2d2d2d2d2d2d2d2d2d2d2d2d2d2d2d2d2d2d2d2d2d2d2d2d2d2d2d2d2d2d2d2d2d2d2d2d2d2d2d2d2d2d2d2d2d2d2d2d2d2d2d2d2d2d2d2d2d0a2a2f0a0a2f2a2047656e6572616c204d61726b7570205374796c65730a2d2d2d2d2d2d2d2d2d2d2d2d2d2d2d2d2d2d2d2d2d2d2d2d2d2d2d2d2d2d2d2d2d2d2d2d2d2d2d2d202a2f0a0a2a207b0a092f2a2052657365742062726f77736572732064656661756c74206d617267696e2c2070616464696e6720616e6420666f6e742073697a6573202a2f0a096d617267696e3a20303b0a0970616464696e673a20303b0a7d0a0a68746d6c207b0a09666f6e742d73697a653a20313030253b0a092f2a20416c776179732073686f772061207363726f6c6c62617220666f722073686f7274207061676573202d2073746f707320746865206a756d70207768656e20746865207363726f6c6c62617220617070656172732e206e6f6e2d49452062726f7773657273202a2f0a096865696768743a20313031253b0a7d0a0a626f6479207b0a092f2a20546578742d53697a696e67207769746820656d733a20687474703a2f2f7777772e636c61676e75742e636f6d2f626c6f672f3334382f202a2f0a09666f6e742d66616d696c793a2056657264616e612c2048656c7665746963612c20417269616c2c2073616e732d73657269663b0a09636f6c6f723a20233832383238323b0a096261636b67726f756e642d636f6c6f723a20234646464646463b0a092f2a666f6e742d73697a653a2036322e35253b09090920546869732073657473207468652064656661756c7420666f6e742073697a6520746f206265206571756976616c656e7420746f2031307078202a2f0a09666f6e742d73697a653a20313070783b0a096d617267696e3a20303b0a0970616464696e673a203132707820303b0a7d0a0a6831207b0a092f2a20466f72756d206e616d65202a2f0a09666f6e742d66616d696c793a2022547265627563686574204d53222c20417269616c2c2048656c7665746963612c2073616e732d73657269663b0a096d617267696e2d72696768743a2032303070783b0a09636f6c6f723a20234646464646463b0a096d617267696e2d746f703a20313570783b0a09666f6e742d7765696768743a20626f6c643b0a09666f6e742d73697a653a2032656d3b0a7d0a0a6832207b0a092f2a20466f72756d20686561646572207469746c6573202a2f0a09666f6e742d66616d696c793a2022547265627563686574204d53222c20417269616c2c2048656c7665746963612c2073616e732d73657269663b0a09666f6e742d7765696768743a206e6f726d616c3b0a09636f6c6f723a20233366336633663b0a09666f6e742d73697a653a2032656d3b0a096d617267696e3a20302e38656d203020302e32656d20303b0a7d0a0a68322e736f6c6f207b0a096d617267696e2d626f74746f6d3a2031656d3b0a7d0a0a6833207b0a092f2a205375622d686561646572732028616c736f207573656420617320706f737420686561646572732c2062757420646566696e6564206c6174657229202a2f0a09666f6e742d66616d696c793a20417269616c2c2048656c7665746963612c2073616e732d73657269663b0a09666f6e742d7765696768743a20626f6c643b0a09746578742d7472616e73666f726d3a207570706572636173653b0a09626f726465722d626f74746f6d3a2031707820736f6c696420234343434343433b0a096d617267696e2d626f74746f6d3a203370783b0a0970616464696e672d626f74746f6d3a203270783b0a09666f6e742d73697a653a20312e3035656d3b0a09636f6c6f723a20233938393839383b0a096d617267696e2d746f703a20323070783b0a7d0a0a6834207b0a092f2a20466f72756d20616e6420746f706963206c697374207469746c6573202a2f0a09666f6e742d66616d696c793a2022547265627563686574204d53222c2056657264616e612c2048656c7665746963612c20417269616c2c2053616e732d73657269663b0a09666f6e742d73697a653a20312e33656d3b0a7d0a0a70207b0a096c696e652d6865696768743a20312e33656d3b0a09666f6e742d73697a653a20312e31656d3b0a096d617267696e2d626f74746f6d3a20312e35656d3b0a7d0a0a696d67207b0a09626f726465722d77696474683a20303b0a7d0a0a6872207b0a092f2a20416c736f2073656520747765616b732e637373202a2f0a09626f726465723a2030206e6f6e6520234646464646463b0a09626f726465722d746f703a2031707820736f6c696420234343434343433b0a096865696768743a203170783b0a096d617267696e3a2035707820303b0a09646973706c61793a20626c6f636b3b0a09636c6561723a20626f74683b0a7d0a0a68722e646173686564207b0a09626f726465722d746f703a203170782064617368656420234343434343433b0a096d617267696e3a203130707820303b0a7d0a0a68722e64697669646572207b0a09646973706c61793a206e6f6e653b0a7d0a0a702e7269676874207b0a09746578742d616c69676e3a2072696768743b0a7d0a0a2f2a204d61696e20626c6f636b730a2d2d2d2d2d2d2d2d2d2d2d2d2d2d2d2d2d2d2d2d2d2d2d2d2d2d2d2d2d2d2d2d2d2d2d2d2d2d2d2d202a2f0a2377726170207b0a0970616464696e673a203020323070783b0a096d696e2d77696474683a2036353070783b0a7d0a0a2373696d706c652d77726170207b0a0970616464696e673a2036707820313070783b0a7d0a0a23706167652d626f6479207b0a096d617267696e3a2034707820303b0a09636c6561723a20626f74683b0a7d0a0a23706167652d666f6f746572207b0a09636c6561723a20626f74683b0a7d0a0a23706167652d666f6f746572206833207b0a096d617267696e2d746f703a20323070783b0a7d0a0a236c6f676f207b0a09666c6f61743a206c6566743b0a0977696474683a206175746f3b0a0970616464696e673a20313070782031337078203020313070783b0a7d0a0a61236c6f676f3a686f766572207b0a09746578742d6465636f726174696f6e3a206e6f6e653b0a7d0a0a2f2a2053656172636820626f780a2d2d2d2d2d2d2d2d2d2d2d2d2d2d2d2d2d2d2d2d2d2d2d2d2d2d2d2d2d2d2d2d2d2d2d2d2d2d2d2d2d2d2d2d2d202a2f0a237365617263682d626f78207b0a09636f6c6f723a20234646464646463b0a09706f736974696f6e3a2072656c61746976653b0a096d617267696e2d746f703a20333070783b0a096d617267696e2d72696768743a203570783b0a09646973706c61793a20626c6f636b3b0a09666c6f61743a2072696768743b0a09746578742d616c69676e3a2072696768743b0a0977686974652d73706163653a206e6f777261703b202f2a20466f72204f70657261202a2f0a7d0a0a237365617263682d626f7820236b6579776f726473207b0a0977696474683a20393570783b0a096261636b67726f756e642d636f6c6f723a20234646463b0a7d0a0a237365617263682d626f7820696e707574207b0a09626f726465723a2031707820736f6c696420236230623062303b0a7d0a0a2f2a202e627574746f6e31207374796c6520646566696e6564206c617465722c206a75737420612066657720747765616b7320666f72207468652073656172636820627574746f6e2076657273696f6e202a2f0a237365617263682d626f7820696e7075742e627574746f6e31207b0a0970616464696e673a20317078203570783b0a7d0a0a237365617263682d626f78206c69207b0a09746578742d616c69676e3a2072696768743b0a096d617267696e2d746f703a203470783b0a7d0a0a237365617263682d626f7820696d67207b0a09766572746963616c2d616c69676e3a206d6964646c653b0a096d617267696e2d72696768743a203370783b0a7d0a0a2f2a2053697465206465736372697074696f6e20616e64206c6f676f202a2f0a23736974652d6465736372697074696f6e207b0a09666c6f61743a206c6566743b0a0977696474683a203730253b0a7d0a0a23736974652d6465736372697074696f6e206831207b0a096d617267696e2d72696768743a20303b0a7d0a0a2f2a20526f756e6420636f726e6572656420626f78657320616e64206261636b67726f756e64730a2d2d2d2d2d2d2d2d2d2d2d2d2d2d2d2d2d2d2d2d2d2d2d2d2d2d2d2d2d2d2d2d2d2d2d2d2d2d2d2d202a2f0a2e686561646572626172207b0a096261636b67726f756e643a2023656265626562206e6f6e65207265706561742d78203020303b0a09636f6c6f723a20234646464646463b0a096d617267696e2d626f74746f6d3a203470783b0a0970616464696e673a2030203570783b0a7d0a0a2e6e6176626172207b0a096261636b67726f756e642d636f6c6f723a20236562656265623b0a0970616464696e673a203020313070783b0a7d0a0a2e666f72616267207b0a096261636b67726f756e643a2023623162316231206e6f6e65207265706561742d78203020303b0a096d617267696e2d626f74746f6d3a203470783b0a0970616464696e673a2030203570783b0a09636c6561723a20626f74683b0a7d0a0a2e666f72756d6267207b0a096261636b67726f756e643a2023656265626562206e6f6e65207265706561742d78203020303b0a096d617267696e2d626f74746f6d3a203470783b0a0970616464696e673a2030203570783b0a09636c6561723a20626f74683b0a7d0a0a2e70616e656c207b0a096d617267696e2d626f74746f6d3a203470783b0a0970616464696e673a203020313070783b0a096261636b67726f756e642d636f6c6f723a20236633663366333b0a09636f6c6f723a20233366336633663b0a7d0a0a2e706f7374207b0a0970616464696e673a203020313070783b0a096d617267696e2d626f74746f6d3a203470783b0a096261636b67726f756e642d7265706561743a206e6f2d7265706561743b0a096261636b67726f756e642d706f736974696f6e3a203130302520303b0a7d0a0a2e706f73743a746172676574202e636f6e74656e74207b0a09636f6c6f723a20233030303030303b0a7d0a0a2e706f73743a7461726765742068332061207b0a09636f6c6f723a20233030303030303b0a7d0a0a2e626731097b206261636b67726f756e642d636f6c6f723a20236637663766373b7d0a2e626732097b206261636b67726f756e642d636f6c6f723a20236632663266323b207d0a2e626733097b206261636b67726f756e642d636f6c6f723a20236562656265623b207d0a0a2e726f776267207b0a096d617267696e3a203570782035707820327078203570783b0a7d0a0a2e756370726f776267207b0a096261636b67726f756e642d636f6c6f723a20236532653265323b0a7d0a0a2e6669656c64736267207b0a092f2a626f726465723a20317078202344424445453220736f6c69643b2a2f0a096261636b67726f756e642d636f6c6f723a20236561656165613b0a7d0a0a7370616e2e636f726e6572732d746f702c207370616e2e636f726e6572732d626f74746f6d2c207370616e2e636f726e6572732d746f70207370616e2c207370616e2e636f726e6572732d626f74746f6d207370616e207b0a09666f6e742d73697a653a203170783b0a096c696e652d6865696768743a203170783b0a09646973706c61793a20626c6f636b3b0a096865696768743a203570783b0a096261636b67726f756e642d7265706561743a206e6f2d7265706561743b0a7d0a0a7370616e2e636f726e6572732d746f70207b0a096261636b67726f756e642d696d6167653a206e6f6e653b0a096261636b67726f756e642d706f736974696f6e3a203020303b0a096d617267696e3a2030202d3570783b0a7d0a0a7370616e2e636f726e6572732d746f70207370616e207b0a096261636b67726f756e642d696d6167653a206e6f6e653b0a096261636b67726f756e642d706f736974696f6e3a203130302520303b0a7d0a0a7370616e2e636f726e6572732d626f74746f6d207b0a096261636b67726f756e642d696d6167653a206e6f6e653b0a096261636b67726f756e642d706f736974696f6e3a203020313030253b0a096d617267696e3a2030202d3570783b0a09636c6561723a20626f74683b0a7d0a0a7370616e2e636f726e6572732d626f74746f6d207370616e207b0a096261636b67726f756e642d696d6167653a206e6f6e653b0a096261636b67726f756e642d706f736974696f6e3a203130302520313030253b0a7d0a0a2e686561646267207370616e2e636f726e6572732d626f74746f6d207b0a096d617267696e2d626f74746f6d3a202d3170783b0a7d0a0a2e706f7374207370616e2e636f726e6572732d746f702c202e706f7374207370616e2e636f726e6572732d626f74746f6d2c202e70616e656c207370616e2e636f726e6572732d746f702c202e70616e656c207370616e2e636f726e6572732d626f74746f6d2c202e6e6176626172207370616e2e636f726e6572732d746f702c202e6e6176626172207370616e2e636f726e6572732d626f74746f6d207b0a096d617267696e3a2030202d313070783b0a7d0a0a2e72756c6573207370616e2e636f726e6572732d746f70207b0a096d617267696e3a2030202d3130707820357078202d313070783b0a7d0a0a2e72756c6573207370616e2e636f726e6572732d626f74746f6d207b0a096d617267696e3a20357078202d313070782030202d313070783b0a7d0a0a2f2a20486f72697a6f6e74616c206c697374730a2d2d2d2d2d2d2d2d2d2d2d2d2d2d2d2d2d2d2d2d2d2d2d2d2d2d2d2d2d2d2d2d2d2d2d2d2d2d2d2d2a2f0a756c2e6c696e6b6c697374207b0a09646973706c61793a20626c6f636b3b0a096d617267696e3a20303b0a7d0a0a756c2e6c696e6b6c697374206c69207b0a09646973706c61793a20626c6f636b3b0a096c6973742d7374796c652d747970653a206e6f6e653b0a09666c6f61743a206c6566743b0a0977696474683a206175746f3b0a096d617267696e2d72696768743a203570783b0a09666f6e742d73697a653a20312e31656d3b0a096c696e652d6865696768743a20322e32656d3b0a7d0a0a756c2e6c696e6b6c697374206c692e7269676874736964652c20702e726967687473696465207b0a09666c6f61743a2072696768743b0a096d617267696e2d72696768743a20303b0a096d617267696e2d6c6566743a203570783b0a09746578742d616c69676e3a2072696768743b0a7d0a0a756c2e6e61766c696e6b73207b0a0970616464696e672d626f74746f6d3a203170783b0a096d617267696e2d626f74746f6d3a203170783b0a09626f726465722d626f74746f6d3a2031707820736f6c696420234646464646463b0a09666f6e742d7765696768743a20626f6c643b0a7d0a0a756c2e6c65667473696465207b0a09666c6f61743a206c6566743b0a096d617267696e2d6c6566743a20303b0a096d617267696e2d72696768743a203570783b0a09746578742d616c69676e3a206c6566743b0a7d0a0a756c2e726967687473696465207b0a09666c6f61743a2072696768743b0a096d617267696e2d6c6566743a203570783b0a096d617267696e2d72696768743a202d3570783b0a09746578742d616c69676e3a2072696768743b0a7d0a0a2f2a205461626c65207374796c65730a2d2d2d2d2d2d2d2d2d2d2d2d2d2d2d2d2d2d2d2d2d2d2d2d2d2d2d2d2d2d2d2d2d2d2d2d2d2d2d2d2a2f0a7461626c652e7461626c6531207b0a092f2a2053656520747765616b732e637373202a2f0a7d0a0a237563702d6d61696e207461626c652e7461626c6531207b0a0970616464696e673a203270783b0a7d0a0a7461626c652e7461626c6531207468656164207468207b0a09666f6e742d7765696768743a206e6f726d616c3b0a09746578742d7472616e73666f726d3a207570706572636173653b0a09636f6c6f723a20234646464646463b0a096c696e652d6865696768743a20312e33656d3b0a09666f6e742d73697a653a2031656d3b0a0970616464696e673a2030203020347078203370783b0a7d0a0a7461626c652e7461626c6531207468656164207468207370616e207b0a0970616464696e672d6c6566743a203770783b0a7d0a0a7461626c652e7461626c65312074626f6479207472207b0a09626f726465723a2031707820736f6c696420236366636663663b0a7d0a0a7461626c652e7461626c65312074626f64792074723a686f7665722c207461626c652e7461626c65312074626f64792074722e686f766572207b0a096261636b67726f756e642d636f6c6f723a20236636663666363b0a09636f6c6f723a20233030303b0a7d0a0a7461626c652e7461626c6531207464207b0a09636f6c6f723a20233661366136613b0a09666f6e742d73697a653a20312e31656d3b0a7d0a0a7461626c652e7461626c65312074626f6479207464207b0a0970616464696e673a203570783b0a09626f726465722d746f703a2031707820736f6c696420234641464146413b0a7d0a0a7461626c652e7461626c65312074626f6479207468207b0a0970616464696e673a203570783b0a09626f726465722d626f74746f6d3a2031707820736f6c696420233030303030303b0a09746578742d616c69676e3a206c6566743b0a09636f6c6f723a20233333333333333b0a096261636b67726f756e642d636f6c6f723a20234646464646463b0a7d0a0a2f2a20537065636966696320636f6c756d6e207374796c6573202a2f0a7461626c652e7461626c6531202e6e616d6509097b20746578742d616c69676e3a206c6566743b207d0a7461626c652e7461626c6531202e706f73747309097b20746578742d616c69676e3a2063656e7465722021696d706f7274616e743b2077696474683a2037253b207d0a7461626c652e7461626c6531202e6a6f696e6564097b20746578742d616c69676e3a206c6566743b2077696474683a203135253b207d0a7461626c652e7461626c6531202e616374697665097b20746578742d616c69676e3a206c6566743b2077696474683a203135253b207d0a7461626c652e7461626c6531202e6d61726b09097b20746578742d616c69676e3a2063656e7465723b2077696474683a2037253b207d0a7461626c652e7461626c6531202e696e666f09097b20746578742d616c69676e3a206c6566743b2077696474683a203330253b207d0a7461626c652e7461626c6531202e696e666f20646976097b2077696474683a20313030253b2077686974652d73706163653a206e6f726d616c3b206f766572666c6f773a2068696464656e3b207d0a7461626c652e7461626c6531202e6175746f636f6c097b206c696e652d6865696768743a2032656d3b2077686974652d73706163653a206e6f777261703b207d0a7461626c652e7461626c6531207468656164202e6175746f636f6c207b2070616464696e672d6c6566743a2031656d3b207d0a0a7461626c652e7461626c6531207370616e2e72616e6b2d696d67207b0a09666c6f61743a2072696768743b0a0977696474683a206175746f3b0a7d0a0a7461626c652e696e666f207464207b0a0970616464696e673a203370783b0a7d0a0a7461626c652e696e666f2074626f6479207468207b0a0970616464696e673a203370783b0a09746578742d616c69676e3a2072696768743b0a09766572746963616c2d616c69676e3a20746f703b0a09636f6c6f723a20233030303030303b0a09666f6e742d7765696768743a206e6f726d616c3b0a7d0a0a2e666f72756d6267207461626c652e7461626c6531207b0a096d617267696e3a20303b0a7d0a0a2e666f72756d62672d7461626c65203e202e696e6e6572207b0a096d617267696e3a2030202d3170783b0a7d0a0a2e666f72756d62672d7461626c65203e202e696e6e6572203e207370616e2e636f726e6572732d746f70207b0a096d617267696e3a2030202d347078202d317078202d3470783b0a7d0a0a2e666f72756d62672d7461626c65203e202e696e6e6572203e207370616e2e636f726e6572732d626f74746f6d207b0a096d617267696e3a202d317078202d3470782030202d3470783b0a7d0a0a2f2a204d697363206c61796f7574207374796c65730a2d2d2d2d2d2d2d2d2d2d2d2d2d2d2d2d2d2d2d2d2d2d2d2d2d2d2d2d2d2d2d2d2d2d2d2d2d2d2d2d202a2f0a2f2a20636f6c756d6e5b312d325d207374796c65732061726520636f6e7461696e65727320666f722074776f20636f6c756d6e206c61796f757473200a202020416c736f2073656520747765616b732e637373202a2f0a2e636f6c756d6e31207b0a09666c6f61743a206c6566743b0a09636c6561723a206c6566743b0a0977696474683a203439253b0a7d0a0a2e636f6c756d6e32207b0a09666c6f61743a2072696768743b0a09636c6561723a2072696768743b0a0977696474683a203439253b0a7d0a0a2f2a2047656e6572616c20636c617373657320666f7220706c6163696e6720666c6f6174696e6720626c6f636b73202a2f0a2e6c6566742d626f78207b0a09666c6f61743a206c6566743b0a0977696474683a206175746f3b0a09746578742d616c69676e3a206c6566743b0a7d0a0a2e72696768742d626f78207b0a09666c6f61743a2072696768743b0a0977696474683a206175746f3b0a09746578742d616c69676e3a2072696768743b0a7d0a0a646c2e64657461696c73207b0a092f2a666f6e742d66616d696c793a20224c7563696461204772616e6465222c2056657264616e612c2048656c7665746963612c20417269616c2c2073616e732d73657269663b2a2f0a09666f6e742d73697a653a20312e31656d3b0a7d0a0a646c2e64657461696c73206474207b0a09666c6f61743a206c6566743b0a09636c6561723a206c6566743b0a0977696474683a203330253b0a09746578742d616c69676e3a2072696768743b0a09636f6c6f723a20233030303030303b0a09646973706c61793a20626c6f636b3b0a7d0a0a646c2e64657461696c73206464207b0a096d617267696e2d6c6566743a20303b0a0970616464696e672d6c6566743a203570783b0a096d617267696e2d626f74746f6d3a203570783b0a09636f6c6f723a20233832383238323b0a09666c6f61743a206c6566743b0a0977696474683a203635253b0a7d0a0a2f2a20506167696e6174696f6e0a2d2d2d2d2d2d2d2d2d2d2d2d2d2d2d2d2d2d2d2d2d2d2d2d2d2d2d2d2d2d2d2d2d2d2d2d2d2d2d2d202a2f0a2e706167696e6174696f6e207b0a096865696768743a2031253b202f2a20494520747765616b2028686f6c6c79206861636b29202a2f0a0977696474683a206175746f3b0a09746578742d616c69676e3a2072696768743b0a096d617267696e2d746f703a203570783b0a09666c6f61743a2072696768743b0a7d0a0a2e706167696e6174696f6e207370616e2e706167652d736570207b0a09646973706c61793a206e6f6e653b0a7d0a0a6c692e706167696e6174696f6e207b0a096d617267696e2d746f703a20303b0a7d0a0a2e706167696e6174696f6e207374726f6e672c202e706167696e6174696f6e2062207b0a09666f6e742d7765696768743a206e6f726d616c3b0a7d0a0a2e706167696e6174696f6e207370616e207374726f6e67207b0a0970616464696e673a2030203270783b0a096d617267696e3a2030203270783b0a09666f6e742d7765696768743a206e6f726d616c3b0a09636f6c6f723a20234646464646463b0a096261636b67726f756e642d636f6c6f723a20236266626662663b0a09626f726465723a2031707820736f6c696420236266626662663b0a09666f6e742d73697a653a20302e39656d3b0a7d0a0a2e706167696e6174696f6e207370616e20612c202e706167696e6174696f6e207370616e20613a6c696e6b2c202e706167696e6174696f6e207370616e20613a766973697465642c202e706167696e6174696f6e207370616e20613a616374697665207b0a09666f6e742d7765696768743a206e6f726d616c3b0a09746578742d6465636f726174696f6e3a206e6f6e653b0a09636f6c6f723a20233734373437343b0a096d617267696e3a2030203270783b0a0970616464696e673a2030203270783b0a096261636b67726f756e642d636f6c6f723a20236565656565653b0a09626f726465723a2031707820736f6c696420236261626162613b0a09666f6e742d73697a653a20302e39656d3b0a096c696e652d6865696768743a20312e35656d3b0a7d0a0a2e706167696e6174696f6e207370616e20613a686f766572207b0a09626f726465722d636f6c6f723a20236432643264323b0a096261636b67726f756e642d636f6c6f723a20236432643264323b0a09636f6c6f723a20234646463b0a09746578742d6465636f726174696f6e3a206e6f6e653b0a7d0a0a2e706167696e6174696f6e20696d67207b0a09766572746963616c2d616c69676e3a206d6964646c653b0a7d0a0a2f2a20506167696e6174696f6e20696e2076696577666f72756d20666f72206d756c74697061676520746f70696373202a2f0a2e726f77202e706167696e6174696f6e207b0a09646973706c61793a20626c6f636b3b0a09666c6f61743a2072696768743b0a0977696474683a206175746f3b0a096d617267696e2d746f703a20303b0a0970616464696e673a2031707820302031707820313570783b0a09666f6e742d73697a653a20302e39656d3b0a096261636b67726f756e643a206e6f6e65203020353025206e6f2d7265706561743b0a7d0a0a2e726f77202e706167696e6174696f6e207370616e20612c206c692e706167696e6174696f6e207370616e2061207b0a096261636b67726f756e642d636f6c6f723a20234646464646463b0a7d0a0a2e726f77202e706167696e6174696f6e207370616e20613a686f7665722c206c692e706167696e6174696f6e207370616e20613a686f766572207b0a096261636b67726f756e642d636f6c6f723a20236432643264323b0a7d0a0a2f2a204d697363656c6c616e656f7573207374796c65730a2d2d2d2d2d2d2d2d2d2d2d2d2d2d2d2d2d2d2d2d2d2d2d2d2d2d2d2d2d2d2d2d2d2d2d2d2d2d2d2d202a2f0a23666f72756d2d7065726d697373696f6e73207b0a09666c6f61743a2072696768743b0a0977696474683a206175746f3b0a0970616464696e672d6c6566743a203570783b0a096d617267696e2d6c6566743a203570783b0a096d617267696e2d746f703a20313070783b0a09746578742d616c69676e3a2072696768743b0a7d0a0a2e636f70797269676874207b0a0970616464696e673a203570783b0a09746578742d616c69676e3a2063656e7465723b0a09636f6c6f723a20233535353535353b0a7d0a0a2e736d616c6c207b0a09666f6e742d73697a653a20302e39656d2021696d706f7274616e743b0a7d0a0a2e7469746c657370616365207b0a096d617267696e2d626f74746f6d3a20313570783b0a7d0a0a2e6865616465727370616365207b0a096d617267696e2d746f703a20323070783b0a7d0a0a2e6572726f72207b0a09636f6c6f723a20236263626362633b0a09666f6e742d7765696768743a20626f6c643b0a09666f6e742d73697a653a2031656d3b0a7d0a0a2e7265706f72746564207b0a096261636b67726f756e642d636f6c6f723a20236637663766373b0a7d0a0a6c692e7265706f727465643a686f766572207b0a096261636b67726f756e642d636f6c6f723a20236563656365633b0a7d0a0a6469762e72756c6573207b0a096261636b67726f756e642d636f6c6f723a20236563656365633b0a09636f6c6f723a20236263626362633b0a0970616464696e673a203020313070783b0a096d617267696e3a203130707820303b0a09666f6e742d73697a653a20312e31656d3b0a7d0a0a6469762e72756c657320756c2c206469762e72756c6573206f6c207b0a096d617267696e2d6c6566743a20323070783b0a7d0a0a702e72756c6573207b0a096261636b67726f756e642d636f6c6f723a20236563656365633b0a096261636b67726f756e642d696d6167653a206e6f6e653b0a0970616464696e673a203570783b0a7d0a0a702e72756c657320696d67207b0a09766572746963616c2d616c69676e3a206d6964646c653b0a0970616464696e672d746f703a203570783b0a7d0a0a702e72756c65732061207b0a09766572746963616c2d616c69676e3a206d6964646c653b0a09636c6561723a20626f74683b0a7d0a0a23746f70207b0a09706f736974696f6e3a206162736f6c7574653b0a09746f703a202d323070783b0a7d0a0a2e636c656172207b0a09646973706c61793a20626c6f636b3b0a09636c6561723a20626f74683b0a09666f6e742d73697a653a203170783b0a096c696e652d6865696768743a203170783b0a096261636b67726f756e643a207472616e73706172656e743b0a7d0a2f2a204c696e6b205374796c65730a2d2d2d2d2d2d2d2d2d2d2d2d2d2d2d2d2d2d2d2d2d2d2d2d2d2d2d2d2d2d2d2d2d2d2d2d2d2d2d2d202a2f0a0a2f2a204c696e6b732061646a7573746d656e7420746f20636f72726563746c7920646973706c617920616e206f72646572206f662072746c2f6c7472206d6978656420636f6e74656e74202a2f0a61207b0a09646972656374696f6e3a206c74723b0a09756e69636f64652d626964693a20656d6265643b0a7d0a0a613a6c696e6b097b20636f6c6f723a20233839383938393b20746578742d6465636f726174696f6e3a206e6f6e653b207d0a613a76697369746564097b20636f6c6f723a20233839383938393b20746578742d6465636f726174696f6e3a206e6f6e653b207d0a613a686f766572097b20636f6c6f723a20236433643364333b20746578742d6465636f726174696f6e3a20756e6465726c696e653b207d0a613a616374697665097b20636f6c6f723a20236432643264323b20746578742d6465636f726174696f6e3a206e6f6e653b207d0a0a2f2a20436f6c6f7572656420757365726e616d6573202a2f0a2e757365726e616d652d636f6c6f75726564207b0a09666f6e742d7765696768743a20626f6c643b0a09646973706c61793a20696e6c696e652021696d706f7274616e743b0a0970616464696e673a20302021696d706f7274616e743b0a7d0a0a2f2a204c696e6b73206f6e206772616469656e74206261636b67726f756e6473202a2f0a237365617263682d626f7820613a6c696e6b2c202e6e6176626720613a6c696e6b2c202e666f72756d6267202e68656164657220613a6c696e6b2c202e666f72616267202e68656164657220613a6c696e6b2c20746820613a6c696e6b207b0a09636f6c6f723a20234646464646463b0a09746578742d6465636f726174696f6e3a206e6f6e653b0a7d0a0a237365617263682d626f7820613a766973697465642c202e6e6176626720613a766973697465642c202e666f72756d6267202e68656164657220613a766973697465642c202e666f72616267202e68656164657220613a766973697465642c20746820613a76697369746564207b0a09636f6c6f723a20234646464646463b0a09746578742d6465636f726174696f6e3a206e6f6e653b0a7d0a0a237365617263682d626f7820613a686f7665722c202e6e6176626720613a686f7665722c202e666f72756d6267202e68656164657220613a686f7665722c202e666f72616267202e68656164657220613a686f7665722c20746820613a686f766572207b0a09636f6c6f723a20236666666666663b0a09746578742d6465636f726174696f6e3a20756e6465726c696e653b0a7d0a0a237365617263682d626f7820613a6163746976652c202e6e6176626720613a6163746976652c202e666f72756d6267202e68656164657220613a6163746976652c202e666f72616267202e68656164657220613a6163746976652c20746820613a616374697665207b0a09636f6c6f723a20236666666666663b0a09746578742d6465636f726174696f6e3a206e6f6e653b0a7d0a0a2f2a204c696e6b7320666f7220666f72756d2f746f706963206c69737473202a2f0a612e666f72756d7469746c65207b0a09666f6e742d66616d696c793a2022547265627563686574204d53222c2048656c7665746963612c20417269616c2c2053616e732d73657269663b0a09666f6e742d73697a653a20312e32656d3b0a09666f6e742d7765696768743a20626f6c643b0a09636f6c6f723a20233839383938393b0a09746578742d6465636f726174696f6e3a206e6f6e653b0a7d0a0a2f2a20612e666f72756d7469746c653a76697369746564207b20636f6c6f723a20233839383938393b207d202a2f0a0a612e666f72756d7469746c653a686f766572207b0a09636f6c6f723a20236263626362633b0a09746578742d6465636f726174696f6e3a20756e6465726c696e653b0a7d0a0a612e666f72756d7469746c653a616374697665207b0a09636f6c6f723a20233839383938393b0a7d0a0a612e746f7069637469746c65207b0a09666f6e742d66616d696c793a2022547265627563686574204d53222c2048656c7665746963612c20417269616c2c2053616e732d73657269663b0a09666f6e742d73697a653a20312e32656d3b0a09666f6e742d7765696768743a20626f6c643b0a09636f6c6f723a20233839383938393b0a09746578742d6465636f726174696f6e3a206e6f6e653b0a7d0a0a2f2a20612e746f7069637469746c653a76697369746564207b20636f6c6f723a20236432643264323b207d202a2f0a0a612e746f7069637469746c653a686f766572207b0a09636f6c6f723a20236263626362633b0a09746578742d6465636f726174696f6e3a20756e6465726c696e653b0a7d0a0a612e746f7069637469746c653a616374697665207b0a09636f6c6f723a20233839383938393b0a7d0a0a2f2a20506f737420626f6479206c696e6b73202a2f0a2e706f73746c696e6b207b0a09746578742d6465636f726174696f6e3a206e6f6e653b0a09636f6c6f723a20236432643264323b0a09626f726465722d626f74746f6d3a2031707820736f6c696420236432643264323b0a0970616464696e672d626f74746f6d3a20303b0a7d0a0a2f2a202e706f73746c696e6b3a76697369746564207b20636f6c6f723a20236264626462643b207d202a2f0a0a2e706f73746c696e6b3a616374697665207b0a09636f6c6f723a20236432643264323b0a7d0a0a2e706f73746c696e6b3a686f766572207b0a096261636b67726f756e642d636f6c6f723a20236636663666363b0a09746578742d6465636f726174696f6e3a206e6f6e653b0a09636f6c6f723a20233430343034303b0a7d0a0a2e7369676e617475726520612c202e7369676e617475726520613a766973697465642c202e7369676e617475726520613a686f7665722c202e7369676e617475726520613a616374697665207b0a09626f726465723a206e6f6e653b0a09746578742d6465636f726174696f6e3a20756e6465726c696e653b0a096261636b67726f756e642d636f6c6f723a207472616e73706172656e743b0a7d0a0a2f2a2050726f66696c65206c696e6b73202a2f0a2e706f737470726f66696c6520613a6c696e6b2c202e706f737470726f66696c6520613a766973697465642c202e706f737470726f66696c652064742e617574686f722061207b0a09666f6e742d7765696768743a20626f6c643b0a09636f6c6f723a20233839383938393b0a09746578742d6465636f726174696f6e3a206e6f6e653b0a7d0a0a2e706f737470726f66696c6520613a686f7665722c202e706f737470726f66696c652064742e617574686f7220613a686f766572207b0a09746578742d6465636f726174696f6e3a20756e6465726c696e653b0a09636f6c6f723a20236433643364333b0a7d0a0a2f2a20435353207370656320726571756972657320613a6c696e6b2c20613a766973697465642c20613a686f76657220616e6420613a6163746976652072756c657320746f2062652073706563696669656420696e2074686973206f726465722e202a2f0a2f2a2053656520687474703a2f2f7777772e70687062622e636f6d2f627567732f7068706262332f3539363835202a2f0a2e706f737470726f66696c6520613a616374697665207b0a09666f6e742d7765696768743a20626f6c643b0a09636f6c6f723a20233839383938393b0a09746578742d6465636f726174696f6e3a206e6f6e653b0a7d0a0a0a2f2a2050726f66696c6520736561726368726573756c7473202a2f090a2e736561726368202e706f737470726f66696c652061207b0a09636f6c6f723a20233839383938393b0a09746578742d6465636f726174696f6e3a206e6f6e653b200a09666f6e742d7765696768743a206e6f726d616c3b0a7d0a0a2e736561726368202e706f737470726f66696c6520613a686f766572207b0a09636f6c6f723a20236433643364333b0a09746578742d6465636f726174696f6e3a20756e6465726c696e653b200a7d0a0a2f2a204261636b20746f20746f70206f662070616765202a2f0a2e6261636b32746f70207b0a09636c6561723a20626f74683b0a096865696768743a20313170783b0a09746578742d616c69676e3a2072696768743b0a7d0a0a612e746f70207b0a096261636b67726f756e643a206e6f6e65206e6f2d72657065617420746f70206c6566743b0a09746578742d6465636f726174696f6e3a206e6f6e653b0a0977696474683a207b494d475f49434f4e5f4241434b5f544f505f57494454487d70783b0a096865696768743a207b494d475f49434f4e5f4241434b5f544f505f4845494748547d70783b0a09646973706c61793a20626c6f636b3b0a09666c6f61743a2072696768743b0a096f766572666c6f773a2068696464656e3b0a096c65747465722d73706163696e673a203130303070783b0a09746578742d696e64656e743a20313170783b0a7d0a0a612e746f7032207b0a096261636b67726f756e643a206e6f6e65206e6f2d7265706561742030203530253b0a09746578742d6465636f726174696f6e3a206e6f6e653b0a0970616464696e672d6c6566743a20313570783b0a7d0a0a2f2a204172726f77206c696e6b7320202a2f0a612e757009097b206261636b67726f756e643a206e6f6e65206e6f2d726570656174206c6566742063656e7465723b207d0a612e646f776e09097b206261636b67726f756e643a206e6f6e65206e6f2d7265706561742072696768742063656e7465723b207d0a612e6c65667409097b206261636b67726f756e643a206e6f6e65206e6f2d72657065617420337078203630253b207d0a612e726967687409097b206261636b67726f756e643a206e6f6e65206e6f2d72657065617420393525203630253b207d0a0a612e75702c20612e75703a6c696e6b2c20612e75703a6163746976652c20612e75703a76697369746564207b0a0970616464696e672d6c6566743a20313070783b0a09746578742d6465636f726174696f6e3a206e6f6e653b0a09626f726465722d626f74746f6d2d77696474683a20303b0a7d0a0a612e75703a686f766572207b0a096261636b67726f756e642d706f736974696f6e3a206c65667420746f703b0a096261636b67726f756e642d636f6c6f723a207472616e73706172656e743b0a7d0a0a612e646f776e2c20612e646f776e3a6c696e6b2c20612e646f776e3a6163746976652c20612e646f776e3a76697369746564207b0a0970616464696e672d72696768743a20313070783b0a7d0a0a612e646f776e3a686f766572207b0a096261636b67726f756e642d706f736974696f6e3a20726967687420626f74746f6d3b0a09746578742d6465636f726174696f6e3a206e6f6e653b0a7d0a0a612e6c6566742c20612e6c6566743a6163746976652c20612e6c6566743a76697369746564207b0a0970616464696e672d6c6566743a20313270783b0a7d0a0a612e6c6566743a686f766572207b0a09636f6c6f723a20236432643264323b0a09746578742d6465636f726174696f6e3a206e6f6e653b0a096261636b67726f756e642d706f736974696f6e3a2030203630253b0a7d0a0a612e72696768742c20612e72696768743a6163746976652c20612e72696768743a76697369746564207b0a0970616464696e672d72696768743a20313270783b0a7d0a0a612e72696768743a686f766572207b0a09636f6c6f723a20236432643264323b0a09746578742d6465636f726174696f6e3a206e6f6e653b0a096261636b67726f756e642d706f736974696f6e3a2031303025203630253b0a7d0a0a2f2a20696e76697369626c6520736b6970206c696e6b2c207573656420666f72206163636573736962696c69747920202a2f0a2e736b69706c696e6b207b0a09706f736974696f6e3a206162736f6c7574653b0a096c6566743a202d39393970783b0a0977696474683a2039393070783b0a7d0a0a2f2a20466565642069636f6e20696e20666f72756d6c6973745f626f64792e68746d6c202a2f0a612e666565642d69636f6e2d666f72756d207b0a09666c6f61743a2072696768743b0a096d617267696e3a203370783b0a7d0a2f2a20436f6e74656e74205374796c65730a2d2d2d2d2d2d2d2d2d2d2d2d2d2d2d2d2d2d2d2d2d2d2d2d2d2d2d2d2d2d2d2d2d2d2d2d2d2d2d2d202a2f0a0a756c2e746f7069636c697374207b0a09646973706c61793a20626c6f636b3b0a096c6973742d7374796c652d747970653a206e6f6e653b0a096d617267696e3a20303b0a7d0a0a756c2e666f72756d73207b0a096261636b67726f756e643a2023663966396639206e6f6e65207265706561742d78203020303b0a7d0a0a756c2e746f7069636c697374206c69207b0a09646973706c61793a20626c6f636b3b0a096c6973742d7374796c652d747970653a206e6f6e653b0a09636f6c6f723a20233737373737373b0a096d617267696e3a20303b0a7d0a0a756c2e746f7069636c69737420646c207b0a09706f736974696f6e3a2072656c61746976653b0a7d0a0a756c2e746f7069636c697374206c692e726f7720646c207b0a0970616464696e673a2032707820303b0a7d0a0a756c2e746f7069636c697374206474207b0a09646973706c61793a20626c6f636b3b0a09666c6f61743a206c6566743b0a0977696474683a203530253b0a09666f6e742d73697a653a20312e31656d3b0a0970616464696e672d6c6566743a203570783b0a0970616464696e672d72696768743a203570783b0a7d0a0a756c2e746f7069636c697374206464207b0a09646973706c61793a20626c6f636b3b0a09666c6f61743a206c6566743b0a09626f726465722d6c6566743a2031707820736f6c696420234646464646463b0a0970616464696e673a2034707820303b0a7d0a0a756c2e746f7069636c6973742064666e207b0a092f2a204c6162656c7320666f7220706f73742f7669657720636f756e7473202a2f0a09706f736974696f6e3a206162736f6c7574653b0a096c6566743a202d39393970783b0a0977696474683a2039393070783b0a7d0a0a756c2e746f7069636c697374206c692e726f7720647420612e737562666f72756d207b0a096261636b67726f756e642d696d6167653a206e6f6e653b0a096261636b67726f756e642d706f736974696f6e3a2030203530253b0a096261636b67726f756e642d7265706561743a206e6f2d7265706561743b0a09706f736974696f6e3a2072656c61746976653b0a0977686974652d73706163653a206e6f777261703b0a0970616464696e673a20302030203020313270783b0a7d0a0a2e666f72756d2d696d616765207b0a09666c6f61743a206c6566743b0a0970616464696e672d746f703a203570783b0a096d617267696e2d72696768743a203570783b0a7d0a0a6c692e726f77207b0a09626f726465722d746f703a2031707820736f6c696420234646464646463b0a09626f726465722d626f74746f6d3a2031707820736f6c696420233866386638663b0a7d0a0a6c692e726f77207374726f6e67207b0a09666f6e742d7765696768743a206e6f726d616c3b0a09636f6c6f723a20233030303030303b0a7d0a0a6c692e726f773a686f766572207b0a096261636b67726f756e642d636f6c6f723a20236636663666363b0a7d0a0a6c692e726f773a686f766572206464207b0a09626f726465722d6c6566742d636f6c6f723a20234343434343433b0a7d0a0a6c692e6865616465722064742c206c692e686561646572206464207b0a096c696e652d6865696768743a2031656d3b0a09626f726465722d6c6566742d77696474683a20303b0a096d617267696e3a2032707820302034707820303b0a09636f6c6f723a20234646464646463b0a0970616464696e672d746f703a203270783b0a0970616464696e672d626f74746f6d3a203270783b0a09666f6e742d73697a653a2031656d3b0a09666f6e742d66616d696c793a20417269616c2c2048656c7665746963612c2073616e732d73657269663b0a09746578742d7472616e73666f726d3a207570706572636173653b0a7d0a0a6c692e686561646572206474207b0a09666f6e742d7765696768743a20626f6c643b0a7d0a0a6c692e686561646572206464207b0a096d617267696e2d6c6566743a203170783b0a7d0a0a6c692e68656164657220646c2e69636f6e207b0a096d696e2d6865696768743a20303b0a7d0a0a6c692e68656164657220646c2e69636f6e206474207b0a092f2a20547765616b20666f72206865616465727320616c69676e6d656e74207768656e20666f6c6465722069636f6e2075736564202a2f0a0970616464696e672d6c6566743a20303b0a0970616464696e672d72696768743a20353070783b0a7d0a0a2f2a20466f72756d206c69737420636f6c756d6e207374796c6573202a2f0a646c2e69636f6e207b0a096d696e2d6865696768743a20333570783b0a096261636b67726f756e642d706f736974696f6e3a2031307078203530253b09092f2a20506f736974696f6e206f6620666f6c6465722069636f6e202a2f0a096261636b67726f756e642d7265706561743a206e6f2d7265706561743b0a7d0a0a646c2e69636f6e206474207b0a0970616464696e672d6c6566743a20343570783b09090909092f2a20537061636520666f7220666f6c6465722069636f6e202a2f0a096261636b67726f756e642d7265706561743a206e6f2d7265706561743b0a096261636b67726f756e642d706f736974696f6e3a20357078203935253b09092f2a20506f736974696f6e206f6620746f7069632069636f6e202a2f0a7d0a0a64642e706f7374732c2064642e746f706963732c2064642e7669657773207b0a0977696474683a2038253b0a09746578742d616c69676e3a2063656e7465723b0a096c696e652d6865696768743a20322e32656d3b0a09666f6e742d73697a653a20312e32656d3b0a7d0a0a2f2a204c69737420696e20666f72756d206465736372697074696f6e202a2f0a646c2e69636f6e206474206f6c2c0a646c2e69636f6e20647420756c207b0a096c6973742d7374796c652d706f736974696f6e3a20696e736964653b0a096d617267696e2d6c6566743a2031656d3b0a7d0a0a646c2e69636f6e206474206c69207b0a09646973706c61793a206c6973742d6974656d3b0a096c6973742d7374796c652d747970653a20696e68657269743b0a7d0a0a64642e6c617374706f7374207b0a0977696474683a203235253b0a09666f6e742d73697a653a20312e31656d3b0a7d0a0a64642e7265646972656374207b0a09666f6e742d73697a653a20312e31656d3b0a096c696e652d6865696768743a20322e35656d3b0a7d0a0a64642e6d6f6465726174696f6e207b0a09666f6e742d73697a653a20312e31656d3b0a7d0a0a64642e6c617374706f7374207370616e2c20756c2e746f7069636c6973742064642e7365617263686279207370616e2c20756c2e746f7069636c6973742064642e696e666f207370616e2c20756c2e746f7069636c6973742064642e74696d65207370616e2c2064642e7265646972656374207370616e2c2064642e6d6f6465726174696f6e207370616e207b0a09646973706c61793a20626c6f636b3b0a0970616464696e672d6c6566743a203570783b0a7d0a0a64642e74696d65207b0a0977696474683a206175746f3b0a096c696e652d6865696768743a20323030253b0a09666f6e742d73697a653a20312e31656d3b0a7d0a0a64642e6578747261207b0a0977696474683a203132253b0a096c696e652d6865696768743a20323030253b0a09746578742d616c69676e3a2063656e7465723b0a09666f6e742d73697a653a20312e31656d3b0a7d0a0a64642e6d61726b207b0a09666c6f61743a2072696768742021696d706f7274616e743b0a0977696474683a2039253b0a09746578742d616c69676e3a2063656e7465723b0a096c696e652d6865696768743a20323030253b0a09666f6e742d73697a653a20312e32656d3b0a7d0a0a64642e696e666f207b0a0977696474683a203330253b0a7d0a0a64642e6f7074696f6e207b0a0977696474683a203135253b0a096c696e652d6865696768743a20323030253b0a09746578742d616c69676e3a2063656e7465723b0a09666f6e742d73697a653a20312e31656d3b0a7d0a0a64642e7365617263686279207b0a0977696474683a203437253b0a09666f6e742d73697a653a20312e31656d3b0a096c696e652d6865696768743a2031656d3b0a7d0a0a756c2e746f7069636c6973742064642e7365617263686578747261207b0a096d617267696e2d6c6566743a203570783b0a0970616464696e673a20302e32656d20303b0a09666f6e742d73697a653a20312e31656d3b0a09636f6c6f723a20233333333333333b0a09626f726465722d6c6566743a206e6f6e653b0a09636c6561723a20626f74683b0a0977696474683a203938253b0a096f766572666c6f773a2068696464656e3b0a7d0a0a2f2a20436f6e7461696e657220666f7220706f73742f7265706c7920627574746f6e7320616e6420706167696e6174696f6e202a2f0a2e746f7069632d616374696f6e73207b0a096d617267696e2d626f74746f6d3a203370783b0a09666f6e742d73697a653a20312e31656d3b0a096865696768743a20323870783b0a096d696e2d6865696768743a20323870783b0a7d0a6469765b636c6173735d2e746f7069632d616374696f6e73207b0a096865696768743a206175746f3b0a7d0a0a2f2a20506f737420626f6479207374796c65730a2d2d2d2d2d2d2d2d2d2d2d2d2d2d2d2d2d2d2d2d2d2d2d2d2d2d2d2d2d2d2d2d2d2d2d2d2d2d2d2d2a2f0a2e706f7374626f6479207b0a0970616464696e673a20303b0a096c696e652d6865696768743a20312e3438656d3b0a09636f6c6f723a20233333333333333b0a0977696474683a203736253b0a09666c6f61743a206c6566743b0a09636c6561723a20626f74683b0a7d0a0a2e706f7374626f6479202e69676e6f7265207b0a09666f6e742d73697a653a20312e31656d3b0a7d0a0a2e706f7374626f64792068332e6669727374207b0a092f2a2054686520666972737420706f7374206f6e20746865207061676520757365732074686973202a2f0a09666f6e742d73697a653a20312e37656d3b0a7d0a0a2e706f7374626f6479206833207b0a092f2a20506f7374626f6479207265717569726573206120646966666572656e7420683320666f726d6174202d20736f206368616e67652069742068657265202a2f0a09666f6e742d73697a653a20312e35656d3b0a0970616464696e673a203270782030203020303b0a096d617267696e3a2030203020302e33656d20302021696d706f7274616e743b0a09746578742d7472616e73666f726d3a206e6f6e653b0a09626f726465723a206e6f6e653b0a09666f6e742d66616d696c793a2022547265627563686574204d53222c2056657264616e612c2048656c7665746963612c20417269616c2c2073616e732d73657269663b0a096c696e652d6865696768743a20313235253b0a7d0a0a2e706f7374626f647920683320696d67207b0a092f2a20416c736f2073656520747765616b732e637373202a2f0a09766572746963616c2d616c69676e3a20626f74746f6d3b0a7d0a0a2e706f7374626f6479202e636f6e74656e74207b0a09666f6e742d73697a653a20312e33656d3b0a7d0a0a2e736561726368202e706f7374626f6479207b0a0977696474683a203638250a7d0a0a2f2a20546f706963207265766965772070616e656c0a2d2d2d2d2d2d2d2d2d2d2d2d2d2d2d2d2d2d2d2d2d2d2d2d2d2d2d2d2d2d2d2d2d2d2d2d2d2d2d2d2a2f0a23726576696577207b0a096d617267696e2d746f703a2032656d3b0a7d0a0a23746f706963726576696577207b0a0970616464696e672d72696768743a203570783b0a096f766572666c6f773a206175746f3b0a096865696768743a2033303070783b0a7d0a0a23746f706963726576696577202e706f7374626f6479207b0a0977696474683a206175746f3b0a09666c6f61743a206e6f6e653b0a096d617267696e3a20303b0a096865696768743a206175746f3b0a7d0a0a23746f706963726576696577202e706f7374207b0a096865696768743a206175746f3b0a7d0a0a23746f706963726576696577206832207b0a09626f726465722d626f74746f6d2d77696474683a20303b0a7d0a0a2e706f73742d69676e6f7265202e706f7374626f6479207b0a09646973706c61793a206e6f6e653b0a7d0a0a2f2a204d435020506f73742064657461696c730a2d2d2d2d2d2d2d2d2d2d2d2d2d2d2d2d2d2d2d2d2d2d2d2d2d2d2d2d2d2d2d2d2d2d2d2d2d2d2d2d2a2f0a23706f73745f64657461696c730a7b0a092f2a20546869732077696c6c206f6e6c7920776f726b20696e204945372b2c20706c757320746865206f7468657273202a2f0a096f766572666c6f773a206175746f3b0a096d61782d6865696768743a2033303070783b0a7d0a0a23657870616e640a7b0a09636c6561723a20626f74683b0a7d0a0a2f2a20436f6e74656e7420636f6e7461696e6572207374796c65730a2d2d2d2d2d2d2d2d2d2d2d2d2d2d2d2d2d2d2d2d2d2d2d2d2d2d2d2d2d2d2d2d2d2d2d2d2d2d2d2d2a2f0a2e636f6e74656e74207b0a096d696e2d6865696768743a2033656d3b0a096f766572666c6f773a2068696464656e3b0a096c696e652d6865696768743a20312e34656d3b0a09666f6e742d66616d696c793a20224c7563696461204772616e6465222c2022547265627563686574204d53222c2056657264616e612c2048656c7665746963612c20417269616c2c2073616e732d73657269663b0a09666f6e742d73697a653a2031656d3b0a09636f6c6f723a20233333333333333b0a0970616464696e672d626f74746f6d3a203170783b0a7d0a0a2e636f6e74656e742068322c202e70616e656c206832207b0a09666f6e742d7765696768743a206e6f726d616c3b0a09636f6c6f723a20233938393839383b0a09626f726465722d626f74746f6d3a2031707820736f6c696420234343434343433b0a09666f6e742d73697a653a20312e36656d3b0a096d617267696e2d746f703a20302e35656d3b0a096d617267696e2d626f74746f6d3a20302e35656d3b0a0970616464696e672d626f74746f6d3a20302e35656d3b0a7d0a0a2e70616e656c206833207b0a096d617267696e3a20302e35656d20303b0a7d0a0a2e70616e656c2070207b0a09666f6e742d73697a653a20312e32656d3b0a096d617267696e2d626f74746f6d3a2031656d3b0a096c696e652d6865696768743a20312e34656d3b0a7d0a0a2e636f6e74656e742070207b0a09666f6e742d66616d696c793a20224c7563696461204772616e6465222c2022547265627563686574204d53222c2056657264616e612c2048656c7665746963612c20417269616c2c2073616e732d73657269663b0a09666f6e742d73697a653a20312e32656d3b0a096d617267696e2d626f74746f6d3a2031656d3b0a096c696e652d6865696768743a20312e34656d3b0a7d0a0a646c2e666171207b0a09666f6e742d66616d696c793a20224c7563696461204772616e6465222c2056657264616e612c2048656c7665746963612c20417269616c2c2073616e732d73657269663b0a09666f6e742d73697a653a20312e31656d3b0a096d617267696e2d746f703a2031656d3b0a096d617267696e2d626f74746f6d3a2032656d3b0a096c696e652d6865696768743a20312e34656d3b0a7d0a0a646c2e666171206474207b0a09666f6e742d7765696768743a20626f6c643b0a09636f6c6f723a20233333333333333b0a7d0a0a2e636f6e74656e7420646c2e666171207b0a09666f6e742d73697a653a20312e32656d3b0a096d617267696e2d626f74746f6d3a20302e35656d3b0a7d0a0a2e636f6e74656e74206c69207b0a096c6973742d7374796c652d747970653a20696e68657269743b0a7d0a0a2e636f6e74656e7420756c2c202e636f6e74656e74206f6c207b0a096d617267696e2d626f74746f6d3a2031656d3b0a096d617267696e2d6c6566743a2033656d3b0a7d0a0a2e706f737468696c6974207b0a096261636b67726f756e642d636f6c6f723a20236633663366333b0a09636f6c6f723a20234243424342433b0a0970616464696e673a20302032707820317078203270783b0a7d0a0a2e616e6e6f756e63652c202e756e72656164706f7374207b0a092f2a20486967686c696768742074686520616e6e6f756e63656d656e7473202620756e7265616420706f73747320626f78202a2f0a09626f726465722d6c6566742d636f6c6f723a20234243424342433b0a09626f726465722d72696768742d636f6c6f723a20234243424342433b0a7d0a0a2f2a20506f737420617574686f72202a2f0a702e617574686f72207b0a096d617267696e3a2030203135656d20302e36656d20303b0a0970616464696e673a203020302035707820303b0a09666f6e742d66616d696c793a2056657264616e612c2048656c7665746963612c20417269616c2c2073616e732d73657269663b0a09666f6e742d73697a653a2031656d3b0a096c696e652d6865696768743a20312e32656d3b0a7d0a0a2f2a20506f7374207369676e6174757265202a2f0a2e7369676e6174757265207b0a096d617267696e2d746f703a20312e35656d3b0a0970616464696e672d746f703a20302e32656d3b0a09666f6e742d73697a653a20312e31656d3b0a09626f726465722d746f703a2031707820736f6c696420234343434343433b0a09636c6561723a206c6566743b0a096c696e652d6865696768743a20313430253b0a096f766572666c6f773a2068696464656e3b0a0977696474683a20313030253b0a7d0a0a6464202e7369676e6174757265207b0a096d617267696e3a20303b0a0970616464696e673a20303b0a09636c6561723a206e6f6e653b0a09626f726465723a206e6f6e653b0a7d0a0a2e7369676e6174757265206c69207b0a096c6973742d7374796c652d747970653a20696e68657269743b0a7d0a0a2e7369676e617475726520756c2c202e7369676e6174757265206f6c207b0a096d617267696e2d626f74746f6d3a2031656d3b0a096d617267696e2d6c6566743a2033656d3b0a7d0a0a2f2a20506f7374206e6f746963696573202a2f0a2e6e6f74696365207b0a09666f6e742d66616d696c793a20224c7563696461204772616e6465222c2056657264616e612c2048656c7665746963612c20417269616c2c2073616e732d73657269663b0a0977696474683a206175746f3b0a096d617267696e2d746f703a20312e35656d3b0a0970616464696e672d746f703a20302e32656d3b0a09666f6e742d73697a653a2031656d3b0a09626f726465722d746f703a203170782064617368656420234343434343433b0a09636c6561723a206c6566743b0a096c696e652d6865696768743a20313330253b0a7d0a0a2f2a204a756d7020746f20706f7374206c696e6b20666f72206e6f77202a2f0a756c2e736561726368726573756c7473207b0a096c6973742d7374796c653a206e6f6e653b0a09746578742d616c69676e3a2072696768743b0a09636c6561723a20626f74683b0a7d0a0a2f2a20424220436f6465207374796c65730a2d2d2d2d2d2d2d2d2d2d2d2d2d2d2d2d2d2d2d2d2d2d2d2d2d2d2d2d2d2d2d2d2d2d2d2d2d2d2d2d2a2f0a2f2a2051756f746520626c6f636b202a2f0a626c6f636b71756f7465207b0a096261636b67726f756e643a2023656265626562206e6f6e652036707820387078206e6f2d7265706561743b0a09626f726465723a2031707820736f6c696420236462646264623b0a09666f6e742d73697a653a20302e3935656d3b0a096d617267696e3a20302e35656d20317078203020323570783b0a096f766572666c6f773a2068696464656e3b0a0970616464696e673a203570783b0a7d0a0a626c6f636b71756f746520626c6f636b71756f7465207b0a092f2a204e65737465642071756f746573202a2f0a096261636b67726f756e642d636f6c6f723a20236261626162613b0a09666f6e742d73697a653a2031656d3b0a096d617267696e3a20302e35656d20317078203020313570783b090a7d0a0a626c6f636b71756f746520626c6f636b71756f746520626c6f636b71756f7465207b0a092f2a204e65737465642071756f746573202a2f0a096261636b67726f756e642d636f6c6f723a20236534653465343b0a7d0a0a626c6f636b71756f74652063697465207b0a092f2a20557365726e616d652f736f75726365206f662071756f746572202a2f0a09666f6e742d7374796c653a206e6f726d616c3b0a09666f6e742d7765696768743a20626f6c643b0a096d617267696e2d6c6566743a20323070783b0a09646973706c61793a20626c6f636b3b0a09666f6e742d73697a653a20302e39656d3b0a7d0a0a626c6f636b71756f746520636974652063697465207b0a09666f6e742d73697a653a2031656d3b0a7d0a0a626c6f636b71756f74652e756e6369746564207b0a0970616464696e672d746f703a20323570783b0a7d0a0a2f2a20436f646520626c6f636b202a2f0a646c2e636f6465626f78207b0a0970616464696e673a203370783b0a096261636b67726f756e642d636f6c6f723a20234646464646463b0a09626f726465723a2031707820736f6c696420236438643864383b0a09666f6e742d73697a653a2031656d3b0a7d0a0a646c2e636f6465626f78206474207b0a09746578742d7472616e73666f726d3a207570706572636173653b0a09626f726465722d626f74746f6d3a2031707820736f6c696420234343434343433b0a096d617267696e2d626f74746f6d3a203370783b0a09666f6e742d73697a653a20302e38656d3b0a09666f6e742d7765696768743a20626f6c643b0a09646973706c61793a20626c6f636b3b0a7d0a0a626c6f636b71756f746520646c2e636f6465626f78207b0a096d617267696e2d6c6566743a20303b0a7d0a0a646c2e636f6465626f7820636f6465207b0a092f2a20416c736f2073656520747765616b732e637373202a2f0a096f766572666c6f773a206175746f3b0a09646973706c61793a20626c6f636b3b0a096865696768743a206175746f3b0a096d61782d6865696768743a2032303070783b0a0977686974652d73706163653a206e6f726d616c3b0a0970616464696e672d746f703a203570783b0a09666f6e743a20302e39656d204d6f6e61636f2c2022416e64616c65204d6f6e6f222c22436f7572696572204e6577222c20436f75726965722c206d6f6e6f3b0a096c696e652d6865696768743a20312e33656d3b0a09636f6c6f723a20233862386238623b0a096d617267696e3a2032707820303b0a7d0a0a2e73796e746178626709097b20636f6c6f723a20234646464646463b207d0a2e73796e746178636f6d6d656e74097b20636f6c6f723a20233030303030303b207d0a2e73796e74617864656661756c74097b20636f6c6f723a20236263626362633b207d0a2e73796e74617868746d6c09097b20636f6c6f723a20233030303030303b207d0a2e73796e7461786b6579776f7264097b20636f6c6f723a20233538353835383b207d0a2e73796e746178737472696e67097b20636f6c6f723a20236137613761373b207d0a0a2f2a204174746163686d656e74730a2d2d2d2d2d2d2d2d2d2d2d2d2d2d2d2d2d2d2d2d2d2d2d2d2d2d2d2d2d2d2d2d2d2d2d2d2d2d2d2d2a2f0a2e617474616368626f78207b0a09666c6f61743a206c6566743b0a0977696474683a206175746f3b200a096d617267696e3a20357078203570782035707820303b0a0970616464696e673a203670783b0a096261636b67726f756e642d636f6c6f723a20234646464646463b0a09626f726465723a203170782064617368656420236438643864383b0a09636c6561723a206c6566743b0a7d0a0a2e706d2d6d657373616765202e617474616368626f78207b0a096261636b67726f756e642d636f6c6f723a20236633663366333b0a7d0a0a2e617474616368626f78206474207b0a09666f6e742d66616d696c793a20417269616c2c2048656c7665746963612c2073616e732d73657269663b0a09746578742d7472616e73666f726d3a207570706572636173653b0a7d0a0a2e617474616368626f78206464207b0a096d617267696e2d746f703a203470783b0a0970616464696e672d746f703a203470783b0a09636c6561723a206c6566743b0a09626f726465722d746f703a2031707820736f6c696420236438643864383b0a7d0a0a2e617474616368626f78206464206464207b0a09626f726465723a206e6f6e653b0a7d0a0a2e617474616368626f782070207b0a096c696e652d6865696768743a20313130253b0a09636f6c6f723a20233636363636363b0a09666f6e742d7765696768743a206e6f726d616c3b0a09636c6561723a206c6566743b0a7d0a0a2e617474616368626f7820702e73746174730a7b0a096c696e652d6865696768743a20313130253b0a09636f6c6f723a20233636363636363b0a09666f6e742d7765696768743a206e6f726d616c3b0a09636c6561723a206c6566743b0a7d0a0a2e6174746163682d696d616765207b0a096d617267696e3a2033707820303b0a0977696474683a20313030253b0a096d61782d6865696768743a2033353070783b0a096f766572666c6f773a206175746f3b0a7d0a0a2e6174746163682d696d61676520696d67207b0a09626f726465723a2031707820736f6c696420233939393939393b0a2f2a09637572736f723a206d6f76653b202a2f0a09637572736f723a2064656661756c743b0a7d0a0a2f2a20496e6c696e6520696d616765207468756d626e61696c73202a2f0a6469762e696e6c696e652d6174746163686d656e7420646c2e7468756d626e61696c2c206469762e696e6c696e652d6174746163686d656e7420646c2e66696c65207b0a09646973706c61793a20626c6f636b3b0a096d617267696e2d626f74746f6d3a203470783b0a7d0a0a6469762e696e6c696e652d6174746163686d656e742070207b0a09666f6e742d73697a653a20313030253b0a7d0a0a646c2e66696c65207b0a09666f6e742d66616d696c793a2056657264616e612c20417269616c2c2048656c7665746963612c2073616e732d73657269663b0a09646973706c61793a20626c6f636b3b0a7d0a0a646c2e66696c65206474207b0a09746578742d7472616e73666f726d3a206e6f6e653b0a096d617267696e3a20303b0a0970616464696e673a20303b0a09666f6e742d7765696768743a20626f6c643b0a09666f6e742d66616d696c793a2056657264616e612c20417269616c2c2048656c7665746963612c2073616e732d73657269663b0a7d0a0a646c2e66696c65206464207b0a09636f6c6f723a20233636363636363b0a096d617267696e3a20303b0a0970616464696e673a20303b090a7d0a0a646c2e7468756d626e61696c20696d67207b0a0970616464696e673a203370783b0a09626f726465723a2031707820736f6c696420233636363636363b0a096261636b67726f756e642d636f6c6f723a20234646463b0a7d0a0a646c2e7468756d626e61696c206464207b0a09636f6c6f723a20233636363636363b0a09666f6e742d7374796c653a206974616c69633b0a09666f6e742d66616d696c793a2056657264616e612c20417269616c2c2048656c7665746963612c2073616e732d73657269663b0a7d0a0a2e617474616368626f7820646c2e7468756d626e61696c206464207b0a09666f6e742d73697a653a20313030253b0a7d0a0a646c2e7468756d626e61696c20647420613a686f766572207b0a096261636b67726f756e642d636f6c6f723a20234545454545453b0a7d0a0a646c2e7468756d626e61696c20647420613a686f76657220696d67207b0a09626f726465723a2031707820736f6c696420236432643264323b0a7d0a0a2f2a20506f737420706f6c6c207374796c65730a2d2d2d2d2d2d2d2d2d2d2d2d2d2d2d2d2d2d2d2d2d2d2d2d2d2d2d2d2d2d2d2d2d2d2d2d2d2d2d2d2a2f0a6669656c647365742e706f6c6c73207b0a09666f6e742d66616d696c793a2022547265627563686574204d53222c2056657264616e612c2048656c7665746963612c20417269616c2c2073616e732d73657269663b0a7d0a0a6669656c647365742e706f6c6c7320646c207b0a096d617267696e2d746f703a203570783b0a09626f726465722d746f703a2031707820736f6c696420236532653265323b0a0970616464696e673a203570782030203020303b0a096c696e652d6865696768743a20313230253b0a09636f6c6f723a20233636363636363b0a7d0a0a6669656c647365742e706f6c6c7320646c2e766f746564207b0a09666f6e742d7765696768743a20626f6c643b0a09636f6c6f723a20233030303030303b0a7d0a0a6669656c647365742e706f6c6c73206474207b0a09746578742d616c69676e3a206c6566743b0a09666c6f61743a206c6566743b0a09646973706c61793a20626c6f636b3b0a0977696474683a203330253b0a09626f726465722d72696768743a206e6f6e653b0a0970616464696e673a20303b0a096d617267696e3a20303b0a09666f6e742d73697a653a20312e31656d3b0a7d0a0a6669656c647365742e706f6c6c73206464207b0a09666c6f61743a206c6566743b0a0977696474683a203130253b0a09626f726465722d6c6566743a206e6f6e653b0a0970616464696e673a2030203570783b0a096d617267696e2d6c6566743a20303b0a09666f6e742d73697a653a20312e31656d3b0a7d0a0a6669656c647365742e706f6c6c732064642e726573756c74626172207b0a0977696474683a203530253b0a7d0a0a6669656c647365742e706f6c6c7320646420696e707574207b0a096d617267696e3a2032707820303b0a7d0a0a6669656c647365742e706f6c6c7320646420646976207b0a09746578742d616c69676e3a2072696768743b0a09666f6e742d66616d696c793a20417269616c2c2048656c7665746963612c2073616e732d73657269663b0a09636f6c6f723a20234646464646463b0a09666f6e742d7765696768743a20626f6c643b0a0970616464696e673a2030203270783b0a096f766572666c6f773a2076697369626c653b0a096d696e2d77696474683a2032253b0a7d0a0a2e706f6c6c62617231207b0a096261636b67726f756e642d636f6c6f723a20236161616161613b0a09626f726465722d626f74746f6d3a2031707820736f6c696420233734373437343b0a09626f726465722d72696768743a2031707820736f6c696420233734373437343b0a7d0a0a2e706f6c6c62617232207b0a096261636b67726f756e642d636f6c6f723a20236265626562653b0a09626f726465722d626f74746f6d3a2031707820736f6c696420233863386338633b0a09626f726465722d72696768743a2031707820736f6c696420233863386338633b0a7d0a0a2e706f6c6c62617233207b0a096261636b67726f756e642d636f6c6f723a20234431443144313b0a09626f726465722d626f74746f6d3a2031707820736f6c696420236161616161613b0a09626f726465722d72696768743a2031707820736f6c696420236161616161613b0a7d0a0a2e706f6c6c62617234207b0a096261636b67726f756e642d636f6c6f723a20236534653465343b0a09626f726465722d626f74746f6d3a2031707820736f6c696420236265626562653b0a09626f726465722d72696768743a2031707820736f6c696420236265626562653b0a7d0a0a2e706f6c6c62617235207b0a096261636b67726f756e642d636f6c6f723a20236638663866383b0a09626f726465722d626f74746f6d3a2031707820736f6c696420234431443144313b0a09626f726465722d72696768743a2031707820736f6c696420234431443144313b0a7d0a0a2f2a20506f737465722070726f66696c6520626c6f636b0a2d2d2d2d2d2d2d2d2d2d2d2d2d2d2d2d2d2d2d2d2d2d2d2d2d2d2d2d2d2d2d2d2d2d2d2d2d2d2d2d2a2f0a2e706f737470726f66696c65207b0a092f2a20416c736f2073656520747765616b732e637373202a2f0a096d617267696e3a203570782030203130707820303b0a096d696e2d6865696768743a20383070783b0a09636f6c6f723a20233636363636363b0a09626f726465722d6c6566743a2031707820736f6c696420234646464646463b0a0977696474683a203232253b0a09666c6f61743a2072696768743b0a09646973706c61793a20696e6c696e653b0a7d0a2e706d202e706f737470726f66696c65207b0a09626f726465722d6c6566743a2031707820736f6c696420234444444444443b0a7d0a0a2e706f737470726f66696c652064642c202e706f737470726f66696c65206474207b0a096c696e652d6865696768743a20312e32656d3b0a096d617267696e2d6c6566743a203870783b0a7d0a0a2e706f737470726f66696c65207374726f6e67207b0a09666f6e742d7765696768743a206e6f726d616c3b0a09636f6c6f723a20233030303030303b0a7d0a0a2e617661746172207b0a09626f726465723a206e6f6e653b0a096d617267696e2d626f74746f6d3a203370783b0a7d0a0a2e6f6e6c696e65207b0a096261636b67726f756e642d696d6167653a206e6f6e653b0a096261636b67726f756e642d706f736974696f6e3a203130302520303b0a096261636b67726f756e642d7265706561743a206e6f2d7265706561743b0a7d0a0a2f2a20506f737465722070726f66696c652075736564206279207365617263682a2f0a2e736561726368202e706f737470726f66696c65207b0a0977696474683a203330253b0a7d0a0a2f2a20706d206c69737420696e20636f6d706f7365206d657373616765206966206d61737320706d20697320656e61626c6564202a2f0a646c2e706d6c697374206474207b0a0977696474683a203630252021696d706f7274616e743b0a7d0a0a646c2e706d6c697374206474207465787461726561207b0a0977696474683a203935253b0a7d0a0a646c2e706d6c697374206464207b0a096d617267696e2d6c6566743a203631252021696d706f7274616e743b0a096d617267696e2d626f74746f6d3a203270783b0a7d0a2f2a20427574746f6e205374796c65730a2d2d2d2d2d2d2d2d2d2d2d2d2d2d2d2d2d2d2d2d2d2d2d2d2d2d2d2d2d2d2d2d2d2d2d2d2d2d2d2d202a2f0a0a2f2a20526f6c6c6f76657220627574746f6e730a2020204261736564206f6e3a20687474703a2f2f77656c6c7374796c65642e636f6d2f6373732d6e6f7072656c6f61642d726f6c6c6f766572732e68746d6c0a2d2d2d2d2d2d2d2d2d2d2d2d2d2d2d2d2d2d2d2d2d2d2d2d2d2d2d2d2d2d2d2d2d2d2d2d2d2d2d2d2a2f0a2e627574746f6e73207b0a09666c6f61743a206c6566743b0a0977696474683a206175746f3b0a096865696768743a206175746f3b0a7d0a0a2f2a20526f6c6c6f766572207374617465202a2f0a2e627574746f6e7320646976207b0a09666c6f61743a206c6566743b0a096d617267696e3a203020357078203020303b0a096261636b67726f756e642d706f736974696f6e3a203020313030253b0a7d0a0a2f2a20526f6c6c6f6666207374617465202a2f0a2e627574746f6e73206469762061207b0a09646973706c61793a20626c6f636b3b0a0977696474683a20313030253b0a096865696768743a20313030253b0a096261636b67726f756e642d706f736974696f6e3a203020303b0a09706f736974696f6e3a2072656c61746976653b0a096f766572666c6f773a2068696464656e3b0a7d0a0a2f2a2048696465203c613e207465787420616e642068696465206f66662d737461746520696d616765207768656e20726f6c6c696e67206f766572202870726576656e747320666c69636b657220696e20494529202a2f0a2f2a2e627574746f6e7320646976207370616e09097b20646973706c61793a206e6f6e653b207d2a2f0a2f2a2e627574746f6e732064697620613a686f766572097b206261636b67726f756e642d696d6167653a206e6f6e653b207d2a2f0a2e627574746f6e7320646976207370616e0909097b20706f736974696f6e3a206162736f6c7574653b2077696474683a20313030253b206865696768743a20313030253b20637572736f723a20706f696e7465723b7d0a2e627574746f6e732064697620613a686f766572207370616e097b206261636b67726f756e642d706f736974696f6e3a203020313030253b207d0a0a2f2a2042696720627574746f6e20696d61676573202a2f0a2e7265706c792d69636f6e207370616e097b206261636b67726f756e643a207472616e73706172656e74206e6f6e6520302030206e6f2d7265706561743b207d0a2e706f73742d69636f6e207370616e09097b206261636b67726f756e643a207472616e73706172656e74206e6f6e6520302030206e6f2d7265706561743b207d0a2e6c6f636b65642d69636f6e207370616e097b206261636b67726f756e643a207472616e73706172656e74206e6f6e6520302030206e6f2d7265706561743b207d0a2e706d7265706c792d69636f6e207370616e097b206261636b67726f756e643a206e6f6e6520302030206e6f2d7265706561743b207d0a2e6e6577706d2d69636f6e207370616e20097b206261636b67726f756e643a206e6f6e6520302030206e6f2d7265706561743b207d0a2e666f7277617264706d2d69636f6e207370616e20097b206261636b67726f756e643a206e6f6e6520302030206e6f2d7265706561743b207d0a0a2f2a205365742062696720627574746f6e2064696d656e73696f6e73202a2f0a2e627574746f6e73206469762e7265706c792d69636f6e09097b2077696474683a207b494d475f425554544f4e5f544f5049435f5245504c595f57494454487d70783b206865696768743a207b494d475f425554544f4e5f544f5049435f5245504c595f4845494748547d70783b207d0a2e627574746f6e73206469762e706f73742d69636f6e09097b2077696474683a207b494d475f425554544f4e5f544f5049435f4e45575f57494454487d70783b206865696768743a207b494d475f425554544f4e5f544f5049435f4e45575f4845494748547d70783b207d0a2e627574746f6e73206469762e6c6f636b65642d69636f6e097b2077696474683a207b494d475f425554544f4e5f544f5049435f4c4f434b45445f57494454487d70783b206865696768743a207b494d475f425554544f4e5f544f5049435f4c4f434b45445f4845494748547d70783b207d0a2e627574746f6e73206469762e706d7265706c792d69636f6e097b2077696474683a207b494d475f425554544f4e5f504d5f5245504c595f57494454487d70783b206865696768743a207b494d475f425554544f4e5f504d5f5245504c595f4845494748547d70783b207d0a2e627574746f6e73206469762e6e6577706d2d69636f6e09097b2077696474683a207b494d475f425554544f4e5f504d5f4e45575f57494454487d70783b206865696768743a207b494d475f425554544f4e5f504d5f4e45575f4845494748547d70783b207d0a2e627574746f6e73206469762e666f7277617264706d2d69636f6e097b2077696474683a207b494d475f425554544f4e5f504d5f464f52574152445f57494454487d70783b206865696768743a207b494d475f425554544f4e5f504d5f464f52574152445f4845494748547d70783b207d0a0a2f2a205375622d68656164657220286e617669676174696f6e20626172290a2d2d2d2d2d2d2d2d2d2d2d2d2d2d2d2d2d2d2d2d2d2d2d2d2d2d2d2d2d2d2d2d2d2d2d2d2d2d2d2d2d2d2d2d2d202a2f0a612e7072696e742c20612e73656e64656d61696c2c20612e666f6e7473697a65207b0a09646973706c61793a20626c6f636b3b0a096f766572666c6f773a2068696464656e3b0a096865696768743a20313870783b0a09746578742d696e64656e743a202d3530303070783b0a09746578742d616c69676e3a206c6566743b0a096261636b67726f756e642d7265706561743a206e6f2d7265706561743b0a7d0a0a612e7072696e74207b0a096261636b67726f756e642d696d6167653a206e6f6e653b0a0977696474683a20323270783b0a7d0a0a612e73656e64656d61696c207b0a096261636b67726f756e642d696d6167653a206e6f6e653b0a0977696474683a20323270783b0a7d0a0a612e666f6e7473697a65207b0a096261636b67726f756e642d696d6167653a206e6f6e653b0a096261636b67726f756e642d706f736974696f6e3a2030202d3170783b0a0977696474683a20323970783b0a7d0a0a612e666f6e7473697a653a686f766572207b0a096261636b67726f756e642d706f736974696f6e3a2030202d323070783b0a09746578742d6465636f726174696f6e3a206e6f6e653b0a7d0a0a2f2a2049636f6e20696d616765730a2d2d2d2d2d2d2d2d2d2d2d2d2d2d2d2d2d2d2d2d2d2d2d2d2d2d2d2d2d2d2d2d2d2d2d2d2d2d2d2d202a2f0a2e73697465686f6d652c202e69636f6e2d6661712c202e69636f6e2d6d656d626572732c202e69636f6e2d686f6d652c202e69636f6e2d7563702c202e69636f6e2d72656769737465722c202e69636f6e2d6c6f676f75742c0a2e69636f6e2d626f6f6b6d61726b2c202e69636f6e2d62756d702c202e69636f6e2d7375627363726962652c202e69636f6e2d756e7375627363726962652c202e69636f6e2d70616765732c202e69636f6e2d736561726368207b0a096261636b67726f756e642d706f736974696f6e3a2030203530253b0a096261636b67726f756e642d7265706561743a206e6f2d7265706561743b0a096261636b67726f756e642d696d6167653a206e6f6e653b0a0970616464696e673a203170782030203020313770783b0a7d0a0a2f2a20506f737465722070726f66696c652069636f6e730a2d2d2d2d2d2d2d2d2d2d2d2d2d2d2d2d2d2d2d2d2d2d2d2d2d2d2d2d2d2d2d2d2d2d2d2d2d2d2d2d2a2f0a756c2e70726f66696c652d69636f6e73207b0a0970616464696e672d746f703a20313070783b0a096c6973742d7374796c653a206e6f6e653b0a7d0a0a2f2a20526f6c6c6f766572207374617465202a2f0a756c2e70726f66696c652d69636f6e73206c69207b0a09666c6f61743a206c6566743b0a096d617267696e3a2030203670782033707820303b0a096261636b67726f756e642d706f736974696f6e3a203020313030253b0a7d0a0a2f2a20526f6c6c6f6666207374617465202a2f0a756c2e70726f66696c652d69636f6e73206c692061207b0a09646973706c61793a20626c6f636b3b0a0977696474683a20313030253b0a096865696768743a20313030253b0a096261636b67726f756e642d706f736974696f6e3a203020303b0a7d0a0a2f2a2048696465203c613e207465787420616e642068696465206f66662d737461746520696d616765207768656e20726f6c6c696e67206f766572202870726576656e747320666c69636b657220696e20494529202a2f0a756c2e70726f66696c652d69636f6e73206c69207370616e207b20646973706c61793a6e6f6e653b207d0a756c2e70726f66696c652d69636f6e73206c6920613a686f766572207b206261636b67726f756e643a206e6f6e653b207d0a0a2f2a20506f736974696f6e696e67206f66206d6f64657261746f722069636f6e73202a2f0a2e706f7374626f647920756c2e70726f66696c652d69636f6e73207b0a09666c6f61743a2072696768743b0a0977696474683a206175746f3b0a0970616464696e673a20303b0a7d0a0a2e706f7374626f647920756c2e70726f66696c652d69636f6e73206c69207b0a096d617267696e3a2030203370783b0a7d0a0a2f2a2050726f66696c652026206e617669676174696f6e2069636f6e73202a2f0a2e656d61696c2d69636f6e2c202e656d61696c2d69636f6e206109097b206261636b67726f756e643a206e6f6e6520746f70206c656674206e6f2d7265706561743b207d0a2e61696d2d69636f6e2c202e61696d2d69636f6e20610909097b206261636b67726f756e643a206e6f6e6520746f70206c656674206e6f2d7265706561743b207d0a2e7961686f6f2d69636f6e2c202e7961686f6f2d69636f6e206109097b206261636b67726f756e643a206e6f6e6520746f70206c656674206e6f2d7265706561743b207d0a2e7765622d69636f6e2c202e7765622d69636f6e20610909097b206261636b67726f756e643a206e6f6e6520746f70206c656674206e6f2d7265706561743b207d0a2e6d736e6d2d69636f6e2c202e6d736e6d2d69636f6e20610909097b206261636b67726f756e643a206e6f6e6520746f70206c656674206e6f2d7265706561743b207d0a2e6963712d69636f6e2c202e6963712d69636f6e20610909097b206261636b67726f756e643a206e6f6e6520746f70206c656674206e6f2d7265706561743b207d0a2e6a61626265722d69636f6e2c202e6a61626265722d69636f6e206109097b206261636b67726f756e643a206e6f6e6520746f70206c656674206e6f2d7265706561743b207d0a2e706d2d69636f6e2c202e706d2d69636f6e2061090909097b206261636b67726f756e643a206e6f6e6520746f70206c656674206e6f2d7265706561743b207d0a2e71756f74652d69636f6e2c202e71756f74652d69636f6e206109097b206261636b67726f756e643a206e6f6e6520746f70206c656674206e6f2d7265706561743b207d0a0a2f2a204d6f64657261746f722069636f6e73202a2f0a2e7265706f72742d69636f6e2c202e7265706f72742d69636f6e206109097b206261636b67726f756e643a206e6f6e6520746f70206c656674206e6f2d7265706561743b207d0a2e7761726e2d69636f6e2c202e7761726e2d69636f6e20610909097b206261636b67726f756e643a206e6f6e6520746f70206c656674206e6f2d7265706561743b207d0a2e656469742d69636f6e2c202e656469742d69636f6e20610909097b206261636b67726f756e643a206e6f6e6520746f70206c656674206e6f2d7265706561743b207d0a2e64656c6574652d69636f6e2c202e64656c6574652d69636f6e206109097b206261636b67726f756e643a206e6f6e6520746f70206c656674206e6f2d7265706561743b207d0a2e696e666f2d69636f6e2c202e696e666f2d69636f6e20610909097b206261636b67726f756e643a206e6f6e6520746f70206c656674206e6f2d7265706561743b207d0a0a2f2a205365742070726f66696c652069636f6e2064696d656e73696f6e73202a2f0a756c2e70726f66696c652d69636f6e73206c692e656d61696c2d69636f6e09097b2077696474683a207b494d475f49434f4e5f434f4e544143545f454d41494c5f57494454487d70783b206865696768743a207b494d475f49434f4e5f434f4e544143545f454d41494c5f4845494748547d70783b207d0a756c2e70726f66696c652d69636f6e73206c692e61696d2d69636f6e097b2077696474683a207b494d475f49434f4e5f434f4e544143545f41494d5f57494454487d70783b206865696768743a207b494d475f49434f4e5f434f4e544143545f41494d5f4845494748547d70783b207d0a756c2e70726f66696c652d69636f6e73206c692e7961686f6f2d69636f6e097b2077696474683a207b494d475f49434f4e5f434f4e544143545f5941484f4f5f57494454487d70783b206865696768743a207b494d475f49434f4e5f434f4e544143545f5941484f4f5f4845494748547d70783b207d0a756c2e70726f66696c652d69636f6e73206c692e7765622d69636f6e097b2077696474683a207b494d475f49434f4e5f434f4e544143545f5757575f57494454487d70783b206865696768743a207b494d475f49434f4e5f434f4e544143545f5757575f4845494748547d70783b207d0a756c2e70726f66696c652d69636f6e73206c692e6d736e6d2d69636f6e097b2077696474683a207b494d475f49434f4e5f434f4e544143545f4d534e4d5f57494454487d70783b206865696768743a207b494d475f49434f4e5f434f4e544143545f4d534e4d5f4845494748547d70783b207d0a756c2e70726f66696c652d69636f6e73206c692e6963712d69636f6e097b2077696474683a207b494d475f49434f4e5f434f4e544143545f4943515f57494454487d70783b206865696768743a207b494d475f49434f4e5f434f4e544143545f4943515f4845494748547d70783b207d0a756c2e70726f66696c652d69636f6e73206c692e6a61626265722d69636f6e097b2077696474683a207b494d475f49434f4e5f434f4e544143545f4a41424245525f57494454487d70783b206865696768743a207b494d475f49434f4e5f434f4e544143545f4a41424245525f4845494748547d70783b207d0a756c2e70726f66696c652d69636f6e73206c692e706d2d69636f6e09097b2077696474683a207b494d475f49434f4e5f434f4e544143545f504d5f57494454487d70783b206865696768743a207b494d475f49434f4e5f434f4e544143545f504d5f4845494748547d70783b207d0a756c2e70726f66696c652d69636f6e73206c692e71756f74652d69636f6e097b2077696474683a207b494d475f49434f4e5f504f53545f51554f54455f57494454487d70783b206865696768743a207b494d475f49434f4e5f504f53545f51554f54455f4845494748547d70783b207d0a756c2e70726f66696c652d69636f6e73206c692e7265706f72742d69636f6e097b2077696474683a207b494d475f49434f4e5f504f53545f5245504f52545f57494454487d70783b206865696768743a207b494d475f49434f4e5f504f53545f5245504f52545f4845494748547d70783b207d0a756c2e70726f66696c652d69636f6e73206c692e656469742d69636f6e097b2077696474683a207b494d475f49434f4e5f504f53545f454449545f57494454487d70783b206865696768743a207b494d475f49434f4e5f504f53545f454449545f4845494748547d70783b207d0a756c2e70726f66696c652d69636f6e73206c692e64656c6574652d69636f6e097b2077696474683a207b494d475f49434f4e5f504f53545f44454c4554455f57494454487d70783b206865696768743a207b494d475f49434f4e5f504f53545f44454c4554455f4845494748547d70783b207d0a756c2e70726f66696c652d69636f6e73206c692e696e666f2d69636f6e097b2077696474683a207b494d475f49434f4e5f504f53545f494e464f5f57494454487d70783b206865696768743a207b494d475f49434f4e5f504f53545f494e464f5f4845494748547d70783b207d0a756c2e70726f66696c652d69636f6e73206c692e7761726e2d69636f6e097b2077696474683a207b494d475f49434f4e5f555345525f5741524e5f57494454487d70783b206865696768743a207b494d475f49434f4e5f555345525f5741524e5f4845494748547d70783b207d0a0a2f2a204669782070726f66696c652069636f6e2064656661756c74206d617267696e73202a2f0a756c2e70726f66696c652d69636f6e73206c692e656469742d69636f6e097b206d617267696e3a203020302030203370783b207d0a756c2e70726f66696c652d69636f6e73206c692e71756f74652d69636f6e097b206d617267696e3a20302030203020313070783b207d0a756c2e70726f66696c652d69636f6e73206c692e696e666f2d69636f6e2c20756c2e70726f66696c652d69636f6e73206c692e7265706f72742d69636f6e097b206d617267696e3a203020337078203020303b207d0a2f2a20436f6e74726f6c2050616e656c205374796c65730a2d2d2d2d2d2d2d2d2d2d2d2d2d2d2d2d2d2d2d2d2d2d2d2d2d2d2d2d2d2d2d2d2d2d2d2d2d2d2d2d202a2f0a0a0a2f2a204d61696e20435020626f780a2d2d2d2d2d2d2d2d2d2d2d2d2d2d2d2d2d2d2d2d2d2d2d2d2d2d2d2d2d2d2d2d2d2d2d2d2d2d2d2d2a2f0a2363702d6d656e75207b0a09666c6f61743a6c6566743b0a0977696474683a203139253b0a096d617267696e2d746f703a2031656d3b0a096d617267696e2d626f74746f6d3a203570783b0a7d0a0a2363702d6d61696e207b0a09666c6f61743a206c6566743b0a0977696474683a203831253b0a7d0a0a2363702d6d61696e202e636f6e74656e74207b0a0970616464696e673a20303b0a7d0a0a2363702d6d61696e2068332c202363702d6d61696e2068722c202363702d6d656e75206872207b0a09626f726465722d636f6c6f723a20236266626662663b0a7d0a0a2363702d6d61696e202e70616e656c2070207b0a09666f6e742d73697a653a20312e31656d3b0a7d0a0a2363702d6d61696e202e70616e656c206f6c207b0a096d617267696e2d6c6566743a2032656d3b0a09666f6e742d73697a653a20312e31656d3b0a7d0a0a2363702d6d61696e202e70616e656c206c692e726f77207b0a09626f726465722d626f74746f6d3a2031707820736f6c696420236362636263623b0a09626f726465722d746f703a2031707820736f6c696420234639463946393b0a7d0a0a756c2e63706c697374207b0a096d617267696e2d626f74746f6d3a203570783b0a09626f726465722d746f703a2031707820736f6c696420236362636263623b0a7d0a0a2363702d6d61696e202e70616e656c206c692e6865616465722064642c202363702d6d61696e202e70616e656c206c692e686561646572206474207b0a09636f6c6f723a20233030303030303b0a096d617267696e2d626f74746f6d3a203270783b0a7d0a0a2363702d6d61696e207461626c652e7461626c6531207b0a096d617267696e2d626f74746f6d3a2031656d3b0a7d0a0a2363702d6d61696e207461626c652e7461626c6531207468656164207468207b0a09636f6c6f723a20233333333333333b0a09666f6e742d7765696768743a20626f6c643b0a09626f726465722d626f74746f6d3a2031707820736f6c696420233333333333333b0a0970616464696e673a203570783b0a7d0a0a2363702d6d61696e207461626c652e7461626c65312074626f6479207468207b0a09666f6e742d7374796c653a206974616c69633b0a096261636b67726f756e642d636f6c6f723a207472616e73706172656e742021696d706f7274616e743b0a09626f726465722d626f74746f6d3a206e6f6e653b0a7d0a0a2363702d6d61696e202e706167696e6174696f6e207b0a09666c6f61743a2072696768743b0a0977696474683a206175746f3b0a0970616464696e672d746f703a203170783b0a7d0a0a2363702d6d61696e202e706f7374626f64792070207b0a09666f6e742d73697a653a20312e31656d3b0a7d0a0a2363702d6d61696e202e706d2d6d657373616765207b0a09626f726465723a2031707820736f6c696420236532653265323b0a096d617267696e3a203130707820303b0a096261636b67726f756e642d636f6c6f723a20234646464646463b0a0977696474683a206175746f3b0a09666c6f61743a206e6f6e653b0a7d0a0a2e706d2d6d657373616765206832207b0a0970616464696e672d626f74746f6d3a203570783b0a7d0a0a2363702d6d61696e202e706f7374626f64792068332c202363702d6d61696e202e626f7832206833207b0a096d617267696e2d746f703a20303b0a7d0a0a2363702d6d61696e202e627574746f6e73207b0a096d617267696e2d6c6566743a20303b0a7d0a0a2363702d6d61696e20756c2e6c696e6b6c697374207b0a096d617267696e3a20303b0a7d0a0a2f2a204d435020537065636966696320747765616b73202a2f0a2e6d63702d6d61696e202e706f7374626f6479207b0a0977696474683a20313030253b0a7d0a0a2e746162732d636f6e7461696e6572206832207b0a09666c6f61743a206c6566743b0a096d617267696e2d626f74746f6d3a203070783b0a7d0a0a2e746162732d636f6e7461696e657220236d696e6974616273207b0a09666c6f61743a2072696768743b0a096d617267696e2d746f703a20313970783b0a7d0a0a2e746162732d636f6e7461696e65723a6166746572207b0a09646973706c61793a20626c6f636b3b0a09636c6561723a20626f74683b0a09636f6e74656e743a2027273b0a7d0a0a2f2a20435020746162626564206d656e750a2d2d2d2d2d2d2d2d2d2d2d2d2d2d2d2d2d2d2d2d2d2d2d2d2d2d2d2d2d2d2d2d2d2d2d2d2d2d2d2d2a2f0a2374616273207b0a096c696e652d6865696768743a206e6f726d616c3b0a096d617267696e3a20323070782030202d317078203770783b0a096d696e2d77696474683a2035373070783b0a7d0a0a237461627320756c207b0a096d617267696e3a303b0a0970616464696e673a20303b0a096c6973742d7374796c653a206e6f6e653b0a7d0a0a2374616273206c69207b0a09646973706c61793a20696e6c696e653b0a096d617267696e3a20303b0a0970616464696e673a20303b0a09666f6e742d73697a653a2031656d3b0a09666f6e742d7765696768743a20626f6c643b0a7d0a0a23746162732061207b0a09666c6f61743a206c6566743b0a096261636b67726f756e643a206e6f6e65206e6f2d726570656174203025202d333570783b0a096d617267696e3a203020317078203020303b0a0970616464696e673a203020302030203570783b0a09746578742d6465636f726174696f6e3a206e6f6e653b0a09706f736974696f6e3a2072656c61746976653b0a09637572736f723a20706f696e7465723b0a7d0a0a23746162732061207370616e207b0a09666c6f61743a206c6566743b0a09646973706c61793a20626c6f636b3b0a096261636b67726f756e643a206e6f6e65206e6f2d7265706561742031303025202d333570783b0a0970616464696e673a20367078203130707820367078203570783b0a09636f6c6f723a20233832383238323b0a0977686974652d73706163653a206e6f777261703b0a7d0a0a237461627320613a686f766572207370616e207b0a09636f6c6f723a20236263626362633b0a7d0a0a2374616273202e6163746976657461622061207b0a096261636b67726f756e642d706f736974696f6e3a203020303b0a09626f726465722d626f74746f6d3a2031707820736f6c696420236562656265623b0a7d0a0a2374616273202e6163746976657461622061207370616e207b0a096261636b67726f756e642d706f736974696f6e3a203130302520303b0a0970616464696e672d626f74746f6d3a203770783b0a09636f6c6f723a20233333333333333b0a7d0a0a237461627320613a686f766572207b0a096261636b67726f756e642d706f736974696f6e3a2030202d373070783b0a7d0a0a237461627320613a686f766572207370616e207b0a096261636b67726f756e642d706f736974696f6e3a31303025202d373070783b0a7d0a0a2374616273202e61637469766574616220613a686f766572207b0a096261636b67726f756e642d706f736974696f6e3a203020303b0a7d0a0a2374616273202e61637469766574616220613a686f766572207370616e207b0a09636f6c6f723a20233030303030303b0a096261636b67726f756e642d706f736974696f6e3a203130302520303b0a7d0a0a2f2a204d696e6920746162626564206d656e75207573656420696e204d43500a2d2d2d2d2d2d2d2d2d2d2d2d2d2d2d2d2d2d2d2d2d2d2d2d2d2d2d2d2d2d2d2d2d2d2d2d2d2d2d2d2a2f0a236d696e6974616273207b0a096c696e652d6865696768743a206e6f726d616c3b0a096d617267696e3a202d3230707820377078203020303b0a7d0a0a236d696e697461627320756c207b0a096d617267696e3a303b0a0970616464696e673a20303b0a096c6973742d7374796c653a206e6f6e653b0a7d0a0a236d696e6974616273206c69207b0a09646973706c61793a20626c6f636b3b0a09666c6f61743a2072696768743b0a0970616464696e673a203020313070782034707820313070783b0a09666f6e742d73697a653a2031656d3b0a09666f6e742d7765696768743a20626f6c643b0a096261636b67726f756e642d636f6c6f723a20236632663266323b0a096d617267696e2d6c6566743a203270783b0a7d0a0a236d696e69746162732061207b0a7d0a0a236d696e697461627320613a686f766572207b0a09746578742d6465636f726174696f6e3a206e6f6e653b0a7d0a0a236d696e6974616273206c692e616374697665746162207b0a096261636b67726f756e642d636f6c6f723a20234639463946393b0a7d0a0a236d696e6974616273206c692e61637469766574616220612c20236d696e6974616273206c692e61637469766574616220613a686f766572207b0a09636f6c6f723a20233333333333333b0a7d0a0a2f2a20554350206e617669676174696f6e206d656e750a2d2d2d2d2d2d2d2d2d2d2d2d2d2d2d2d2d2d2d2d2d2d2d2d2d2d2d2d2d2d2d2d2d2d2d2d2d2d2d2d2a2f0a2f2a20436f6e7461696e657220666f72207375622d6e617669676174696f6e206c697374202a2f0a236e617669676174696f6e207b0a0977696474683a20313030253b0a0970616464696e672d746f703a20333670783b0a7d0a0a236e617669676174696f6e20756c207b0a096c6973742d7374796c653a6e6f6e653b0a7d0a0a2f2a2044656661756c74206c697374207374617465202a2f0a236e617669676174696f6e206c69207b0a096d617267696e3a2031707820303b0a0970616464696e673a20303b0a09666f6e742d7765696768743a20626f6c643b0a09646973706c61793a20696e6c696e653b0a7d0a0a2f2a204c696e6b207374796c657320666f7220746865207375622d73656374696f6e206c696e6b73202a2f0a236e617669676174696f6e2061207b0a09646973706c61793a20626c6f636b3b0a0970616464696e673a203570783b0a096d617267696e3a2031707820303b0a09746578742d6465636f726174696f6e3a206e6f6e653b0a09666f6e742d7765696768743a20626f6c643b0a09636f6c6f723a20233333333b0a096261636b67726f756e643a2023636663666366206e6f6e65207265706561742d79203130302520303b0a7d0a0a236e617669676174696f6e20613a686f766572207b0a09746578742d6465636f726174696f6e3a206e6f6e653b0a096261636b67726f756e642d636f6c6f723a20236336633663363b0a09636f6c6f723a20236263626362633b0a096261636b67726f756e642d696d6167653a206e6f6e653b0a7d0a0a236e617669676174696f6e20236163746976652d73756273656374696f6e2061207b0a09646973706c61793a20626c6f636b3b0a09636f6c6f723a20236433643364333b0a096261636b67726f756e642d636f6c6f723a20234639463946393b0a096261636b67726f756e642d696d6167653a206e6f6e653b0a7d0a0a236e617669676174696f6e20236163746976652d73756273656374696f6e20613a686f766572207b0a09636f6c6f723a20236433643364333b0a7d0a0a2f2a20507265666572656e6365732070616e65206c61796f75740a2d2d2d2d2d2d2d2d2d2d2d2d2d2d2d2d2d2d2d2d2d2d2d2d2d2d2d2d2d2d2d2d2d2d2d2d2d2d2d2d2a2f0a2363702d6d61696e206832207b0a09626f726465722d626f74746f6d3a206e6f6e653b0a0970616464696e673a20303b0a096d617267696e2d6c6566743a20313070783b0a09636f6c6f723a20233333333333333b0a7d0a0a2363702d6d61696e202e70616e656c207b0a096261636b67726f756e642d636f6c6f723a20234639463946393b0a7d0a0a2363702d6d61696e202e706d207b0a096261636b67726f756e642d636f6c6f723a20234646464646463b0a7d0a0a2363702d6d61696e207370616e2e636f726e6572732d746f702c202363702d6d656e75207370616e2e636f726e6572732d746f70207b0a096261636b67726f756e642d696d6167653a206e6f6e653b0a7d0a0a2363702d6d61696e207370616e2e636f726e6572732d746f70207370616e2c202363702d6d656e75207370616e2e636f726e6572732d746f70207370616e207b0a096261636b67726f756e642d696d6167653a206e6f6e653b0a7d0a0a2363702d6d61696e207370616e2e636f726e6572732d626f74746f6d2c202363702d6d656e75207370616e2e636f726e6572732d626f74746f6d207b0a096261636b67726f756e642d696d6167653a206e6f6e653b0a7d0a0a2363702d6d61696e207370616e2e636f726e6572732d626f74746f6d207370616e2c202363702d6d656e75207370616e2e636f726e6572732d626f74746f6d207370616e207b0a096261636b67726f756e642d696d6167653a206e6f6e653b0a7d0a0a2f2a20546f706963726576696577202a2f0a2363702d6d61696e202e70616e656c2023746f706963726576696577207370616e2e636f726e6572732d746f702c202363702d6d656e75202e70616e656c2023746f706963726576696577207370616e2e636f726e6572732d746f70207b0a096261636b67726f756e642d696d6167653a206e6f6e653b0a7d0a0a2363702d6d61696e202e70616e656c2023746f706963726576696577207370616e2e636f726e6572732d746f70207370616e2c202363702d6d656e75202e70616e656c2023746f706963726576696577207370616e2e636f726e6572732d746f70207370616e207b0a096261636b67726f756e642d696d6167653a206e6f6e653b0a7d0a0a2363702d6d61696e202e70616e656c2023746f706963726576696577207370616e2e636f726e6572732d626f74746f6d2c202363702d6d656e75202e70616e656c2023746f706963726576696577207370616e2e636f726e6572732d626f74746f6d207b0a096261636b67726f756e642d696d6167653a206e6f6e653b0a7d0a0a2363702d6d61696e202e70616e656c2023746f706963726576696577207370616e2e636f726e6572732d626f74746f6d207370616e2c202363702d6d656e75202e70616e656c2023746f706963726576696577207370616e2e636f726e6572732d626f74746f6d207370616e207b0a096261636b67726f756e642d696d6167653a206e6f6e653b0a7d0a0a2f2a20467269656e6473206c697374202a2f0a2e63702d6d696e69207b0a096261636b67726f756e642d636f6c6f723a20236639663966393b0a0970616464696e673a2030203570783b0a096d617267696e3a203130707820313570782031307078203570783b0a7d0a0a2e63702d6d696e69207370616e2e636f726e6572732d746f702c202e63702d6d696e69207370616e2e636f726e6572732d626f74746f6d207b0a096d617267696e3a2030202d3570783b0a7d0a0a646c2e6d696e69206474207b0a09666f6e742d7765696768743a20626f6c643b0a09636f6c6f723a20233637363736373b0a7d0a0a646c2e6d696e69206464207b0a0970616464696e672d746f703a203470783b0a7d0a0a2e667269656e642d6f6e6c696e65207b0a09666f6e742d7765696768743a20626f6c643b0a7d0a0a2e667269656e642d6f66666c696e65207b0a09666f6e742d7374796c653a206974616c69633b0a7d0a0a2f2a20504d205374796c65730a2d2d2d2d2d2d2d2d2d2d2d2d2d2d2d2d2d2d2d2d2d2d2d2d2d2d2d2d2d2d2d2d2d2d2d2d2d2d2d2d2a2f0a23706d2d6d656e75207b0a096c696e652d6865696768743a20322e35656d3b0a7d0a0a2f2a20504d2070616e656c2061646a7573746d656e7473202a2f0a2e7265706c792d616c6c20612e6c656674207b0a096261636b67726f756e642d706f736974696f6e3a20337078203630253b0a7d0a0a2e7265706c792d616c6c20612e6c6566743a686f766572207b0a096261636b67726f756e642d706f736974696f6e3a20307078203630253b0a7d0a0a2e7265706c792d616c6c207b0a09666f6e742d73697a653a20313170783b0a0970616464696e672d746f703a203570783b0a7d0a0a2f2a20504d204d65737361676520686973746f7279202a2f0a2e63757272656e74207b0a09636f6c6f723a20233939393939393b0a7d0a0a2f2a20446566696e65642072756c6573206c69737420666f7220504d206f7074696f6e73202a2f0a6f6c2e6465662d72756c6573207b0a0970616464696e672d6c6566743a20303b0a7d0a0a6f6c2e6465662d72756c6573206c69207b0a096c696e652d6865696768743a20313830253b0a0970616464696e673a203170783b0a7d0a0a2f2a20504d206d61726b696e6720636f6c6f757273202a2f0a2e706d6c697374206c692e626731207b0a0970616464696e673a2030203370783b0a7d0a0a2e706d6c697374206c692e626732207b0a0970616464696e673a2030203370783b0a7d0a0a2e706d6c697374206c692e706d5f6d6573736167655f7265706f727465645f636f6c6f75722c202e706d5f6d6573736167655f7265706f727465645f636f6c6f7572207b0a09626f726465722d6c6566742d636f6c6f723a20236263626362633b0a09626f726465722d72696768742d636f6c6f723a20236263626362633b0a7d0a0a2e706d6c697374206c692e706d5f6d61726b65645f636f6c6f75722c202e706d5f6d61726b65645f636f6c6f7572207b0a0970616464696e673a20303b0a09626f726465723a20736f6c69642033707820236666666666663b0a09626f726465722d77696474683a2030203370783b0a7d0a0a2e706d6c697374206c692e706d5f7265706c6965645f636f6c6f75722c202e706d5f7265706c6965645f636f6c6f7572207b0a0970616464696e673a20303b0a09626f726465723a20736f6c69642033707820236332633263323b0a09626f726465722d77696474683a2030203370783b0a7d0a0a2e706d6c697374206c692e706d5f667269656e645f636f6c6f75722c202e706d5f667269656e645f636f6c6f7572207b0a0970616464696e673a20303b0a09626f726465723a20736f6c69642033707820236264626462643b0a09626f726465722d77696474683a2030203370783b0a7d0a0a2e706d6c697374206c692e706d5f666f655f636f6c6f75722c202e706d5f666f655f636f6c6f7572207b0a0970616464696e673a20303b0a09626f726465723a20736f6c69642033707820233030303030303b0a09626f726465722d77696474683a2030203370783b0a7d0a0a2e706d2d6c6567656e64207b0a09626f726465722d6c6566742d77696474683a20313070783b0a09626f726465722d6c6566742d7374796c653a20736f6c69643b0a09626f726465722d72696768742d77696474683a20303b0a096d617267696e2d626f74746f6d3a203370783b0a0970616464696e672d6c6566743a203370783b0a7d0a0a2f2a204176617461722067616c6c657279202a2f0a2367616c6c657279206c6162656c207b0a09706f736974696f6e3a2072656c61746976653b0a09666c6f61743a206c6566743b0a096d617267696e3a20313070783b0a0970616464696e673a203570783b0a0977696474683a206175746f3b0a096261636b67726f756e643a20234646464646463b0a09626f726465723a2031707820736f6c696420234343433b0a09746578742d616c69676e3a2063656e7465723b0a7d0a0a2367616c6c657279206c6162656c3a686f766572207b0a096261636b67726f756e642d636f6c6f723a20234545453b0a7d0a2f2a20466f726d205374796c65730a2d2d2d2d2d2d2d2d2d2d2d2d2d2d2d2d2d2d2d2d2d2d2d2d2d2d2d2d2d2d2d2d2d2d2d2d2d2d2d2d202a2f0a0a2f2a2047656e6572616c20666f726d207374796c65730a2d2d2d2d2d2d2d2d2d2d2d2d2d2d2d2d2d2d2d2d2d2d2d2d2d2d2d2d2d2d2d2d2d2d2d2d2d2d2d2d2a2f0a6669656c64736574207b0a09626f726465722d77696474683a20303b0a09666f6e742d66616d696c793a2056657264616e612c2048656c7665746963612c20417269616c2c2073616e732d73657269663b0a09666f6e742d73697a653a20312e31656d3b0a7d0a0a696e707574207b0a09666f6e742d7765696768743a206e6f726d616c3b0a09637572736f723a20706f696e7465723b0a09766572746963616c2d616c69676e3a206d6964646c653b0a0970616464696e673a2030203370783b0a09666f6e742d73697a653a2031656d3b0a09666f6e742d66616d696c793a2056657264616e612c2048656c7665746963612c20417269616c2c2073616e732d73657269663b0a7d0a0a73656c656374207b0a09666f6e742d66616d696c793a2056657264616e612c2048656c7665746963612c20417269616c2c2073616e732d73657269663b0a09666f6e742d7765696768743a206e6f726d616c3b0a09637572736f723a20706f696e7465723b0a09766572746963616c2d616c69676e3a206d6964646c653b0a09626f726465723a2031707820736f6c696420233636363636363b0a0970616464696e673a203170783b0a096261636b67726f756e642d636f6c6f723a20234641464146413b0a09666f6e742d73697a653a2031656d3b0a7d0a0a6f7074696f6e207b0a0970616464696e672d72696768743a2031656d3b0a7d0a0a6f7074696f6e2e64697361626c65642d6f7074696f6e207b0a09636f6c6f723a2067726179746578743b0a7d0a0a7465787461726561207b0a09666f6e742d66616d696c793a20224c7563696461204772616e6465222c2056657264616e612c2048656c7665746963612c20417269616c2c2073616e732d73657269663b0a0977696474683a203630253b0a0970616464696e673a203270783b0a09666f6e742d73697a653a2031656d3b0a096c696e652d6865696768743a20312e34656d3b0a7d0a0a6c6162656c207b0a09637572736f723a2064656661756c743b0a0970616464696e672d72696768743a203570783b0a09636f6c6f723a20233637363736373b0a7d0a0a6c6162656c20696e707574207b0a09766572746963616c2d616c69676e3a206d6964646c653b0a7d0a0a6c6162656c20696d67207b0a09766572746963616c2d616c69676e3a206d6964646c653b0a7d0a0a2f2a20446566696e6974696f6e206c697374206c61796f757420666f7220666f726d730a2d2d2d2d2d2d2d2d2d2d2d2d2d2d2d2d2d2d2d2d2d2d2d2d2d2d2d2d2d2d2d2d2d2d2d2d2d2d2d2d202a2f0a6669656c6473657420646c207b0a0970616464696e673a2034707820303b0a7d0a0a6669656c64736574206474207b0a09666c6f61743a206c6566743b090a0977696474683a203430253b0a09746578742d616c69676e3a206c6566743b0a09646973706c61793a20626c6f636b3b0a7d0a0a6669656c64736574206464207b0a096d617267696e2d6c6566743a203431253b0a09766572746963616c2d616c69676e3a20746f703b0a096d617267696e2d626f74746f6d3a203370783b0a7d0a0a2f2a205370656369666963206c61796f75742031202a2f0a6669656c647365742e6669656c647331206474207b0a0977696474683a203135656d3b0a09626f726465722d72696768742d77696474683a20303b0a7d0a0a6669656c647365742e6669656c647331206464207b0a096d617267696e2d6c6566743a203135656d3b0a09626f726465722d6c6566742d77696474683a20303b0a7d0a0a6669656c647365742e6669656c647331207b0a096261636b67726f756e642d636f6c6f723a207472616e73706172656e743b0a7d0a0a6669656c647365742e6669656c64733120646976207b0a096d617267696e2d626f74746f6d3a203370783b0a7d0a0a2f2a20536574206974206261636b20746f2030707820666f72207468652072654361707463686120646976733a205048504242332d39353837202a2f0a6669656c647365742e6669656c64733120237265636170746368615f7769646765745f64697620646976207b0a096d617267696e2d626f74746f6d3a20303b0a7d0a0a2f2a205370656369666963206c61796f75742032202a2f0a6669656c647365742e6669656c647332206474207b0a0977696474683a203135656d3b0a09626f726465722d72696768742d77696474683a20303b0a7d0a0a6669656c647365742e6669656c647332206464207b0a096d617267696e2d6c6566743a203136656d3b0a09626f726465722d6c6566742d77696474683a20303b0a7d0a0a2f2a20466f726d20656c656d656e7473202a2f0a6474206c6162656c207b0a09666f6e742d7765696768743a20626f6c643b0a09746578742d616c69676e3a206c6566743b0a7d0a0a6464206c6162656c207b0a0977686974652d73706163653a206e6f777261703b0a09636f6c6f723a20233333333b0a7d0a0a646420696e7075742c206464207465787461726561207b0a096d617267696e2d72696768743a203370783b0a7d0a0a64642073656c656374207b0a0977696474683a206175746f3b0a7d0a0a6464207465787461726561207b0a0977696474683a203835253b0a7d0a0a2f2a20486f7665722065666665637473202a2f0a6669656c6473657420646c3a686f766572206474206c6162656c207b0a09636f6c6f723a20233030303030303b0a7d0a0a6669656c647365742e6669656c64733220646c3a686f766572206474206c6162656c207b0a09636f6c6f723a20696e68657269743b0a7d0a0a2374696d657a6f6e65207b0a0977696474683a203935253b0a7d0a0a2a2068746d6c202374696d657a6f6e65207b0a0977696474683a203530253b0a7d0a0a2f2a20517569636b2d6c6f67696e206f6e20696e6465782070616765202a2f0a6669656c647365742e717569636b2d6c6f67696e207b0a096d617267696e2d746f703a203570783b0a7d0a0a6669656c647365742e717569636b2d6c6f67696e20696e707574207b0a0977696474683a206175746f3b0a7d0a0a6669656c647365742e717569636b2d6c6f67696e20696e7075742e696e707574626f78207b0a0977696474683a203135253b0a09766572746963616c2d616c69676e3a206d6964646c653b0a096d617267696e2d72696768743a203570783b0a096261636b67726f756e642d636f6c6f723a20236633663366333b0a7d0a0a6669656c647365742e717569636b2d6c6f67696e206c6162656c207b0a0977686974652d73706163653a206e6f777261703b0a0970616464696e672d72696768743a203270783b0a7d0a0a2f2a20446973706c6179206f7074696f6e73206f6e2076696577746f7069632f76696577666f72756d20706167657320202a2f0a6669656c647365742e646973706c61792d6f7074696f6e73207b0a09746578742d616c69676e3a2063656e7465723b0a096d617267696e3a2033707820302035707820303b0a7d0a0a6669656c647365742e646973706c61792d6f7074696f6e73206c6162656c207b0a0977686974652d73706163653a206e6f777261703b0a0970616464696e672d72696768743a203270783b0a7d0a0a6669656c647365742e646973706c61792d6f7074696f6e732061207b0a096d617267696e2d746f703a203370783b0a7d0a0a2f2a20446973706c617920616374696f6e7320666f722075637020616e64206d6370207061676573202a2f0a6669656c647365742e646973706c61792d616374696f6e73207b0a09746578742d616c69676e3a2072696768743b0a096c696e652d6865696768743a2032656d3b0a0977686974652d73706163653a206e6f777261703b0a0970616464696e672d72696768743a2031656d3b0a7d0a0a6669656c647365742e646973706c61792d616374696f6e73206c6162656c207b0a0977686974652d73706163653a206e6f777261703b0a0970616464696e672d72696768743a203270783b0a7d0a0a6669656c647365742e736f72742d6f7074696f6e73207b0a096c696e652d6865696768743a2032656d3b0a7d0a0a2f2a204d435020666f72756d2073656c656374696f6e2a2f0a6669656c647365742e666f72756d2d73656c656374696f6e207b0a096d617267696e3a2035707820302033707820303b0a09666c6f61743a2072696768743b0a7d0a0a6669656c647365742e666f72756d2d73656c656374696f6e32207b0a096d617267696e3a203133707820302033707820303b0a09666c6f61743a2072696768743b0a7d0a0a2f2a204a756d70626f78202a2f0a6669656c647365742e6a756d70626f78207b0a09746578742d616c69676e3a2072696768743b0a096d617267696e2d746f703a20313570783b0a096865696768743a20322e35656d3b0a7d0a0a6669656c647365742e717569636b6d6f64207b0a0977696474683a203530253b0a09666c6f61743a2072696768743b0a09746578742d616c69676e3a2072696768743b0a096865696768743a20322e35656d3b0a7d0a0a2f2a205375626d697420627574746f6e206669656c64736574202a2f0a6669656c647365742e7375626d69742d627574746f6e73207b0a09746578742d616c69676e3a2063656e7465723b0a09766572746963616c2d616c69676e3a206d6964646c653b0a096d617267696e3a2035707820303b0a7d0a0a6669656c647365742e7375626d69742d627574746f6e7320696e707574207b0a09766572746963616c2d616c69676e3a206d6964646c653b0a0970616464696e672d746f703a203370783b0a0970616464696e672d626f74746f6d3a203370783b0a7d0a0a2f2a20506f7374696e672070616765207374796c65730a2d2d2d2d2d2d2d2d2d2d2d2d2d2d2d2d2d2d2d2d2d2d2d2d2d2d2d2d2d2d2d2d2d2d2d2d2d2d2d2d2a2f0a0a2f2a20427574746f6e73207573656420696e2074686520656469746f72202a2f0a23666f726d61742d627574746f6e73207b0a096d617267696e3a203135707820302032707820303b0a7d0a0a23666f726d61742d627574746f6e7320696e7075742c2023666f726d61742d627574746f6e732073656c656374207b0a09766572746963616c2d616c69676e3a206d6964646c653b0a7d0a0a2f2a204d61696e206d65737361676520626f78202a2f0a236d6573736167652d626f78207b0a0977696474683a203830253b0a7d0a0a236d6573736167652d626f78207465787461726561207b0a09666f6e742d66616d696c793a2022547265627563686574204d53222c2056657264616e612c2048656c7665746963612c20417269616c2c2073616e732d73657269663b0a0977696474683a2034353070783b0a096865696768743a2032373070783b0a096d696e2d77696474683a20313030253b0a096d61782d77696474683a20313030253b0a09666f6e742d73697a653a20312e32656d3b0a09636f6c6f723a20233333333333333b0a7d0a0a2f2a20456d6f7469636f6e732070616e656c202a2f0a23736d696c65792d626f78207b0a0977696474683a203138253b0a09666c6f61743a2072696768743b0a7d0a0a23736d696c65792d626f7820696d67207b0a096d617267696e3a203370783b0a7d0a0a2f2a20496e707574206669656c64207374796c65730a2d2d2d2d2d2d2d2d2d2d2d2d2d2d2d2d2d2d2d2d2d2d2d2d2d2d2d2d2d2d2d2d2d2d2d2d2d2d2d2d202a2f0a2e696e707574626f78207b0a096261636b67726f756e642d636f6c6f723a20234646464646463b0a09626f726465723a2031707820736f6c696420236330633063303b0a09636f6c6f723a20233333333333333b0a0970616464696e673a203270783b0a09637572736f723a20746578743b0a7d0a0a2e696e707574626f783a686f766572207b0a09626f726465723a2031707820736f6c696420236561656165613b0a7d0a0a2e696e707574626f783a666f637573207b0a09626f726465723a2031707820736f6c696420236561656165613b0a09636f6c6f723a20233462346234623b0a7d0a0a696e7075742e696e707574626f78097b2077696474683a203835253b207d0a696e7075742e6d656469756d097b2077696474683a203530253b207d0a696e7075742e6e6172726f77097b2077696474683a203235253b207d0a696e7075742e74696e7909097b2077696474683a2031323570783b207d0a0a74657874617265612e696e707574626f78207b0a0977696474683a203835253b0a7d0a0a2e6175746f7769647468207b0a0977696474683a206175746f2021696d706f7274616e743b0a7d0a0a2f2a20466f726d20627574746f6e207374796c65730a2d2d2d2d2d2d2d2d2d2d2d2d2d2d2d2d2d2d2d2d2d2d2d2d2d2d2d2d2d2d2d2d2d2d2d2d2d2d2d2d202a2f0a696e7075742e627574746f6e312c20696e7075742e627574746f6e32207b0a09666f6e742d73697a653a2031656d3b0a7d0a0a612e627574746f6e312c20696e7075742e627574746f6e312c20696e7075742e627574746f6e332c20612e627574746f6e322c20696e7075742e627574746f6e32207b0a0977696474683a206175746f2021696d706f7274616e743b0a0970616464696e672d746f703a203170783b0a0970616464696e672d626f74746f6d3a203170783b0a09666f6e742d66616d696c793a20224c7563696461204772616e6465222c2056657264616e612c2048656c7665746963612c20417269616c2c2073616e732d73657269663b0a09636f6c6f723a20233030303b0a096261636b67726f756e643a2023464146414641206e6f6e65207265706561742d7820746f70206c6566743b0a7d0a0a612e627574746f6e312c20696e7075742e627574746f6e31207b0a09666f6e742d7765696768743a20626f6c643b0a09626f726465723a2031707820736f6c696420233636363636363b0a7d0a0a696e7075742e627574746f6e33207b0a0970616464696e673a20303b0a096d617267696e3a20303b0a096c696e652d6865696768743a203570783b0a096865696768743a20313270783b0a096261636b67726f756e642d696d6167653a206e6f6e653b0a09666f6e742d76617269616e743a20736d616c6c2d636170733b0a7d0a0a2f2a20416c7465726e617469766520627574746f6e202a2f0a612e627574746f6e322c20696e7075742e627574746f6e322c20696e7075742e627574746f6e33207b0a09626f726465723a2031707820736f6c696420233636363636363b0a7d0a0a2f2a203c613e20627574746f6e20696e20746865207374796c65206f662074686520666f726d20627574746f6e73202a2f0a612e627574746f6e312c20612e627574746f6e313a6c696e6b2c20612e627574746f6e313a766973697465642c20612e627574746f6e313a6163746976652c20612e627574746f6e322c20612e627574746f6e323a6c696e6b2c20612e627574746f6e323a766973697465642c20612e627574746f6e323a616374697665207b0a09746578742d6465636f726174696f6e3a206e6f6e653b0a09636f6c6f723a20233030303030303b0a0970616464696e673a20327078203870783b0a096c696e652d6865696768743a20323530253b0a09766572746963616c2d616c69676e3a20746578742d626f74746f6d3b0a096261636b67726f756e642d706f736974696f6e3a2030203170783b0a7d0a0a2f2a20486f76657220737461746573202a2f0a612e627574746f6e313a686f7665722c20696e7075742e627574746f6e313a686f7665722c20612e627574746f6e323a686f7665722c20696e7075742e627574746f6e323a686f7665722c20696e7075742e627574746f6e333a686f766572207b0a09626f726465723a2031707820736f6c696420234243424342433b0a096261636b67726f756e642d706f736974696f6e3a203020313030253b0a09636f6c6f723a20234243424342433b0a7d0a0a696e7075742e64697361626c6564207b0a09666f6e742d7765696768743a206e6f726d616c3b0a09636f6c6f723a20233636363636363b0a7d0a0a2f2a20546f70696320616e6420666f72756d20536561726368202a2f0a2e7365617263682d626f78207b0a096d617267696e2d746f703a203370783b0a096d617267696e2d6c6566743a203570783b0a09666c6f61743a206c6566743b0a7d0a0a2e7365617263682d626f7820696e707574207b0a7d0a0a696e7075742e736561726368207b0a096261636b67726f756e642d696d6167653a206e6f6e653b0a096261636b67726f756e642d7265706561743a206e6f2d7265706561743b0a096261636b67726f756e642d706f736974696f6e3a206c656674203170783b0a0970616464696e672d6c6566743a20313770783b0a7d0a0a2e66756c6c207b2077696474683a203935253b207d0a2e6d656469756d207b2077696474683a203530253b7d0a2e6e6172726f77207b2077696474683a203235253b7d0a2e74696e79207b2077696474683a203130253b7d0a2f2a205374796c6520536865657420547765616b730a0a5468657365207374796c6520646566696e6974696f6e7320617265206d61696e6c79204945207370656369666963200a747765616b732072657175697265642064756520746f2069747320706f6f722043535320737570706f72742e0a2d2d2d2d2d2d2d2d2d2d2d2d2d2d2d2d2d2d2d2d2d2d2d2d2d2d2d2d2d2d2d2d2d2d2d2d2d2d2d2d2d2d2d2d2d2d2d2d2d2a2f0a0a2a2068746d6c207461626c652c202a2068746d6c2073656c6563742c202a2068746d6c20696e707574207b20666f6e742d73697a653a20313030253b207d0a2a2068746d6c206872207b206d617267696e3a20303b207d0a2a2068746d6c207370616e2e636f726e6572732d746f702c202a2068746d6c207370616e2e636f726e6572732d626f74746f6d207b206261636b67726f756e642d696d6167653a2075726c28227b545f5448454d455f504154487d2f696d616765732f636f726e6572735f6c6566742e67696622293b207d0a2a2068746d6c207370616e2e636f726e6572732d746f70207370616e2c202a2068746d6c207370616e2e636f726e6572732d626f74746f6d207370616e207b206261636b67726f756e642d696d6167653a2075726c28227b545f5448454d455f504154487d2f696d616765732f636f726e6572735f72696768742e67696622293b207d0a0a7461626c652e7461626c6531207b0a0977696474683a203939253b09092f2a204945203c20362062726f7773657273202a2f0a092f2a2054616e74656b206861636b202a2f0a09766f6963652d66616d696c793a20225c227d5c22223b0a09766f6963652d66616d696c793a20696e68657269743b0a0977696474683a20313030253b0a7d0a68746d6c3e626f6479207461626c652e7461626c6531207b2077696474683a20313030253b207d092f2a205265736574203130302520666f72206f70657261202a2f0a0a2a2068746d6c20756c2e746f7069636c697374206c69207b20706f736974696f6e3a2072656c61746976653b207d0a2a2068746d6c202e706f7374626f647920683320696d67207b20766572746963616c2d616c69676e3a206d6964646c653b207d0a0a2f2a20466f726d207374796c6573202a2f0a68746d6c3e626f6479206464206c6162656c20696e707574207b20766572746963616c2d616c69676e3a20746578742d626f74746f6d3b207d092f2a20416c69676e20636865636b626f7865732f726164696f20627574746f6e73206e6963656c79202a2f0a0a2a2068746d6c20696e7075742e627574746f6e312c202a2068746d6c20696e7075742e627574746f6e32207b0a0970616464696e672d626f74746f6d3a20303b0a096d617267696e2d626f74746f6d3a203170783b0a7d0a0a2f2a204d697363206c61796f7574207374796c6573202a2f0a2a2068746d6c202e636f6c756d6e312c202a2068746d6c202e636f6c756d6e32207b2077696474683a203435253b207d0a0a2f2a204e696365206d6574686f6420666f7220636c656172696e6720666c6f6174656420626c6f636b7320776974686f757420686176696e6720746f20696e7365727420616e79206578747261206d61726b757020286c696b65207370616365722061626f7665290a20202046726f6d20687474703a2f2f7777772e706f736974696f6e697365766572797468696e672e6e65742f65617379636c656172696e672e68746d6c200a23746162733a61667465722c20236d696e69746162733a61667465722c202e706f73743a61667465722c202e6e61766261723a61667465722c206669656c6473657420646c3a61667465722c20756c2e746f7069636c69737420646c3a61667465722c20756c2e6c696e6b6c6973743a61667465722c20646c2e706f6c6c733a6166746572207b0a09636f6e74656e743a20222e223b200a09646973706c61793a20626c6f636b3b200a096865696768743a20303b200a09636c6561723a20626f74683b200a097669736962696c6974793a2068696464656e3b0a7d2a2f0a0a2e636c6561726669782c2023746162732c20236d696e69746162732c206669656c6473657420646c2c20756c2e746f7069636c69737420646c2c20646c2e706f6c6c73207b0a096865696768743a2031253b0a096f766572666c6f773a2068696464656e3b0a7d0a0a2f2a2076696577746f70696320666978202a2f0a2a2068746d6c202e706f7374207b0a096865696768743a203235253b0a096f766572666c6f773a2068696464656e3b0a7d0a0a2f2a206e617662617220666978202a2f0a2a2068746d6c202e636c6561726669782c202a2068746d6c202e6e61766261722c20756c2e6c696e6b6c697374207b0a096865696768743a2034253b0a096f766572666c6f773a2068696464656e3b0a7d0a0a2f2a2053696d706c652066697820736f20666f72756d20616e6420746f706963206c6973747320616c7761797320686176652061206d696e2d686569676874207365742c206576656e20696e204945360a0946726f6d20687474703a2f2f7777772e64757374696e6469617a2e636f6d2f6d696e2d6865696768742d666173742d6861636b202a2f0a646c2e69636f6e207b0a096d696e2d6865696768743a20333570783b0a096865696768743a206175746f2021696d706f7274616e743b0a096865696768743a20333570783b0a7d0a0a2a2068746d6c206c692e726f7720646c2e69636f6e206474207b0a096865696768743a20333570783b0a096f766572666c6f773a2076697369626c653b0a7d0a0a2a2068746d6c20237365617263682d626f78207b0a0977696474683a203235253b0a7d0a0a2f2a20436f72726563746c7920636c65617220666c6f6174696e6720666f722064657461696c73206f6e2070726f66696c652076696577202a2f0a2a3a66697273742d6368696c642b68746d6c20646c2e64657461696c73206464207b0a096d617267696e2d6c6566743a203330253b0a09666c6f61743a206e6f6e653b0a7d0a0a2a2068746d6c20646c2e64657461696c73206464207b0a096d617267696e2d6c6566743a203330253b0a09666c6f61743a206e6f6e653b0a7d0a0a2f2a20486561646572626172206865696768742066697820666f722049453720616e642062656c6f77202a2f0a2a2068746d6c2023736974652d6465736372697074696f6e2070207b0a096d617267696e2d626f74746f6d3a20312e30656d3b0a7d0a0a2a3a66697273742d6368696c642b68746d6c2023736974652d6465736372697074696f6e2070207b0a096d617267696e2d626f74746f6d3a20312e30656d3b0a7d0a0a2f2a20236d696e69746162732066697820666f72204945202a2f0a2e746162732d636f6e7461696e6572207b0a097a6f6f6d3a20313b0a7d0a0a236d696e6974616273207b0a0977686974652d73706163653a206e6f777261703b0a092a6d696e2d77696474683a203530253b0a7d0a2f2a2020090a2d2d2d2d2d2d2d2d2d2d2d2d2d2d2d2d2d2d2d2d2d2d2d2d2d2d2d2d2d2d2d2d2d2d2d2d2d2d2d2d2d2d2d2d2d2d2d2d2d2d2d2d2d2d2d2d2d2d2d2d2d2d0a436f6c6f75727320616e64206261636b67726f756e647320666f7220636f6d6d6f6e2e6373730a2d2d2d2d2d2d2d2d2d2d2d2d2d2d2d2d2d2d2d2d2d2d2d2d2d2d2d2d2d2d2d2d2d2d2d2d2d2d2d2d2d2d2d2d2d2d2d2d2d2d2d2d2d2d2d2d2d2d2d2d2d2d202a2f0a0a68746d6c2c20626f6479207b0a09636f6c6f723a20233533363438323b0a096261636b67726f756e642d636f6c6f723a20234646464646463b0a7d0a0a6831207b0a09636f6c6f723a20234646464646463b0a7d0a0a6832207b0a09636f6c6f723a20233238333133463b0a7d0a0a6833207b0a09626f726465722d626f74746f6d2d636f6c6f723a20234343434343433b0a09636f6c6f723a20233131353039383b0a7d0a0a6872207b0a09626f726465722d636f6c6f723a20234646464646463b0a09626f726465722d746f702d636f6c6f723a20234343434343433b0a7d0a0a68722e646173686564207b0a09626f726465722d746f702d636f6c6f723a20234343434343433b0a7d0a0a2f2a2053656172636820626f780a2d2d2d2d2d2d2d2d2d2d2d2d2d2d2d2d2d2d2d2d2d2d2d2d2d2d2d2d2d2d2d2d2d2d2d2d2d2d2d2d2d2d2d2d2d202a2f0a0a237365617263682d626f78207b0a09636f6c6f723a20234646464646463b0a7d0a0a237365617263682d626f7820236b6579776f726473207b0a096261636b67726f756e642d636f6c6f723a20234646463b0a7d0a0a237365617263682d626f7820696e707574207b0a09626f726465722d636f6c6f723a20233030373542303b0a7d0a0a2f2a20526f756e6420636f726e6572656420626f78657320616e64206261636b67726f756e64730a2d2d2d2d2d2d2d2d2d2d2d2d2d2d2d2d2d2d2d2d2d2d2d2d2d2d2d2d2d2d2d2d2d2d2d2d2d2d2d2d202a2f0a2e686561646572626172207b0a096261636b67726f756e642d636f6c6f723a20233132413345423b0a096261636b67726f756e642d696d6167653a2075726c28227b545f5448454d455f504154487d2f696d616765732f62675f6865616465722e67696622293b0a09636f6c6f723a20234646464646463b0a7d0a0a2e6e6176626172207b0a096261636b67726f756e642d636f6c6f723a20236361646365623b0a7d0a0a2e666f72616267207b0a096261636b67726f756e642d636f6c6f723a20233030373662313b0a096261636b67726f756e642d696d6167653a2075726c28227b545f5448454d455f504154487d2f696d616765732f62675f6c6973742e67696622293b0a7d0a0a2e666f72756d6267207b0a096261636b67726f756e642d636f6c6f723a20233132413345423b0a096261636b67726f756e642d696d6167653a2075726c28227b545f5448454d455f504154487d2f696d616765732f62675f6865616465722e67696622293b0a7d0a0a2e70616e656c207b0a096261636b67726f756e642d636f6c6f723a20234543463146333b0a09636f6c6f723a20233238333133463b0a7d0a0a2e706f73743a746172676574202e636f6e74656e74207b0a09636f6c6f723a20233030303030303b0a7d0a0a2e706f73743a7461726765742068332061207b0a09636f6c6f723a20233030303030303b0a7d0a0a2e626731097b206261636b67726f756e642d636f6c6f723a20234543463346373b207d0a2e626732097b206261636b67726f756e642d636f6c6f723a20236531656266323b20207d0a2e626733097b206261636b67726f756e642d636f6c6f723a20236361646365623b207d0a0a2e756370726f776267207b0a096261636b67726f756e642d636f6c6f723a20234443444545323b0a7d0a0a2e6669656c64736267207b0a096261636b67726f756e642d636f6c6f723a20234537453845413b0a7d0a0a7370616e2e636f726e6572732d746f70207b0a096261636b67726f756e642d696d6167653a2075726c28227b545f5448454d455f504154487d2f696d616765732f636f726e6572735f6c6566742e706e6722293b0a7d0a0a7370616e2e636f726e6572732d746f70207370616e207b0a096261636b67726f756e642d696d6167653a2075726c28227b545f5448454d455f504154487d2f696d616765732f636f726e6572735f72696768742e706e6722293b0a7d0a0a7370616e2e636f726e6572732d626f74746f6d207b0a096261636b67726f756e642d696d6167653a2075726c28227b545f5448454d455f504154487d2f696d616765732f636f726e6572735f6c6566742e706e6722293b0a7d0a0a7370616e2e636f726e6572732d626f74746f6d207370616e207b0a096261636b67726f756e642d696d6167653a2075726c28227b545f5448454d455f504154487d2f696d616765732f636f726e6572735f72696768742e706e6722293b0a7d0a0a2f2a20486f72697a6f6e74616c206c697374730a2d2d2d2d2d2d2d2d2d2d2d2d2d2d2d2d2d2d2d2d2d2d2d2d2d2d2d2d2d2d2d2d2d2d2d2d2d2d2d2d2a2f0a0a756c2e6e61766c696e6b73207b0a09626f726465722d626f74746f6d2d636f6c6f723a20234646464646463b0a7d0a0a2f2a205461626c65207374796c65730a2d2d2d2d2d2d2d2d2d2d2d2d2d2d2d2d2d2d2d2d2d2d2d2d2d2d2d2d2d2d2d2d2d2d2d2d2d2d2d2d2a2f0a7461626c652e7461626c6531207468656164207468207b0a09636f6c6f723a20234646464646463b0a7d0a0a7461626c652e7461626c65312074626f6479207472207b0a09626f726465722d636f6c6f723a20234246433143463b0a7d0a0a7461626c652e7461626c65312074626f64792074723a686f7665722c207461626c652e7461626c65312074626f64792074722e686f766572207b0a096261636b67726f756e642d636f6c6f723a20234346453146363b0a09636f6c6f723a20233030303b0a7d0a0a7461626c652e7461626c6531207464207b0a09636f6c6f723a20233533363438323b0a7d0a0a7461626c652e7461626c65312074626f6479207464207b0a09626f726465722d746f702d636f6c6f723a20234641464146413b0a7d0a0a7461626c652e7461626c65312074626f6479207468207b0a09626f726465722d626f74746f6d2d636f6c6f723a20233030303030303b0a09636f6c6f723a20233333333333333b0a096261636b67726f756e642d636f6c6f723a20234646464646463b0a7d0a0a7461626c652e696e666f2074626f6479207468207b0a09636f6c6f723a20233030303030303b0a7d0a0a2f2a204d697363206c61796f7574207374796c65730a2d2d2d2d2d2d2d2d2d2d2d2d2d2d2d2d2d2d2d2d2d2d2d2d2d2d2d2d2d2d2d2d2d2d2d2d2d2d2d2d202a2f0a646c2e64657461696c73206474207b0a09636f6c6f723a20233030303030303b0a7d0a0a646c2e64657461696c73206464207b0a09636f6c6f723a20233533363438323b0a7d0a0a2e736570207b0a09636f6c6f723a20233131393844393b0a7d0a0a2f2a20506167696e6174696f6e0a2d2d2d2d2d2d2d2d2d2d2d2d2d2d2d2d2d2d2d2d2d2d2d2d2d2d2d2d2d2d2d2d2d2d2d2d2d2d2d2d202a2f0a0a2e706167696e6174696f6e207370616e207374726f6e67207b0a09636f6c6f723a20234646464646463b0a096261636b67726f756e642d636f6c6f723a20233436393242463b0a09626f726465722d636f6c6f723a20233436393242463b0a7d0a0a2e706167696e6174696f6e207370616e20612c202e706167696e6174696f6e207370616e20613a6c696e6b2c202e706167696e6174696f6e207370616e20613a76697369746564207b0a09636f6c6f723a20233543373538433b0a096261636b67726f756e642d636f6c6f723a20234543454445453b0a09626f726465722d636f6c6f723a20234234424143303b0a7d0a0a2e706167696e6174696f6e207370616e20613a686f766572207b0a09626f726465722d636f6c6f723a20233336384144323b0a096261636b67726f756e642d636f6c6f723a20233336384144323b0a09636f6c6f723a20234646463b0a7d0a0a2e706167696e6174696f6e207370616e20613a616374697665207b0a09636f6c6f723a20233543373538433b0a096261636b67726f756e642d636f6c6f723a20234543454445453b0a09626f726465722d636f6c6f723a20234234424143303b0a7d0a0a2f2a20506167696e6174696f6e20696e2076696577666f72756d20666f72206d756c74697061676520746f70696373202a2f0a2e726f77202e706167696e6174696f6e207b0a096261636b67726f756e642d696d6167653a2075726c28227b545f5448454d455f504154487d2f696d616765732f69636f6e5f70616765732e67696622293b0a7d0a0a2e726f77202e706167696e6174696f6e207370616e20612c206c692e706167696e6174696f6e207370616e2061207b0a096261636b67726f756e642d636f6c6f723a20234646464646463b0a7d0a0a2e726f77202e706167696e6174696f6e207370616e20613a686f7665722c206c692e706167696e6174696f6e207370616e20613a686f766572207b0a096261636b67726f756e642d636f6c6f723a20233336384144323b0a7d0a0a2f2a204d697363656c6c616e656f7573207374796c65730a2d2d2d2d2d2d2d2d2d2d2d2d2d2d2d2d2d2d2d2d2d2d2d2d2d2d2d2d2d2d2d2d2d2d2d2d2d2d2d2d202a2f0a0a2e636f70797269676874207b0a09636f6c6f723a20233535353535353b0a7d0a0a2e6572726f72207b0a09636f6c6f723a20234243324134443b0a7d0a0a2e7265706f72746564207b0a096261636b67726f756e642d636f6c6f723a20234637454345463b0a7d0a0a6c692e7265706f727465643a686f766572207b0a096261636b67726f756e642d636f6c6f723a20234543443544382021696d706f7274616e743b0a7d0a2e737469636b792c202e616e6e6f756e6365207b0a092f2a20796f752063616e206164642061206261636b67726f756e6420666f7220737469636b69657320616e6420616e6e6f756e63656d656e74732a2f0a7d0a0a6469762e72756c6573207b0a096261636b67726f756e642d636f6c6f723a20234543443544383b0a09636f6c6f723a20234243324134443b0a7d0a0a702e72756c6573207b0a096261636b67726f756e642d636f6c6f723a20234543443544383b0a096261636b67726f756e642d696d6167653a206e6f6e653b0a7d0a0a2f2a2020090a2d2d2d2d2d2d2d2d2d2d2d2d2d2d2d2d2d2d2d2d2d2d2d2d2d2d2d2d2d2d2d2d2d2d2d2d2d2d2d2d2d2d2d2d2d2d2d2d2d2d2d2d2d2d2d2d2d2d2d2d2d2d0a436f6c6f75727320616e64206261636b67726f756e647320666f72206c696e6b732e6373730a2d2d2d2d2d2d2d2d2d2d2d2d2d2d2d2d2d2d2d2d2d2d2d2d2d2d2d2d2d2d2d2d2d2d2d2d2d2d2d2d2d2d2d2d2d2d2d2d2d2d2d2d2d2d2d2d2d2d2d2d2d2d202a2f0a0a613a6c696e6b097b20636f6c6f723a20233130353238393b207d0a613a76697369746564097b20636f6c6f723a20233130353238393b207d0a613a686f766572097b20636f6c6f723a20234433313134313b207d0a613a616374697665097b20636f6c6f723a20233336384144323b207d0a0a2f2a204c696e6b73206f6e206772616469656e74206261636b67726f756e6473202a2f0a237365617263682d626f7820613a6c696e6b2c202e6e6176626720613a6c696e6b2c202e666f72756d6267202e68656164657220613a6c696e6b2c202e666f72616267202e68656164657220613a6c696e6b2c20746820613a6c696e6b207b0a09636f6c6f723a20234646464646463b0a7d0a0a237365617263682d626f7820613a766973697465642c202e6e6176626720613a766973697465642c202e666f72756d6267202e68656164657220613a766973697465642c202e666f72616267202e68656164657220613a766973697465642c20746820613a76697369746564207b0a09636f6c6f723a20234646464646463b0a7d0a0a237365617263682d626f7820613a686f7665722c202e6e6176626720613a686f7665722c202e666f72756d6267202e68656164657220613a686f7665722c202e666f72616267202e68656164657220613a686f7665722c20746820613a686f766572207b0a09636f6c6f723a20234138443846463b0a7d0a0a237365617263682d626f7820613a6163746976652c202e6e6176626720613a6163746976652c202e666f72756d6267202e68656164657220613a6163746976652c202e666f72616267202e68656164657220613a6163746976652c20746820613a616374697665207b0a09636f6c6f723a20234338453646463b0a7d0a0a2f2a204c696e6b7320666f7220666f72756d2f746f706963206c69737473202a2f0a612e666f72756d7469746c65207b0a09636f6c6f723a20233130353238393b0a7d0a0a2f2a20612e666f72756d7469746c653a76697369746564207b20636f6c6f723a20233130353238393b207d202a2f0a0a612e666f72756d7469746c653a686f766572207b0a09636f6c6f723a20234243324134443b0a7d0a0a612e666f72756d7469746c653a616374697665207b0a09636f6c6f723a20233130353238393b0a7d0a0a612e746f7069637469746c65207b0a09636f6c6f723a20233130353238393b0a7d0a0a2f2a20612e746f7069637469746c653a76697369746564207b20636f6c6f723a20233336384144323b207d202a2f0a0a612e746f7069637469746c653a686f766572207b0a09636f6c6f723a20234243324134443b0a7d0a0a612e746f7069637469746c653a616374697665207b0a09636f6c6f723a20233130353238393b0a7d0a0a2f2a20506f737420626f6479206c696e6b73202a2f0a2e706f73746c696e6b207b0a09636f6c6f723a20233336384144323b0a09626f726465722d626f74746f6d2d636f6c6f723a20233336384144323b0a7d0a0a2e706f73746c696e6b3a76697369746564207b0a09636f6c6f723a20233544384642443b0a09626f726465722d626f74746f6d2d636f6c6f723a20233544384642443b0a7d0a0a2e706f73746c696e6b3a616374697665207b0a09636f6c6f723a20233336384144323b0a7d0a0a2e706f73746c696e6b3a686f766572207b0a096261636b67726f756e642d636f6c6f723a20234430453446363b0a09636f6c6f723a20233044343437333b0a7d0a0a2e7369676e617475726520612c202e7369676e617475726520613a766973697465642c202e7369676e617475726520613a686f7665722c202e7369676e617475726520613a616374697665207b0a096261636b67726f756e642d636f6c6f723a207472616e73706172656e743b0a7d0a0a2f2a2050726f66696c65206c696e6b73202a2f0a2e706f737470726f66696c6520613a6c696e6b2c202e706f737470726f66696c6520613a766973697465642c202e706f737470726f66696c652064742e617574686f722061207b0a09636f6c6f723a20233130353238393b0a7d0a0a2e706f737470726f66696c6520613a686f7665722c202e706f737470726f66696c652064742e617574686f7220613a686f766572207b0a09636f6c6f723a20234433313134313b0a7d0a0a2e706f737470726f66696c6520613a616374697665207b0a09636f6c6f723a20233130353238393b0a7d0a0a2f2a2050726f66696c6520736561726368726573756c7473202a2f090a2e736561726368202e706f737470726f66696c652061207b0a09636f6c6f723a20233130353238393b0a7d0a0a2e736561726368202e706f737470726f66696c6520613a686f766572207b0a09636f6c6f723a20234433313134313b0a7d0a0a2f2a204261636b20746f20746f70206f662070616765202a2f0a612e746f70207b0a096261636b67726f756e642d696d6167653a2075726c28227b494d475f49434f4e5f4241434b5f544f505f5352437d22293b0a7d0a0a612e746f7032207b0a096261636b67726f756e642d696d6167653a2075726c28227b494d475f49434f4e5f4241434b5f544f505f5352437d22293b0a7d0a0a2f2a204172726f77206c696e6b7320202a2f0a612e757009097b206261636b67726f756e642d696d6167653a2075726c28227b545f5448454d455f504154487d2f696d616765732f6172726f775f75702e6769662229207d0a612e646f776e09097b206261636b67726f756e642d696d6167653a2075726c28227b545f5448454d455f504154487d2f696d616765732f6172726f775f646f776e2e6769662229207d0a612e6c65667409097b206261636b67726f756e642d696d6167653a2075726c28227b545f5448454d455f504154487d2f696d616765732f6172726f775f6c6566742e6769662229207d0a612e726967687409097b206261636b67726f756e642d696d6167653a2075726c28227b545f5448454d455f504154487d2f696d616765732f6172726f775f72696768742e6769662229207d0a0a612e75703a686f766572207b0a096261636b67726f756e642d636f6c6f723a207472616e73706172656e743b0a7d0a0a612e6c6566743a686f766572207b0a09636f6c6f723a20233336384144323b0a7d0a0a612e72696768743a686f766572207b0a09636f6c6f723a20233336384144323b0a7d0a0a0a2f2a2020090a2d2d2d2d2d2d2d2d2d2d2d2d2d2d2d2d2d2d2d2d2d2d2d2d2d2d2d2d2d2d2d2d2d2d2d2d2d2d2d2d2d2d2d2d2d2d2d2d2d2d2d2d2d2d2d2d2d2d2d2d2d2d0a436f6c6f75727320616e64206261636b67726f756e647320666f7220636f6e74656e742e6373730a2d2d2d2d2d2d2d2d2d2d2d2d2d2d2d2d2d2d2d2d2d2d2d2d2d2d2d2d2d2d2d2d2d2d2d2d2d2d2d2d2d2d2d2d2d2d2d2d2d2d2d2d2d2d2d2d2d2d2d2d2d2d202a2f0a0a756c2e666f72756d73207b0a096261636b67726f756e642d636f6c6f723a20236565663566393b0a096261636b67726f756e642d696d6167653a2075726c28227b545f5448454d455f504154487d2f696d616765732f6772616469656e742e67696622293b0a7d0a0a756c2e746f7069636c697374206c69207b0a09636f6c6f723a20233443354437373b0a7d0a0a756c2e746f7069636c697374206464207b0a09626f726465722d6c6566742d636f6c6f723a20234646464646463b0a7d0a0a2e72746c20756c2e746f7069636c697374206464207b0a09626f726465722d72696768742d636f6c6f723a20236666663b0a09626f726465722d6c6566742d636f6c6f723a207472616e73706172656e743b0a7d0a0a756c2e746f7069636c697374206c692e726f7720647420612e737562666f72756d2e72656164207b0a096261636b67726f756e642d696d6167653a2075726c28227b494d475f535542464f52554d5f524541445f5352437d22293b0a7d0a0a756c2e746f7069636c697374206c692e726f7720647420612e737562666f72756d2e756e72656164207b0a096261636b67726f756e642d696d6167653a2075726c28227b494d475f535542464f52554d5f554e524541445f5352437d22293b0a7d0a0a6c692e726f77207b0a09626f726465722d746f702d636f6c6f723a2020234646464646463b0a09626f726465722d626f74746f6d2d636f6c6f723a20233030363038463b0a7d0a0a6c692e726f77207374726f6e67207b0a09636f6c6f723a20233030303030303b0a7d0a0a6c692e726f773a686f766572207b0a096261636b67726f756e642d636f6c6f723a20234636463444303b0a7d0a0a6c692e726f773a686f766572206464207b0a09626f726465722d6c6566742d636f6c6f723a20234343434343433b0a7d0a0a2e72746c206c692e726f773a686f766572206464207b0a09626f726465722d72696768742d636f6c6f723a20234343434343433b0a09626f726465722d6c6566742d636f6c6f723a207472616e73706172656e743b0a7d0a0a6c692e6865616465722064742c206c692e686561646572206464207b0a09636f6c6f723a20234646464646463b0a7d0a0a2f2a20466f72756d206c69737420636f6c756d6e207374796c6573202a2f0a756c2e746f7069636c6973742064642e7365617263686578747261207b0a09636f6c6f723a20233333333333333b0a7d0a0a2f2a20506f737420626f6479207374796c65730a2d2d2d2d2d2d2d2d2d2d2d2d2d2d2d2d2d2d2d2d2d2d2d2d2d2d2d2d2d2d2d2d2d2d2d2d2d2d2d2d2a2f0a2e706f7374626f6479207b0a09636f6c6f723a20233333333333333b0a7d0a0a2f2a20436f6e74656e7420636f6e7461696e6572207374796c65730a2d2d2d2d2d2d2d2d2d2d2d2d2d2d2d2d2d2d2d2d2d2d2d2d2d2d2d2d2d2d2d2d2d2d2d2d2d2d2d2d2a2f0a2e636f6e74656e74207b0a09636f6c6f723a20233333333333333b0a7d0a0a2e636f6e74656e742068322c202e70616e656c206832207b0a09636f6c6f723a20233131353039383b0a09626f726465722d626f74746f6d2d636f6c6f723a2020234343434343433b0a7d0a0a646c2e666171206474207b0a09636f6c6f723a20233333333333333b0a7d0a0a2e706f737468696c6974207b0a096261636b67726f756e642d636f6c6f723a20234633424643433b0a09636f6c6f723a20234243324134443b0a7d0a0a2f2a20506f7374207369676e6174757265202a2f0a2e7369676e6174757265207b0a09626f726465722d746f702d636f6c6f723a20234343434343433b0a7d0a0a2f2a20506f7374206e6f746963696573202a2f0a2e6e6f74696365207b0a09626f726465722d746f702d636f6c6f723a2020234343434343433b0a7d0a0a2f2a20424220436f6465207374796c65730a2d2d2d2d2d2d2d2d2d2d2d2d2d2d2d2d2d2d2d2d2d2d2d2d2d2d2d2d2d2d2d2d2d2d2d2d2d2d2d2d2a2f0a2f2a2051756f746520626c6f636b202a2f0a626c6f636b71756f7465207b0a096261636b67726f756e642d636f6c6f723a20234542454144443b0a096261636b67726f756e642d696d6167653a2075726c28227b545f5448454d455f504154487d2f696d616765732f71756f74652e67696622293b0a09626f726465722d636f6c6f723a234442444243453b0a7d0a0a2e72746c20626c6f636b71756f7465207b0a096261636b67726f756e642d696d6167653a2075726c28227b545f5448454d455f504154487d2f696d616765732f71756f74655f72746c2e67696622293b0a7d0a0a626c6f636b71756f746520626c6f636b71756f7465207b0a092f2a204e65737465642071756f746573202a2f0a096261636b67726f756e642d636f6c6f723a234546454544393b0a7d0a0a626c6f636b71756f746520626c6f636b71756f746520626c6f636b71756f7465207b0a092f2a204e65737465642071756f746573202a2f0a096261636b67726f756e642d636f6c6f723a20234542454144443b0a7d0a0a2f2a20436f646520626c6f636b202a2f0a646c2e636f6465626f78207b0a096261636b67726f756e642d636f6c6f723a20234646464646463b0a09626f726465722d636f6c6f723a20234339443244383b0a7d0a0a646c2e636f6465626f78206474207b0a09626f726465722d626f74746f6d2d636f6c6f723a2020234343434343433b0a7d0a0a646c2e636f6465626f7820636f6465207b0a09636f6c6f723a20233245384235373b0a7d0a0a2e73796e746178626709097b20636f6c6f723a20234646464646463b207d0a2e73796e746178636f6d6d656e74097b20636f6c6f723a20234646383030303b207d0a2e73796e74617864656661756c74097b20636f6c6f723a20233030303042423b207d0a2e73796e74617868746d6c09097b20636f6c6f723a20233030303030303b207d0a2e73796e7461786b6579776f7264097b20636f6c6f723a20233030373730303b207d0a2e73796e746178737472696e67097b20636f6c6f723a20234444303030303b207d0a0a2f2a204174746163686d656e74730a2d2d2d2d2d2d2d2d2d2d2d2d2d2d2d2d2d2d2d2d2d2d2d2d2d2d2d2d2d2d2d2d2d2d2d2d2d2d2d2d2a2f0a2e617474616368626f78207b0a096261636b67726f756e642d636f6c6f723a20234646464646463b0a09626f726465722d636f6c6f723a2020234339443244383b0a7d0a0a2e706d2d6d657373616765202e617474616368626f78207b0a096261636b67726f756e642d636f6c6f723a20234632463346333b0a7d0a0a2e617474616368626f78206464207b0a09626f726465722d746f702d636f6c6f723a20234339443244383b0a7d0a0a2e617474616368626f782070207b0a09636f6c6f723a20233636363636363b0a7d0a0a2e617474616368626f7820702e7374617473207b0a09636f6c6f723a20233636363636363b0a7d0a0a2e6174746163682d696d61676520696d67207b0a09626f726465722d636f6c6f723a20233939393939393b0a7d0a0a2f2a20496e6c696e6520696d616765207468756d626e61696c73202a2f0a0a646c2e66696c65206464207b0a09636f6c6f723a20233636363636363b0a7d0a0a646c2e7468756d626e61696c20696d67207b0a09626f726465722d636f6c6f723a20233636363636363b0a096261636b67726f756e642d636f6c6f723a20234646464646463b0a7d0a0a646c2e7468756d626e61696c206464207b0a09636f6c6f723a20233636363636363b0a7d0a0a646c2e7468756d626e61696c20647420613a686f766572207b0a096261636b67726f756e642d636f6c6f723a20234545454545453b0a7d0a0a646c2e7468756d626e61696c20647420613a686f76657220696d67207b0a09626f726465722d636f6c6f723a20233336384144323b0a7d0a0a2f2a20506f737420706f6c6c207374796c65730a2d2d2d2d2d2d2d2d2d2d2d2d2d2d2d2d2d2d2d2d2d2d2d2d2d2d2d2d2d2d2d2d2d2d2d2d2d2d2d2d2a2f0a0a6669656c647365742e706f6c6c7320646c207b0a09626f726465722d746f702d636f6c6f723a20234443444545323b0a09636f6c6f723a20233636363636363b0a7d0a0a6669656c647365742e706f6c6c7320646c2e766f746564207b0a09636f6c6f723a20233030303030303b0a7d0a0a6669656c647365742e706f6c6c7320646420646976207b0a09636f6c6f723a20234646464646463b0a7d0a0a2e72746c202e706f6c6c626172312c202e72746c202e706f6c6c626172322c202e72746c202e706f6c6c626172332c202e72746c202e706f6c6c626172342c202e72746c202e706f6c6c62617235207b0a09626f726465722d72696768742d636f6c6f723a207472616e73706172656e743b0a7d0a0a2e706f6c6c62617231207b0a096261636b67726f756e642d636f6c6f723a20234141323334363b0a09626f726465722d626f74746f6d2d636f6c6f723a20233734313632433b0a09626f726465722d72696768742d636f6c6f723a20233734313632433b0a7d0a0a2e72746c202e706f6c6c62617231207b0a09626f726465722d6c6566742d636f6c6f723a20233734313632433b0a7d0a0a2e706f6c6c62617232207b0a096261636b67726f756e642d636f6c6f723a20234245314534413b0a09626f726465722d626f74746f6d2d636f6c6f723a20233843314333383b0a09626f726465722d72696768742d636f6c6f723a20233843314333383b0a7d0a0a2e72746c202e706f6c6c62617232207b0a09626f726465722d6c6566742d636f6c6f723a20233843314333383b0a7d0a0a2e706f6c6c62617233207b0a096261636b67726f756e642d636f6c6f723a20234431314134453b0a09626f726465722d626f74746f6d2d636f6c6f723a20234141323334363b0a09626f726465722d72696768742d636f6c6f723a20234141323334363b0a7d0a0a2e72746c202e706f6c6c62617233207b0a09626f726465722d6c6566742d636f6c6f723a20234141323334363b0a7d0a0a2e706f6c6c62617234207b0a096261636b67726f756e642d636f6c6f723a20234534313635333b0a09626f726465722d626f74746f6d2d636f6c6f723a20234245314534413b0a09626f726465722d72696768742d636f6c6f723a20234245314534413b0a7d0a0a2e72746c202e706f6c6c62617234207b0a09626f726465722d6c6566742d636f6c6f723a20234245314534413b0a7d0a0a2e706f6c6c62617235207b0a096261636b67726f756e642d636f6c6f723a20234638313135373b0a09626f726465722d626f74746f6d2d636f6c6f723a20234431314134453b0a09626f726465722d72696768742d636f6c6f723a20234431314134453b0a7d0a0a2e72746c202e706f6c6c62617235207b0a09626f726465722d6c6566742d636f6c6f723a20234431314134453b0a7d0a0a2f2a20506f737465722070726f66696c6520626c6f636b0a2d2d2d2d2d2d2d2d2d2d2d2d2d2d2d2d2d2d2d2d2d2d2d2d2d2d2d2d2d2d2d2d2d2d2d2d2d2d2d2d2a2f0a2e706f737470726f66696c65207b0a09636f6c6f723a20233636363636363b0a09626f726465722d6c6566742d636f6c6f723a20234646464646463b0a7d0a0a2e72746c202e706f737470726f66696c65207b0a09626f726465722d72696768742d636f6c6f723a20234646464646463b0a09626f726465722d6c6566742d636f6c6f723a207472616e73706172656e743b0a7d0a0a2e706d202e706f737470726f66696c65207b0a09626f726465722d6c6566742d636f6c6f723a20234444444444443b0a7d0a0a2e72746c202e706d202e706f737470726f66696c65207b0a09626f726465722d72696768742d636f6c6f723a20234444444444443b0a09626f726465722d6c6566742d636f6c6f723a207472616e73706172656e743b0a7d0a0a2e706f737470726f66696c65207374726f6e67207b0a09636f6c6f723a20233030303030303b0a7d0a0a2e6f6e6c696e65207b0a096261636b67726f756e642d696d6167653a2075726c28227b494d475f49434f4e5f555345525f4f4e4c494e455f5352437d22293b0a7d0a0a2f2a2020090a2d2d2d2d2d2d2d2d2d2d2d2d2d2d2d2d2d2d2d2d2d2d2d2d2d2d2d2d2d2d2d2d2d2d2d2d2d2d2d2d2d2d2d2d2d2d2d2d2d2d2d2d2d2d2d2d2d2d2d2d2d2d0a436f6c6f75727320616e64206261636b67726f756e647320666f7220627574746f6e732e6373730a2d2d2d2d2d2d2d2d2d2d2d2d2d2d2d2d2d2d2d2d2d2d2d2d2d2d2d2d2d2d2d2d2d2d2d2d2d2d2d2d2d2d2d2d2d2d2d2d2d2d2d2d2d2d2d2d2d2d2d2d2d2d202a2f0a0a2f2a2042696720627574746f6e20696d61676573202a2f0a2e7265706c792d69636f6e207370616e097b206261636b67726f756e642d696d6167653a2075726c28227b494d475f425554544f4e5f544f5049435f5245504c595f5352437d22293b207d0a2e706f73742d69636f6e207370616e09097b206261636b67726f756e642d696d6167653a2075726c28227b494d475f425554544f4e5f544f5049435f4e45575f5352437d22293b207d0a2e6c6f636b65642d69636f6e207370616e097b206261636b67726f756e642d696d6167653a2075726c28227b494d475f425554544f4e5f544f5049435f4c4f434b45445f5352437d22293b207d0a2e706d7265706c792d69636f6e207370616e097b206261636b67726f756e642d696d6167653a2075726c28227b494d475f425554544f4e5f504d5f5245504c595f5352437d2229203b7d0a2e6e6577706d2d69636f6e207370616e20097b206261636b67726f756e642d696d6167653a2075726c28227b494d475f425554544f4e5f504d5f4e45575f5352437d2229203b7d0a2e666f7277617264706d2d69636f6e207370616e097b206261636b67726f756e642d696d6167653a2075726c28227b494d475f425554544f4e5f504d5f464f52574152445f5352437d2229203b7d0a0a612e7072696e74207b0a096261636b67726f756e642d696d6167653a2075726c28227b545f5448454d455f504154487d2f696d616765732f69636f6e5f7072696e742e67696622293b0a7d0a0a612e73656e64656d61696c207b0a096261636b67726f756e642d696d6167653a2075726c28227b545f5448454d455f504154487d2f696d616765732f69636f6e5f73656e64656d61696c2e67696622293b0a7d0a0a612e666f6e7473697a65207b0a096261636b67726f756e642d696d6167653a2075726c28227b545f5448454d455f504154487d2f696d616765732f69636f6e5f666f6e7473697a652e67696622293b0a7d0a0a2f2a2049636f6e20696d616765730a2d2d2d2d2d2d2d2d2d2d2d2d2d2d2d2d2d2d2d2d2d2d2d2d2d2d2d2d2d2d2d2d2d2d2d2d2d2d2d2d202a2f0a2e73697465686f6d650909090909097b206261636b67726f756e642d696d6167653a2075726c28227b545f5448454d455f504154487d2f696d616765732f69636f6e5f686f6d652e67696622293b207d0a2e69636f6e2d6661710909090909097b206261636b67726f756e642d696d6167653a2075726c28227b545f5448454d455f504154487d2f696d616765732f69636f6e5f6661712e67696622293b207d0a2e69636f6e2d6d656d6265727309090909097b206261636b67726f756e642d696d6167653a2075726c28227b545f5448454d455f504154487d2f696d616765732f69636f6e5f6d656d626572732e67696622293b207d0a2e69636f6e2d686f6d650909090909097b206261636b67726f756e642d696d6167653a2075726c28227b545f5448454d455f504154487d2f696d616765732f69636f6e5f686f6d652e67696622293b207d0a2e69636f6e2d7563700909090909097b206261636b67726f756e642d696d6167653a2075726c28227b545f5448454d455f504154487d2f696d616765732f69636f6e5f7563702e67696622293b207d0a2e69636f6e2d726567697374657209090909097b206261636b67726f756e642d696d6167653a2075726c28227b545f5448454d455f504154487d2f696d616765732f69636f6e5f72656769737465722e67696622293b207d0a2e69636f6e2d6c6f676f757409090909097b206261636b67726f756e642d696d6167653a2075726c28227b545f5448454d455f504154487d2f696d616765732f69636f6e5f6c6f676f75742e67696622293b207d0a2e69636f6e2d626f6f6b6d61726b09090909097b206261636b67726f756e642d696d6167653a2075726c28227b545f5448454d455f504154487d2f696d616765732f69636f6e5f626f6f6b6d61726b2e67696622293b207d0a2e69636f6e2d62756d700909090909097b206261636b67726f756e642d696d6167653a2075726c28227b545f5448454d455f504154487d2f696d616765732f69636f6e5f62756d702e67696622293b207d0a2e69636f6e2d73756273637269626509090909097b206261636b67726f756e642d696d6167653a2075726c28227b545f5448454d455f504154487d2f696d616765732f69636f6e5f7375627363726962652e67696622293b207d0a2e69636f6e2d756e737562736372696265090909097b206261636b67726f756e642d696d6167653a2075726c28227b545f5448454d455f504154487d2f696d616765732f69636f6e5f756e7375627363726962652e67696622293b207d0a2e69636f6e2d70616765730909090909097b206261636b67726f756e642d696d6167653a2075726c28227b545f5448454d455f504154487d2f696d616765732f69636f6e5f70616765732e67696622293b207d0a2e69636f6e2d73656172636809090909097b206261636b67726f756e642d696d6167653a2075726c28227b545f5448454d455f504154487d2f696d616765732f69636f6e5f7365617263682e67696622293b207d0a0a2f2a2050726f66696c652026206e617669676174696f6e2069636f6e73202a2f0a2e656d61696c2d69636f6e2c202e656d61696c2d69636f6e206109097b206261636b67726f756e642d696d6167653a2075726c28227b494d475f49434f4e5f434f4e544143545f454d41494c5f5352437d22293b207d0a2e61696d2d69636f6e2c202e61696d2d69636f6e20610909097b206261636b67726f756e642d696d6167653a2075726c28227b494d475f49434f4e5f434f4e544143545f41494d5f5352437d22293b207d0a2e7961686f6f2d69636f6e2c202e7961686f6f2d69636f6e206109097b206261636b67726f756e642d696d6167653a2075726c28227b494d475f49434f4e5f434f4e544143545f5941484f4f5f5352437d22293b207d0a2e7765622d69636f6e2c202e7765622d69636f6e20610909097b206261636b67726f756e642d696d6167653a2075726c28227b494d475f49434f4e5f434f4e544143545f5757575f5352437d22293b207d0a2e6d736e6d2d69636f6e2c202e6d736e6d2d69636f6e20610909097b206261636b67726f756e642d696d6167653a2075726c28227b494d475f49434f4e5f434f4e544143545f4d534e4d5f5352437d22293b207d0a2e6963712d69636f6e2c202e6963712d69636f6e20610909097b206261636b67726f756e642d696d6167653a2075726c28227b494d475f49434f4e5f434f4e544143545f4943515f5352437d22293b207d0a2e6a61626265722d69636f6e2c202e6a61626265722d69636f6e206109097b206261636b67726f756e642d696d6167653a2075726c28227b494d475f49434f4e5f434f4e544143545f4a41424245525f5352437d22293b207d0a2e706d2d69636f6e2c202e706d2d69636f6e2061090909097b206261636b67726f756e642d696d6167653a2075726c28227b494d475f49434f4e5f434f4e544143545f504d5f5352437d22293b207d0a2e71756f74652d69636f6e2c202e71756f74652d69636f6e206109097b206261636b67726f756e642d696d6167653a2075726c28227b494d475f49434f4e5f504f53545f51554f54455f5352437d22293b207d0a0a2f2a204d6f64657261746f722069636f6e73202a2f0a2e7265706f72742d69636f6e2c202e7265706f72742d69636f6e206109097b206261636b67726f756e642d696d6167653a2075726c28227b494d475f49434f4e5f504f53545f5245504f52545f5352437d22293b207d0a2e656469742d69636f6e2c202e656469742d69636f6e20610909097b206261636b67726f756e642d696d6167653a2075726c28227b494d475f49434f4e5f504f53545f454449545f5352437d22293b207d0a2e64656c6574652d69636f6e2c202e64656c6574652d69636f6e206109097b206261636b67726f756e642d696d6167653a2075726c28227b494d475f49434f4e5f504f53545f44454c4554455f5352437d22293b207d0a2e696e666f2d69636f6e2c202e696e666f2d69636f6e20610909097b206261636b67726f756e642d696d6167653a2075726c28227b494d475f49434f4e5f504f53545f494e464f5f5352437d22293b207d0a2e7761726e2d69636f6e2c202e7761726e2d69636f6e20610909097b206261636b67726f756e642d696d6167653a2075726c28227b494d475f49434f4e5f555345525f5741524e5f5352437d22293b207d202f2a204e6565642075706461746564207761726e2069636f6e202a2f0a0a2f2a2020090a2d2d2d2d2d2d2d2d2d2d2d2d2d2d2d2d2d2d2d2d2d2d2d2d2d2d2d2d2d2d2d2d2d2d2d2d2d2d2d2d2d2d2d2d2d2d2d2d2d2d2d2d2d2d2d2d2d2d2d2d2d2d0a436f6c6f75727320616e64206261636b67726f756e647320666f722063702e6373730a2d2d2d2d2d2d2d2d2d2d2d2d2d2d2d2d2d2d2d2d2d2d2d2d2d2d2d2d2d2d2d2d2d2d2d2d2d2d2d2d2d2d2d2d2d2d2d2d2d2d2d2d2d2d2d2d2d2d2d2d2d2d202a2f0a0a2f2a204d61696e20435020626f780a2d2d2d2d2d2d2d2d2d2d2d2d2d2d2d2d2d2d2d2d2d2d2d2d2d2d2d2d2d2d2d2d2d2d2d2d2d2d2d2d2a2f0a0a2363702d6d61696e2068332c202363702d6d61696e2068722c202363702d6d656e75206872207b0a09626f726465722d636f6c6f723a20234134423342463b0a7d0a0a2363702d6d61696e202e70616e656c206c692e726f77207b0a09626f726465722d626f74746f6d2d636f6c6f723a20234235433143423b0a09626f726465722d746f702d636f6c6f723a20234639463946393b0a7d0a0a756c2e63706c697374207b0a09626f726465722d746f702d636f6c6f723a20234235433143423b0a7d0a0a2363702d6d61696e202e70616e656c206c692e6865616465722064642c202363702d6d61696e202e70616e656c206c692e686561646572206474207b0a09636f6c6f723a20233030303030303b0a7d0a0a2363702d6d61696e207461626c652e7461626c6531207468656164207468207b0a09636f6c6f723a20233333333333333b0a09626f726465722d626f74746f6d2d636f6c6f723a20233333333333333b0a7d0a0a2363702d6d61696e202e706d2d6d657373616765207b0a09626f726465722d636f6c6f723a20234442444545323b0a096261636b67726f756e642d636f6c6f723a20234646464646463b0a7d0a0a2f2a20435020746162626564206d656e750a2d2d2d2d2d2d2d2d2d2d2d2d2d2d2d2d2d2d2d2d2d2d2d2d2d2d2d2d2d2d2d2d2d2d2d2d2d2d2d2d2a2f0a23746162732061207b0a096261636b67726f756e642d696d6167653a2075726c28227b545f5448454d455f504154487d2f696d616765732f62675f74616273312e67696622293b0a7d0a0a23746162732061207370616e207b0a096261636b67726f756e642d696d6167653a2075726c28227b545f5448454d455f504154487d2f696d616765732f62675f74616273322e67696622293b0a09636f6c6f723a20233533363438323b0a7d0a0a237461627320613a686f766572207370616e207b0a09636f6c6f723a20234243324134443b0a7d0a0a2374616273202e6163746976657461622061207b0a09626f726465722d626f74746f6d2d636f6c6f723a20234341444345423b0a7d0a0a2374616273202e6163746976657461622061207370616e207b0a09636f6c6f723a20233333333333333b0a7d0a0a2374616273202e61637469766574616220613a686f766572207370616e207b0a09636f6c6f723a20233030303030303b0a7d0a0a2f2a204d696e6920746162626564206d656e75207573656420696e204d43500a2d2d2d2d2d2d2d2d2d2d2d2d2d2d2d2d2d2d2d2d2d2d2d2d2d2d2d2d2d2d2d2d2d2d2d2d2d2d2d2d2a2f0a236d696e6974616273206c69207b0a096261636b67726f756e642d636f6c6f723a20234531454246323b0a7d0a0a236d696e6974616273206c692e616374697665746162207b0a096261636b67726f756e642d636f6c6f723a20234639463946393b0a7d0a0a236d696e6974616273206c692e61637469766574616220612c20236d696e6974616273206c692e61637469766574616220613a686f766572207b0a09636f6c6f723a20233333333333333b0a7d0a0a2f2a20554350206e617669676174696f6e206d656e750a2d2d2d2d2d2d2d2d2d2d2d2d2d2d2d2d2d2d2d2d2d2d2d2d2d2d2d2d2d2d2d2d2d2d2d2d2d2d2d2d2a2f0a0a2f2a204c696e6b207374796c657320666f7220746865207375622d73656374696f6e206c696e6b73202a2f0a236e617669676174696f6e2061207b0a09636f6c6f723a20233333333b0a096261636b67726f756e642d636f6c6f723a20234232433243463b0a096261636b67726f756e642d696d6167653a2075726c28227b545f5448454d455f504154487d2f696d616765732f62675f6d656e752e67696622293b0a7d0a0a2e72746c20236e617669676174696f6e2061207b0a096261636b67726f756e642d696d6167653a2075726c28227b545f5448454d455f504154487d2f696d616765732f62675f6d656e755f72746c2e67696622293b0a096261636b67726f756e642d706f736974696f6e3a203020313030253b0a7d0a0a236e617669676174696f6e20613a686f766572207b0a096261636b67726f756e642d696d6167653a206e6f6e653b0a096261636b67726f756e642d636f6c6f723a20236161626163363b0a09636f6c6f723a20234243324134443b0a7d0a0a236e617669676174696f6e20236163746976652d73756273656374696f6e2061207b0a09636f6c6f723a20234433313134313b0a096261636b67726f756e642d636f6c6f723a20234639463946393b0a096261636b67726f756e642d696d6167653a206e6f6e653b0a7d0a0a236e617669676174696f6e20236163746976652d73756273656374696f6e20613a686f766572207b0a09636f6c6f723a20234433313134313b0a7d0a0a2f2a20507265666572656e6365732070616e65206c61796f75740a2d2d2d2d2d2d2d2d2d2d2d2d2d2d2d2d2d2d2d2d2d2d2d2d2d2d2d2d2d2d2d2d2d2d2d2d2d2d2d2d2a2f0a2363702d6d61696e206832207b0a09636f6c6f723a20233333333333333b0a7d0a0a2363702d6d61696e202e70616e656c207b0a096261636b67726f756e642d636f6c6f723a20234639463946393b0a7d0a0a2363702d6d61696e202e706d207b0a096261636b67726f756e642d636f6c6f723a20234646464646463b0a7d0a0a2363702d6d61696e207370616e2e636f726e6572732d746f702c202363702d6d656e75207370616e2e636f726e6572732d746f70207b0a096261636b67726f756e642d696d6167653a2075726c28227b545f5448454d455f504154487d2f696d616765732f636f726e6572735f6c656674322e67696622293b0a7d0a0a2363702d6d61696e207370616e2e636f726e6572732d746f70207370616e2c202363702d6d656e75207370616e2e636f726e6572732d746f70207370616e207b0a096261636b67726f756e642d696d6167653a2075726c28227b545f5448454d455f504154487d2f696d616765732f636f726e6572735f7269676874322e67696622293b0a7d0a0a2363702d6d61696e207370616e2e636f726e6572732d626f74746f6d2c202363702d6d656e75207370616e2e636f726e6572732d626f74746f6d207b0a096261636b67726f756e642d696d6167653a2075726c28227b545f5448454d455f504154487d2f696d616765732f636f726e6572735f6c656674322e67696622293b0a7d0a0a2363702d6d61696e207370616e2e636f726e6572732d626f74746f6d207370616e2c202363702d6d656e75207370616e2e636f726e6572732d626f74746f6d207370616e207b0a096261636b67726f756e642d696d6167653a2075726c28227b545f5448454d455f504154487d2f696d616765732f636f726e6572735f7269676874322e67696622293b0a7d0a0a2f2a20546f706963726576696577202a2f0a2363702d6d61696e202e70616e656c2023746f706963726576696577207370616e2e636f726e6572732d746f702c202363702d6d656e75202e70616e656c2023746f706963726576696577207370616e2e636f726e6572732d746f70207b0a096261636b67726f756e642d696d6167653a2075726c28227b545f5448454d455f504154487d2f696d616765732f636f726e6572735f6c6566742e67696622293b0a7d0a0a2363702d6d61696e202e70616e656c2023746f706963726576696577207370616e2e636f726e6572732d746f70207370616e2c202363702d6d656e75202e70616e656c2023746f706963726576696577207370616e2e636f726e6572732d746f70207370616e207b0a096261636b67726f756e642d696d6167653a2075726c28227b545f5448454d455f504154487d2f696d616765732f636f726e6572735f72696768742e67696622293b0a7d0a0a2363702d6d61696e202e70616e656c2023746f706963726576696577207370616e2e636f726e6572732d626f74746f6d2c202363702d6d656e75202e70616e656c2023746f706963726576696577207370616e2e636f726e6572732d626f74746f6d207b0a096261636b67726f756e642d696d6167653a2075726c28227b545f5448454d455f504154487d2f696d616765732f636f726e6572735f6c6566742e67696622293b0a7d0a0a2363702d6d61696e202e70616e656c2023746f706963726576696577207370616e2e636f726e6572732d626f74746f6d207370616e2c202363702d6d656e75202e70616e656c2023746f706963726576696577207370616e2e636f726e6572732d626f74746f6d207370616e207b0a096261636b67726f756e642d696d6167653a2075726c28227b545f5448454d455f504154487d2f696d616765732f636f726e6572735f72696768742e67696622293b0a7d0a0a2f2a20467269656e6473206c697374202a2f0a2e63702d6d696e69207b0a096261636b67726f756e642d636f6c6f723a20236565663566393b0a7d0a0a646c2e6d696e69206474207b0a09636f6c6f723a20233432353036373b0a7d0a0a2f2a20504d205374796c65730a2d2d2d2d2d2d2d2d2d2d2d2d2d2d2d2d2d2d2d2d2d2d2d2d2d2d2d2d2d2d2d2d2d2d2d2d2d2d2d2d2a2f0a2f2a20504d204d65737361676520686973746f7279202a2f0a2e63757272656e74207b0a09636f6c6f723a20233030303030302021696d706f7274616e743b0a7d0a0a2f2a20504d206d61726b696e6720636f6c6f757273202a2f0a2e706d6c697374206c692e706d5f6d6573736167655f7265706f727465645f636f6c6f75722c202e706d5f6d6573736167655f7265706f727465645f636f6c6f7572207b0a09626f726465722d6c6566742d636f6c6f723a20234243324134443b0a09626f726465722d72696768742d636f6c6f723a20234243324134443b0a7d0a0a2e706d6c697374206c692e706d5f6d61726b65645f636f6c6f75722c202e706d5f6d61726b65645f636f6c6f7572207b0a09626f726465722d636f6c6f723a20234646363630303b0a7d0a0a2e706d6c697374206c692e706d5f7265706c6965645f636f6c6f75722c202e706d5f7265706c6965645f636f6c6f7572207b0a09626f726465722d636f6c6f723a20234139423843323b0a7d0a0a2e706d6c697374206c692e706d5f667269656e645f636f6c6f75722c202e706d5f667269656e645f636f6c6f7572207b0a09626f726465722d636f6c6f723a20233544384642443b0a7d0a0a2e706d6c697374206c692e706d5f666f655f636f6c6f75722c202e706d5f666f655f636f6c6f7572207b0a09626f726465722d636f6c6f723a20233030303030303b0a7d0a0a2f2a204176617461722067616c6c657279202a2f0a2367616c6c657279206c6162656c207b0a096261636b67726f756e642d636f6c6f723a20234646464646463b0a09626f726465722d636f6c6f723a20234343433b0a7d0a0a2367616c6c657279206c6162656c3a686f766572207b0a096261636b67726f756e642d636f6c6f723a20234545453b0a7d0a0a2f2a2020090a2d2d2d2d2d2d2d2d2d2d2d2d2d2d2d2d2d2d2d2d2d2d2d2d2d2d2d2d2d2d2d2d2d2d2d2d2d2d2d2d2d2d2d2d2d2d2d2d2d2d2d2d2d2d2d2d2d2d2d2d2d2d0a436f6c6f75727320616e64206261636b67726f756e647320666f7220666f726d732e6373730a2d2d2d2d2d2d2d2d2d2d2d2d2d2d2d2d2d2d2d2d2d2d2d2d2d2d2d2d2d2d2d2d2d2d2d2d2d2d2d2d2d2d2d2d2d2d2d2d2d2d2d2d2d2d2d2d2d2d2d2d2d2d202a2f0a0a2f2a2047656e6572616c20666f726d207374796c65730a2d2d2d2d2d2d2d2d2d2d2d2d2d2d2d2d2d2d2d2d2d2d2d2d2d2d2d2d2d2d2d2d2d2d2d2d2d2d2d2d2a2f0a73656c656374207b0a09626f726465722d636f6c6f723a20233636363636363b0a096261636b67726f756e642d636f6c6f723a20234641464146413b0a09636f6c6f723a20233030303b0a7d0a0a6c6162656c207b0a09636f6c6f723a20233432353036373b0a7d0a0a6f7074696f6e2e64697361626c65642d6f7074696f6e207b0a09636f6c6f723a2067726179746578743b0a7d0a0a2f2a20446566696e6974696f6e206c697374206c61796f757420666f7220666f726d730a2d2d2d2d2d2d2d2d2d2d2d2d2d2d2d2d2d2d2d2d2d2d2d2d2d2d2d2d2d2d2d2d2d2d2d2d2d2d2d2d202a2f0a6464206c6162656c207b0a09636f6c6f723a20233333333b0a7d0a0a2f2a20486f7665722065666665637473202a2f0a6669656c6473657420646c3a686f766572206474206c6162656c207b0a09636f6c6f723a20233030303030303b0a7d0a0a6669656c647365742e6669656c64733220646c3a686f766572206474206c6162656c207b0a09636f6c6f723a20696e68657269743b0a7d0a0a2f2a20517569636b2d6c6f67696e206f6e20696e6465782070616765202a2f0a6669656c647365742e717569636b2d6c6f67696e20696e7075742e696e707574626f78207b0a096261636b67726f756e642d636f6c6f723a20234632463346333b0a7d0a0a2f2a20506f7374696e672070616765207374796c65730a2d2d2d2d2d2d2d2d2d2d2d2d2d2d2d2d2d2d2d2d2d2d2d2d2d2d2d2d2d2d2d2d2d2d2d2d2d2d2d2d2a2f0a0a236d6573736167652d626f78207465787461726561207b0a09636f6c6f723a20233333333333333b0a7d0a0a2f2a20496e707574206669656c64207374796c65730a2d2d2d2d2d2d2d2d2d2d2d2d2d2d2d2d2d2d2d2d2d2d2d2d2d2d2d2d2d2d2d2d2d2d2d2d2d2d2d2d202a2f0a2e696e707574626f78207b0a096261636b67726f756e642d636f6c6f723a20234646464646463b200a09626f726465722d636f6c6f723a20234234424143303b0a09636f6c6f723a20233333333333333b0a7d0a0a2e696e707574626f783a686f766572207b0a09626f726465722d636f6c6f723a20233131413345413b0a7d0a0a2e696e707574626f783a666f637573207b0a09626f726465722d636f6c6f723a20233131413345413b0a09636f6c6f723a20233046343938373b0a7d0a0a2f2a20466f726d20627574746f6e207374796c65730a2d2d2d2d2d2d2d2d2d2d2d2d2d2d2d2d2d2d2d2d2d2d2d2d2d2d2d2d2d2d2d2d2d2d2d2d2d2d2d2d202a2f0a0a612e627574746f6e312c20696e7075742e627574746f6e312c20696e7075742e627574746f6e332c20612e627574746f6e322c20696e7075742e627574746f6e32207b0a09636f6c6f723a20233030303b0a096261636b67726f756e642d636f6c6f723a20234641464146413b0a096261636b67726f756e642d696d6167653a2075726c28227b545f5448454d455f504154487d2f696d616765732f62675f627574746f6e2e67696622293b0a7d0a0a612e627574746f6e312c20696e7075742e627574746f6e31207b0a09626f726465722d636f6c6f723a20233636363636363b0a7d0a0a696e7075742e627574746f6e33207b0a096261636b67726f756e642d696d6167653a206e6f6e653b0a7d0a0a2f2a20416c7465726e617469766520627574746f6e202a2f0a612e627574746f6e322c20696e7075742e627574746f6e322c20696e7075742e627574746f6e33207b0a09626f726465722d636f6c6f723a20233636363636363b0a7d0a0a2f2a203c613e20627574746f6e20696e20746865207374796c65206f662074686520666f726d20627574746f6e73202a2f0a612e627574746f6e312c20612e627574746f6e313a6c696e6b2c20612e627574746f6e313a766973697465642c20612e627574746f6e313a6163746976652c20612e627574746f6e322c20612e627574746f6e323a6c696e6b2c20612e627574746f6e323a766973697465642c20612e627574746f6e323a616374697665207b0a09636f6c6f723a20233030303030303b0a7d0a0a2f2a20486f76657220737461746573202a2f0a612e627574746f6e313a686f7665722c20696e7075742e627574746f6e313a686f7665722c20612e627574746f6e323a686f7665722c20696e7075742e627574746f6e323a686f7665722c20696e7075742e627574746f6e333a686f766572207b0a09626f726465722d636f6c6f723a20234243324134443b0a09636f6c6f723a20234243324134443b0a7d0a0a696e7075742e736561726368207b0a096261636b67726f756e642d696d6167653a2075726c28227b545f5448454d455f504154487d2f696d616765732f69636f6e5f74657874626f785f7365617263682e67696622293b0a7d0a0a696e7075742e64697361626c6564207b0a09636f6c6f723a20233636363636363b0a7d0a);

-- --------------------------------------------------------

--
-- Table structure for table `phpbb_topics`
--

DROP TABLE IF EXISTS `phpbb_topics`;
CREATE TABLE IF NOT EXISTS `phpbb_topics` (
  `topic_id` mediumint(8) unsigned NOT NULL auto_increment,
  `forum_id` mediumint(8) unsigned NOT NULL default '0',
  `icon_id` mediumint(8) unsigned NOT NULL default '0',
  `topic_attachment` tinyint(1) unsigned NOT NULL default '0',
  `topic_approved` tinyint(1) unsigned NOT NULL default '1',
  `topic_reported` tinyint(1) unsigned NOT NULL default '0',
  `topic_title` varchar(255) character set utf8 collate utf8_unicode_ci NOT NULL default '',
  `topic_poster` mediumint(8) unsigned NOT NULL default '0',
  `topic_time` int(11) unsigned NOT NULL default '0',
  `topic_time_limit` int(11) unsigned NOT NULL default '0',
  `topic_views` mediumint(8) unsigned NOT NULL default '0',
  `topic_replies` mediumint(8) unsigned NOT NULL default '0',
  `topic_replies_real` mediumint(8) unsigned NOT NULL default '0',
  `topic_status` tinyint(3) NOT NULL default '0',
  `topic_type` tinyint(3) NOT NULL default '0',
  `topic_first_post_id` mediumint(8) unsigned NOT NULL default '0',
  `topic_first_poster_name` varchar(255) collate utf8_bin NOT NULL default '',
  `topic_first_poster_colour` varchar(6) collate utf8_bin NOT NULL default '',
  `topic_last_post_id` mediumint(8) unsigned NOT NULL default '0',
  `topic_last_poster_id` mediumint(8) unsigned NOT NULL default '0',
  `topic_last_poster_name` varchar(255) collate utf8_bin NOT NULL default '',
  `topic_last_poster_colour` varchar(6) collate utf8_bin NOT NULL default '',
  `topic_last_post_subject` varchar(255) collate utf8_bin NOT NULL default '',
  `topic_last_post_time` int(11) unsigned NOT NULL default '0',
  `topic_last_view_time` int(11) unsigned NOT NULL default '0',
  `topic_moved_id` mediumint(8) unsigned NOT NULL default '0',
  `topic_bumped` tinyint(1) unsigned NOT NULL default '0',
  `topic_bumper` mediumint(8) unsigned NOT NULL default '0',
  `poll_title` varchar(255) collate utf8_bin NOT NULL default '',
  `poll_start` int(11) unsigned NOT NULL default '0',
  `poll_length` int(11) unsigned NOT NULL default '0',
  `poll_max_options` tinyint(4) NOT NULL default '1',
  `poll_last_vote` int(11) unsigned NOT NULL default '0',
  `poll_vote_change` tinyint(1) unsigned NOT NULL default '0',
  PRIMARY KEY  (`topic_id`),
  KEY `forum_id` (`forum_id`),
  KEY `forum_id_type` (`forum_id`,`topic_type`),
  KEY `last_post_time` (`topic_last_post_time`),
  KEY `topic_approved` (`topic_approved`),
  KEY `forum_appr_last` (`forum_id`,`topic_approved`,`topic_last_post_id`),
  KEY `fid_time_moved` (`forum_id`,`topic_last_post_time`,`topic_moved_id`)
) ENGINE=MyISAM  DEFAULT CHARSET=utf8 COLLATE=utf8_bin AUTO_INCREMENT=2 ;

--
-- Dumping data for table `phpbb_topics`
--

INSERT INTO `phpbb_topics` (`topic_id`, `forum_id`, `icon_id`, `topic_attachment`, `topic_approved`, `topic_reported`, `topic_title`, `topic_poster`, `topic_time`, `topic_time_limit`, `topic_views`, `topic_replies`, `topic_replies_real`, `topic_status`, `topic_type`, `topic_first_post_id`, `topic_first_poster_name`, `topic_first_poster_colour`, `topic_last_post_id`, `topic_last_poster_id`, `topic_last_poster_name`, `topic_last_poster_colour`, `topic_last_post_subject`, `topic_last_post_time`, `topic_last_view_time`, `topic_moved_id`, `topic_bumped`, `topic_bumper`, `poll_title`, `poll_start`, `poll_length`, `poll_max_options`, `poll_last_vote`, `poll_vote_change`) VALUES
(1, 2, 0, 0, 1, 0, 'Welcome to phpBB3', 2, 1346462145, 0, 0, 0, 0, 0, 0, 1, 'c145190-h222718', 'AA0000', 1, 2, 'c145190-h222718', 'AA0000', 'Welcome to phpBB3', 1346462145, 972086460, 0, 0, 0, '', 0, 0, 1, 0, 0);

-- --------------------------------------------------------

--
-- Table structure for table `phpbb_topics_posted`
--

DROP TABLE IF EXISTS `phpbb_topics_posted`;
CREATE TABLE IF NOT EXISTS `phpbb_topics_posted` (
  `user_id` mediumint(8) unsigned NOT NULL default '0',
  `topic_id` mediumint(8) unsigned NOT NULL default '0',
  `topic_posted` tinyint(1) unsigned NOT NULL default '0',
  PRIMARY KEY  (`user_id`,`topic_id`)
) ENGINE=MyISAM DEFAULT CHARSET=utf8 COLLATE=utf8_bin;

--
-- Dumping data for table `phpbb_topics_posted`
--

INSERT INTO `phpbb_topics_posted` (`user_id`, `topic_id`, `topic_posted`) VALUES
(2, 1, 1);

-- --------------------------------------------------------

--
-- Table structure for table `phpbb_topics_track`
--

DROP TABLE IF EXISTS `phpbb_topics_track`;
CREATE TABLE IF NOT EXISTS `phpbb_topics_track` (
  `user_id` mediumint(8) unsigned NOT NULL default '0',
  `topic_id` mediumint(8) unsigned NOT NULL default '0',
  `forum_id` mediumint(8) unsigned NOT NULL default '0',
  `mark_time` int(11) unsigned NOT NULL default '0',
  PRIMARY KEY  (`user_id`,`topic_id`),
  KEY `topic_id` (`topic_id`),
  KEY `forum_id` (`forum_id`)
) ENGINE=MyISAM DEFAULT CHARSET=utf8 COLLATE=utf8_bin;

--
-- Dumping data for table `phpbb_topics_track`
--


-- --------------------------------------------------------

--
-- Table structure for table `phpbb_topics_watch`
--

DROP TABLE IF EXISTS `phpbb_topics_watch`;
CREATE TABLE IF NOT EXISTS `phpbb_topics_watch` (
  `topic_id` mediumint(8) unsigned NOT NULL default '0',
  `user_id` mediumint(8) unsigned NOT NULL default '0',
  `notify_status` tinyint(1) unsigned NOT NULL default '0',
  KEY `topic_id` (`topic_id`),
  KEY `user_id` (`user_id`),
  KEY `notify_stat` (`notify_status`)
) ENGINE=MyISAM DEFAULT CHARSET=utf8 COLLATE=utf8_bin;

--
-- Dumping data for table `phpbb_topics_watch`
--


-- --------------------------------------------------------

--
-- Table structure for table `phpbb_users`
--

DROP TABLE IF EXISTS `phpbb_users`;
CREATE TABLE IF NOT EXISTS `phpbb_users` (
  `user_id` mediumint(8) unsigned NOT NULL auto_increment,
  `user_type` tinyint(2) NOT NULL default '0',
  `group_id` mediumint(8) unsigned NOT NULL default '3',
  `user_permissions` mediumtext collate utf8_bin NOT NULL,
  `user_perm_from` mediumint(8) unsigned NOT NULL default '0',
  `user_ip` varchar(40) collate utf8_bin NOT NULL default '',
  `user_regdate` int(11) unsigned NOT NULL default '0',
  `username` varchar(255) collate utf8_bin NOT NULL default '',
  `username_clean` varchar(255) collate utf8_bin NOT NULL default '',
  `user_password` varchar(40) collate utf8_bin NOT NULL default '',
  `user_passchg` int(11) unsigned NOT NULL default '0',
  `user_pass_convert` tinyint(1) unsigned NOT NULL default '0',
  `user_email` varchar(100) collate utf8_bin NOT NULL default '',
  `user_email_hash` bigint(20) NOT NULL default '0',
  `user_birthday` varchar(10) collate utf8_bin NOT NULL default '',
  `user_lastvisit` int(11) unsigned NOT NULL default '0',
  `user_lastmark` int(11) unsigned NOT NULL default '0',
  `user_lastpost_time` int(11) unsigned NOT NULL default '0',
  `user_lastpage` varchar(200) collate utf8_bin NOT NULL default '',
  `user_last_confirm_key` varchar(10) collate utf8_bin NOT NULL default '',
  `user_last_search` int(11) unsigned NOT NULL default '0',
  `user_warnings` tinyint(4) NOT NULL default '0',
  `user_last_warning` int(11) unsigned NOT NULL default '0',
  `user_login_attempts` tinyint(4) NOT NULL default '0',
  `user_inactive_reason` tinyint(2) NOT NULL default '0',
  `user_inactive_time` int(11) unsigned NOT NULL default '0',
  `user_posts` mediumint(8) unsigned NOT NULL default '0',
  `user_lang` varchar(30) collate utf8_bin NOT NULL default '',
  `user_timezone` decimal(5,2) NOT NULL default '0.00',
  `user_dst` tinyint(1) unsigned NOT NULL default '0',
  `user_dateformat` varchar(30) collate utf8_bin NOT NULL default 'd M Y H:i',
  `user_style` mediumint(8) unsigned NOT NULL default '0',
  `user_rank` mediumint(8) unsigned NOT NULL default '0',
  `user_colour` varchar(6) collate utf8_bin NOT NULL default '',
  `user_new_privmsg` int(4) NOT NULL default '0',
  `user_unread_privmsg` int(4) NOT NULL default '0',
  `user_last_privmsg` int(11) unsigned NOT NULL default '0',
  `user_message_rules` tinyint(1) unsigned NOT NULL default '0',
  `user_full_folder` int(11) NOT NULL default '-3',
  `user_emailtime` int(11) unsigned NOT NULL default '0',
  `user_topic_show_days` smallint(4) unsigned NOT NULL default '0',
  `user_topic_sortby_type` varchar(1) collate utf8_bin NOT NULL default 't',
  `user_topic_sortby_dir` varchar(1) collate utf8_bin NOT NULL default 'd',
  `user_post_show_days` smallint(4) unsigned NOT NULL default '0',
  `user_post_sortby_type` varchar(1) collate utf8_bin NOT NULL default 't',
  `user_post_sortby_dir` varchar(1) collate utf8_bin NOT NULL default 'a',
  `user_notify` tinyint(1) unsigned NOT NULL default '0',
  `user_notify_pm` tinyint(1) unsigned NOT NULL default '1',
  `user_notify_type` tinyint(4) NOT NULL default '0',
  `user_allow_pm` tinyint(1) unsigned NOT NULL default '1',
  `user_allow_viewonline` tinyint(1) unsigned NOT NULL default '1',
  `user_allow_viewemail` tinyint(1) unsigned NOT NULL default '1',
  `user_allow_massemail` tinyint(1) unsigned NOT NULL default '1',
  `user_options` int(11) unsigned NOT NULL default '230271',
  `user_avatar` varchar(255) collate utf8_bin NOT NULL default '',
  `user_avatar_type` tinyint(2) NOT NULL default '0',
  `user_avatar_width` smallint(4) unsigned NOT NULL default '0',
  `user_avatar_height` smallint(4) unsigned NOT NULL default '0',
  `user_sig` mediumtext collate utf8_bin NOT NULL,
  `user_sig_bbcode_uid` varchar(8) collate utf8_bin NOT NULL default '',
  `user_sig_bbcode_bitfield` varchar(255) collate utf8_bin NOT NULL default '',
  `user_from` varchar(100) collate utf8_bin NOT NULL default '',
  `user_icq` varchar(15) collate utf8_bin NOT NULL default '',
  `user_aim` varchar(255) collate utf8_bin NOT NULL default '',
  `user_yim` varchar(255) collate utf8_bin NOT NULL default '',
  `user_msnm` varchar(255) collate utf8_bin NOT NULL default '',
  `user_jabber` varchar(255) collate utf8_bin NOT NULL default '',
  `user_website` varchar(200) collate utf8_bin NOT NULL default '',
  `user_occ` text collate utf8_bin NOT NULL,
  `user_interests` text collate utf8_bin NOT NULL,
  `user_actkey` varchar(32) collate utf8_bin NOT NULL default '',
  `user_newpasswd` varchar(40) collate utf8_bin NOT NULL default '',
  `user_form_salt` varchar(32) collate utf8_bin NOT NULL default '',
  `user_new` tinyint(1) unsigned NOT NULL default '1',
  `user_reminded` tinyint(4) NOT NULL default '0',
  `user_reminded_time` int(11) unsigned NOT NULL default '0',
  PRIMARY KEY  (`user_id`),
  UNIQUE KEY `username_clean` (`username_clean`),
  KEY `user_birthday` (`user_birthday`),
  KEY `user_email_hash` (`user_email_hash`),
  KEY `user_type` (`user_type`)
) ENGINE=MyISAM  DEFAULT CHARSET=utf8 COLLATE=utf8_bin AUTO_INCREMENT=54 ;

--
-- Dumping data for table `phpbb_users`
--

INSERT INTO `phpbb_users` (`user_id`, `user_type`, `group_id`, `user_permissions`, `user_perm_from`, `user_ip`, `user_regdate`, `username`, `username_clean`, `user_password`, `user_passchg`, `user_pass_convert`, `user_email`, `user_email_hash`, `user_birthday`, `user_lastvisit`, `user_lastmark`, `user_lastpost_time`, `user_lastpage`, `user_last_confirm_key`, `user_last_search`, `user_warnings`, `user_last_warning`, `user_login_attempts`, `user_inactive_reason`, `user_inactive_time`, `user_posts`, `user_lang`, `user_timezone`, `user_dst`, `user_dateformat`, `user_style`, `user_rank`, `user_colour`, `user_new_privmsg`, `user_unread_privmsg`, `user_last_privmsg`, `user_message_rules`, `user_full_folder`, `user_emailtime`, `user_topic_show_days`, `user_topic_sortby_type`, `user_topic_sortby_dir`, `user_post_show_days`, `user_post_sortby_type`, `user_post_sortby_dir`, `user_notify`, `user_notify_pm`, `user_notify_type`, `user_allow_pm`, `user_allow_viewonline`, `user_allow_viewemail`, `user_allow_massemail`, `user_options`, `user_avatar`, `user_avatar_type`, `user_avatar_width`, `user_avatar_height`, `user_sig`, `user_sig_bbcode_uid`, `user_sig_bbcode_bitfield`, `user_from`, `user_icq`, `user_aim`, `user_yim`, `user_msnm`, `user_jabber`, `user_website`, `user_occ`, `user_interests`, `user_actkey`, `user_newpasswd`, `user_form_salt`, `user_new`, `user_reminded`, `user_reminded_time`) VALUES
(1, 2, 1, '', 0, '', 1346462145, 'Anonymous', 'anonymous', '', 0, 0, '', 0, '', 0, 0, 0, '', '', 0, 0, 0, 0, 0, 0, 0, 'en', 0.00, 0, 'd M Y H:i', 1, 0, '', 0, 0, 0, 0, -3, 0, 0, 't', 'd', 0, 't', 'a', 0, 1, 0, 1, 1, 1, 0, 230271, '', 0, 0, 0, '', '', '', '', '', '', '', '', '', '', '', '', '', '', '459c10d2293f89ee', 1, 0, 0),
(2, 3, 5, 0x7a696b307a6a7a696b307a6a7a696b3078730a6931636a796f3030303030300a7a696b307a6a7a6862327463, 0, '98.253.33.44', 1346462145, 'c145190-h222718', 'c145190-h222718', '$H$9S./VdIikBimqJov/SH3ItZPQ3BqFz/', 0, 0, 'jwoodall@matherlifeways.com', 424732528927, '', 0, 0, 0, '', '', 0, 0, 0, 0, 0, 0, 1, 'en', 0.00, 0, 'D M d, Y g:i a', 1, 1, 'AA0000', 0, 0, 0, 0, -3, 0, 0, 't', 'd', 0, 't', 'a', 0, 1, 0, 1, 1, 1, 1, 230271, '', 0, 0, 0, '', '', '', '', '', '', '', '', '', '', '', '', '', '', '80e34c2aba306cf6', 1, 0, 0),
(3, 2, 6, '', 0, '', 1346462155, 'AdsBot [Google]', 'adsbot [google]', '', 1346462155, 0, '', 0, '', 0, 1346462155, 0, '', '', 0, 0, 0, 0, 0, 0, 0, 'en', 0.00, 0, 'D M d, Y g:i a', 1, 0, '9E8DA7', 0, 0, 0, 0, -3, 0, 0, 't', 'd', 0, 't', 'a', 0, 1, 0, 1, 1, 1, 0, 230271, '', 0, 0, 0, '', '', '', '', '', '', '', '', '', '', '', '', '', '', 'd36d1cda3cabcb1a', 0, 0, 0),
(4, 2, 6, '', 0, '', 1346462155, 'Alexa [Bot]', 'alexa [bot]', '', 1346462155, 0, '', 0, '', 0, 1346462155, 0, '', '', 0, 0, 0, 0, 0, 0, 0, 'en', 0.00, 0, 'D M d, Y g:i a', 1, 0, '9E8DA7', 0, 0, 0, 0, -3, 0, 0, 't', 'd', 0, 't', 'a', 0, 1, 0, 1, 1, 1, 0, 230271, '', 0, 0, 0, '', '', '', '', '', '', '', '', '', '', '', '', '', '', '9d02b18144edbf17', 0, 0, 0),
(5, 2, 6, '', 0, '', 1346462155, 'Alta Vista [Bot]', 'alta vista [bot]', '', 1346462155, 0, '', 0, '', 0, 1346462155, 0, '', '', 0, 0, 0, 0, 0, 0, 0, 'en', 0.00, 0, 'D M d, Y g:i a', 1, 0, '9E8DA7', 0, 0, 0, 0, -3, 0, 0, 't', 'd', 0, 't', 'a', 0, 1, 0, 1, 1, 1, 0, 230271, '', 0, 0, 0, '', '', '', '', '', '', '', '', '', '', '', '', '', '', '665405a69a650494', 0, 0, 0),
(6, 2, 6, '', 0, '', 1346462155, 'Ask Jeeves [Bot]', 'ask jeeves [bot]', '', 1346462155, 0, '', 0, '', 0, 1346462155, 0, '', '', 0, 0, 0, 0, 0, 0, 0, 'en', 0.00, 0, 'D M d, Y g:i a', 1, 0, '9E8DA7', 0, 0, 0, 0, -3, 0, 0, 't', 'd', 0, 't', 'a', 0, 1, 0, 1, 1, 1, 0, 230271, '', 0, 0, 0, '', '', '', '', '', '', '', '', '', '', '', '', '', '', 'fdca8031cec1b0ad', 0, 0, 0),
(7, 2, 6, '', 0, '', 1346462155, 'Baidu [Spider]', 'baidu [spider]', '', 1346462155, 0, '', 0, '', 0, 1346462155, 0, '', '', 0, 0, 0, 0, 0, 0, 0, 'en', 0.00, 0, 'D M d, Y g:i a', 1, 0, '9E8DA7', 0, 0, 0, 0, -3, 0, 0, 't', 'd', 0, 't', 'a', 0, 1, 0, 1, 1, 1, 0, 230271, '', 0, 0, 0, '', '', '', '', '', '', '', '', '', '', '', '', '', '', '0197ab7c94445d2e', 0, 0, 0),
(8, 2, 6, '', 0, '', 1346462155, 'Bing [Bot]', 'bing [bot]', '', 1346462155, 0, '', 0, '', 0, 1346462155, 0, '', '', 0, 0, 0, 0, 0, 0, 0, 'en', 0.00, 0, 'D M d, Y g:i a', 1, 0, '9E8DA7', 0, 0, 0, 0, -3, 0, 0, 't', 'd', 0, 't', 'a', 0, 1, 0, 1, 1, 1, 0, 230271, '', 0, 0, 0, '', '', '', '', '', '', '', '', '', '', '', '', '', '', 'f94a258485bcb0a8', 0, 0, 0),
(9, 2, 6, '', 0, '', 1346462155, 'Exabot [Bot]', 'exabot [bot]', '', 1346462155, 0, '', 0, '', 0, 1346462155, 0, '', '', 0, 0, 0, 0, 0, 0, 0, 'en', 0.00, 0, 'D M d, Y g:i a', 1, 0, '9E8DA7', 0, 0, 0, 0, -3, 0, 0, 't', 'd', 0, 't', 'a', 0, 1, 0, 1, 1, 1, 0, 230271, '', 0, 0, 0, '', '', '', '', '', '', '', '', '', '', '', '', '', '', 'dc494d951805218d', 0, 0, 0),
(10, 2, 6, '', 0, '', 1346462155, 'FAST Enterprise [Crawler]', 'fast enterprise [crawler]', '', 1346462155, 0, '', 0, '', 0, 1346462155, 0, '', '', 0, 0, 0, 0, 0, 0, 0, 'en', 0.00, 0, 'D M d, Y g:i a', 1, 0, '9E8DA7', 0, 0, 0, 0, -3, 0, 0, 't', 'd', 0, 't', 'a', 0, 1, 0, 1, 1, 1, 0, 230271, '', 0, 0, 0, '', '', '', '', '', '', '', '', '', '', '', '', '', '', 'ceba6fb1caf9cc5a', 0, 0, 0),
(11, 2, 6, '', 0, '', 1346462155, 'FAST WebCrawler [Crawler]', 'fast webcrawler [crawler]', '', 1346462155, 0, '', 0, '', 0, 1346462155, 0, '', '', 0, 0, 0, 0, 0, 0, 0, 'en', 0.00, 0, 'D M d, Y g:i a', 1, 0, '9E8DA7', 0, 0, 0, 0, -3, 0, 0, 't', 'd', 0, 't', 'a', 0, 1, 0, 1, 1, 1, 0, 230271, '', 0, 0, 0, '', '', '', '', '', '', '', '', '', '', '', '', '', '', 'cb0d39d5485fb857', 0, 0, 0),
(12, 2, 6, '', 0, '', 1346462155, 'Francis [Bot]', 'francis [bot]', '', 1346462155, 0, '', 0, '', 0, 1346462155, 0, '', '', 0, 0, 0, 0, 0, 0, 0, 'en', 0.00, 0, 'D M d, Y g:i a', 1, 0, '9E8DA7', 0, 0, 0, 0, -3, 0, 0, 't', 'd', 0, 't', 'a', 0, 1, 0, 1, 1, 1, 0, 230271, '', 0, 0, 0, '', '', '', '', '', '', '', '', '', '', '', '', '', '', '765dc90a20422fe0', 0, 0, 0),
(13, 2, 6, '', 0, '', 1346462155, 'Gigabot [Bot]', 'gigabot [bot]', '', 1346462155, 0, '', 0, '', 0, 1346462155, 0, '', '', 0, 0, 0, 0, 0, 0, 0, 'en', 0.00, 0, 'D M d, Y g:i a', 1, 0, '9E8DA7', 0, 0, 0, 0, -3, 0, 0, 't', 'd', 0, 't', 'a', 0, 1, 0, 1, 1, 1, 0, 230271, '', 0, 0, 0, '', '', '', '', '', '', '', '', '', '', '', '', '', '', 'dc1e740bccb3b18f', 0, 0, 0),
(14, 2, 6, '', 0, '', 1346462155, 'Google Adsense [Bot]', 'google adsense [bot]', '', 1346462155, 0, '', 0, '', 0, 1346462155, 0, '', '', 0, 0, 0, 0, 0, 0, 0, 'en', 0.00, 0, 'D M d, Y g:i a', 1, 0, '9E8DA7', 0, 0, 0, 0, -3, 0, 0, 't', 'd', 0, 't', 'a', 0, 1, 0, 1, 1, 1, 0, 230271, '', 0, 0, 0, '', '', '', '', '', '', '', '', '', '', '', '', '', '', 'c6bb95be4ca4200f', 0, 0, 0),
(15, 2, 6, '', 0, '', 1346462155, 'Google Desktop', 'google desktop', '', 1346462155, 0, '', 0, '', 0, 1346462155, 0, '', '', 0, 0, 0, 0, 0, 0, 0, 'en', 0.00, 0, 'D M d, Y g:i a', 1, 0, '9E8DA7', 0, 0, 0, 0, -3, 0, 0, 't', 'd', 0, 't', 'a', 0, 1, 0, 1, 1, 1, 0, 230271, '', 0, 0, 0, '', '', '', '', '', '', '', '', '', '', '', '', '', '', '723c9886d3c90dda', 0, 0, 0),
(16, 2, 6, '', 0, '', 1346462155, 'Google Feedfetcher', 'google feedfetcher', '', 1346462155, 0, '', 0, '', 0, 1346462155, 0, '', '', 0, 0, 0, 0, 0, 0, 0, 'en', 0.00, 0, 'D M d, Y g:i a', 1, 0, '9E8DA7', 0, 0, 0, 0, -3, 0, 0, 't', 'd', 0, 't', 'a', 0, 1, 0, 1, 1, 1, 0, 230271, '', 0, 0, 0, '', '', '', '', '', '', '', '', '', '', '', '', '', '', 'eca9e7b7a0b23099', 0, 0, 0),
(17, 2, 6, '', 0, '', 1346462155, 'Google [Bot]', 'google [bot]', '', 1346462155, 0, '', 0, '', 0, 1346462155, 0, '', '', 0, 0, 0, 0, 0, 0, 0, 'en', 0.00, 0, 'D M d, Y g:i a', 1, 0, '9E8DA7', 0, 0, 0, 0, -3, 0, 0, 't', 'd', 0, 't', 'a', 0, 1, 0, 1, 1, 1, 0, 230271, '', 0, 0, 0, '', '', '', '', '', '', '', '', '', '', '', '', '', '', 'f568ac966db2613f', 0, 0, 0),
(18, 2, 6, '', 0, '', 1346462155, 'Heise IT-Markt [Crawler]', 'heise it-markt [crawler]', '', 1346462155, 0, '', 0, '', 0, 1346462155, 0, '', '', 0, 0, 0, 0, 0, 0, 0, 'en', 0.00, 0, 'D M d, Y g:i a', 1, 0, '9E8DA7', 0, 0, 0, 0, -3, 0, 0, 't', 'd', 0, 't', 'a', 0, 1, 0, 1, 1, 1, 0, 230271, '', 0, 0, 0, '', '', '', '', '', '', '', '', '', '', '', '', '', '', 'e4639ea365670aa0', 0, 0, 0),
(19, 2, 6, '', 0, '', 1346462155, 'Heritrix [Crawler]', 'heritrix [crawler]', '', 1346462155, 0, '', 0, '', 0, 1346462155, 0, '', '', 0, 0, 0, 0, 0, 0, 0, 'en', 0.00, 0, 'D M d, Y g:i a', 1, 0, '9E8DA7', 0, 0, 0, 0, -3, 0, 0, 't', 'd', 0, 't', 'a', 0, 1, 0, 1, 1, 1, 0, 230271, '', 0, 0, 0, '', '', '', '', '', '', '', '', '', '', '', '', '', '', '2e36baf6a681e40f', 0, 0, 0),
(20, 2, 6, '', 0, '', 1346462155, 'IBM Research [Bot]', 'ibm research [bot]', '', 1346462155, 0, '', 0, '', 0, 1346462155, 0, '', '', 0, 0, 0, 0, 0, 0, 0, 'en', 0.00, 0, 'D M d, Y g:i a', 1, 0, '9E8DA7', 0, 0, 0, 0, -3, 0, 0, 't', 'd', 0, 't', 'a', 0, 1, 0, 1, 1, 1, 0, 230271, '', 0, 0, 0, '', '', '', '', '', '', '', '', '', '', '', '', '', '', 'e54c50a50cb05f3d', 0, 0, 0),
(21, 2, 6, '', 0, '', 1346462155, 'ICCrawler - ICjobs', 'iccrawler - icjobs', '', 1346462155, 0, '', 0, '', 0, 1346462155, 0, '', '', 0, 0, 0, 0, 0, 0, 0, 'en', 0.00, 0, 'D M d, Y g:i a', 1, 0, '9E8DA7', 0, 0, 0, 0, -3, 0, 0, 't', 'd', 0, 't', 'a', 0, 1, 0, 1, 1, 1, 0, 230271, '', 0, 0, 0, '', '', '', '', '', '', '', '', '', '', '', '', '', '', '94d066079625cfe4', 0, 0, 0),
(22, 2, 6, '', 0, '', 1346462155, 'ichiro [Crawler]', 'ichiro [crawler]', '', 1346462155, 0, '', 0, '', 0, 1346462155, 0, '', '', 0, 0, 0, 0, 0, 0, 0, 'en', 0.00, 0, 'D M d, Y g:i a', 1, 0, '9E8DA7', 0, 0, 0, 0, -3, 0, 0, 't', 'd', 0, 't', 'a', 0, 1, 0, 1, 1, 1, 0, 230271, '', 0, 0, 0, '', '', '', '', '', '', '', '', '', '', '', '', '', '', '4a60786e589a8976', 0, 0, 0),
(23, 2, 6, '', 0, '', 1346462155, 'Majestic-12 [Bot]', 'majestic-12 [bot]', '', 1346462155, 0, '', 0, '', 0, 1346462155, 0, '', '', 0, 0, 0, 0, 0, 0, 0, 'en', 0.00, 0, 'D M d, Y g:i a', 1, 0, '9E8DA7', 0, 0, 0, 0, -3, 0, 0, 't', 'd', 0, 't', 'a', 0, 1, 0, 1, 1, 1, 0, 230271, '', 0, 0, 0, '', '', '', '', '', '', '', '', '', '', '', '', '', '', '3a11c072892a2735', 0, 0, 0),
(24, 2, 6, '', 0, '', 1346462155, 'Metager [Bot]', 'metager [bot]', '', 1346462155, 0, '', 0, '', 0, 1346462155, 0, '', '', 0, 0, 0, 0, 0, 0, 0, 'en', 0.00, 0, 'D M d, Y g:i a', 1, 0, '9E8DA7', 0, 0, 0, 0, -3, 0, 0, 't', 'd', 0, 't', 'a', 0, 1, 0, 1, 1, 1, 0, 230271, '', 0, 0, 0, '', '', '', '', '', '', '', '', '', '', '', '', '', '', '099d92da16868fdb', 0, 0, 0),
(25, 2, 6, '', 0, '', 1346462155, 'MSN NewsBlogs', 'msn newsblogs', '', 1346462155, 0, '', 0, '', 0, 1346462155, 0, '', '', 0, 0, 0, 0, 0, 0, 0, 'en', 0.00, 0, 'D M d, Y g:i a', 1, 0, '9E8DA7', 0, 0, 0, 0, -3, 0, 0, 't', 'd', 0, 't', 'a', 0, 1, 0, 1, 1, 1, 0, 230271, '', 0, 0, 0, '', '', '', '', '', '', '', '', '', '', '', '', '', '', '0468ffc7baadf502', 0, 0, 0),
(26, 2, 6, '', 0, '', 1346462155, 'MSN [Bot]', 'msn [bot]', '', 1346462155, 0, '', 0, '', 0, 1346462155, 0, '', '', 0, 0, 0, 0, 0, 0, 0, 'en', 0.00, 0, 'D M d, Y g:i a', 1, 0, '9E8DA7', 0, 0, 0, 0, -3, 0, 0, 't', 'd', 0, 't', 'a', 0, 1, 0, 1, 1, 1, 0, 230271, '', 0, 0, 0, '', '', '', '', '', '', '', '', '', '', '', '', '', '', 'f9eb3c7581878c0a', 0, 0, 0),
(27, 2, 6, '', 0, '', 1346462155, 'MSNbot Media', 'msnbot media', '', 1346462155, 0, '', 0, '', 0, 1346462155, 0, '', '', 0, 0, 0, 0, 0, 0, 0, 'en', 0.00, 0, 'D M d, Y g:i a', 1, 0, '9E8DA7', 0, 0, 0, 0, -3, 0, 0, 't', 'd', 0, 't', 'a', 0, 1, 0, 1, 1, 1, 0, 230271, '', 0, 0, 0, '', '', '', '', '', '', '', '', '', '', '', '', '', '', '95d893c19e6d041f', 0, 0, 0),
(28, 2, 6, '', 0, '', 1346462155, 'NG-Search [Bot]', 'ng-search [bot]', '', 1346462155, 0, '', 0, '', 0, 1346462155, 0, '', '', 0, 0, 0, 0, 0, 0, 0, 'en', 0.00, 0, 'D M d, Y g:i a', 1, 0, '9E8DA7', 0, 0, 0, 0, -3, 0, 0, 't', 'd', 0, 't', 'a', 0, 1, 0, 1, 1, 1, 0, 230271, '', 0, 0, 0, '', '', '', '', '', '', '', '', '', '', '', '', '', '', 'e8f731bc708e3ca8', 0, 0, 0),
(29, 2, 6, '', 0, '', 1346462155, 'Nutch [Bot]', 'nutch [bot]', '', 1346462155, 0, '', 0, '', 0, 1346462155, 0, '', '', 0, 0, 0, 0, 0, 0, 0, 'en', 0.00, 0, 'D M d, Y g:i a', 1, 0, '9E8DA7', 0, 0, 0, 0, -3, 0, 0, 't', 'd', 0, 't', 'a', 0, 1, 0, 1, 1, 1, 0, 230271, '', 0, 0, 0, '', '', '', '', '', '', '', '', '', '', '', '', '', '', '132f75c381dc2c44', 0, 0, 0),
(30, 2, 6, '', 0, '', 1346462155, 'Nutch/CVS [Bot]', 'nutch/cvs [bot]', '', 1346462155, 0, '', 0, '', 0, 1346462155, 0, '', '', 0, 0, 0, 0, 0, 0, 0, 'en', 0.00, 0, 'D M d, Y g:i a', 1, 0, '9E8DA7', 0, 0, 0, 0, -3, 0, 0, 't', 'd', 0, 't', 'a', 0, 1, 0, 1, 1, 1, 0, 230271, '', 0, 0, 0, '', '', '', '', '', '', '', '', '', '', '', '', '', '', 'd44ecd59e1cefcf7', 0, 0, 0),
(31, 2, 6, '', 0, '', 1346462155, 'OmniExplorer [Bot]', 'omniexplorer [bot]', '', 1346462155, 0, '', 0, '', 0, 1346462155, 0, '', '', 0, 0, 0, 0, 0, 0, 0, 'en', 0.00, 0, 'D M d, Y g:i a', 1, 0, '9E8DA7', 0, 0, 0, 0, -3, 0, 0, 't', 'd', 0, 't', 'a', 0, 1, 0, 1, 1, 1, 0, 230271, '', 0, 0, 0, '', '', '', '', '', '', '', '', '', '', '', '', '', '', '6160a9d0c2e2034a', 0, 0, 0),
(32, 2, 6, '', 0, '', 1346462155, 'Online link [Validator]', 'online link [validator]', '', 1346462155, 0, '', 0, '', 0, 1346462155, 0, '', '', 0, 0, 0, 0, 0, 0, 0, 'en', 0.00, 0, 'D M d, Y g:i a', 1, 0, '9E8DA7', 0, 0, 0, 0, -3, 0, 0, 't', 'd', 0, 't', 'a', 0, 1, 0, 1, 1, 1, 0, 230271, '', 0, 0, 0, '', '', '', '', '', '', '', '', '', '', '', '', '', '', 'a6b45b4442b45407', 0, 0, 0),
(33, 2, 6, '', 0, '', 1346462155, 'psbot [Picsearch]', 'psbot [picsearch]', '', 1346462155, 0, '', 0, '', 0, 1346462155, 0, '', '', 0, 0, 0, 0, 0, 0, 0, 'en', 0.00, 0, 'D M d, Y g:i a', 1, 0, '9E8DA7', 0, 0, 0, 0, -3, 0, 0, 't', 'd', 0, 't', 'a', 0, 1, 0, 1, 1, 1, 0, 230271, '', 0, 0, 0, '', '', '', '', '', '', '', '', '', '', '', '', '', '', '8b46348b0153da51', 0, 0, 0),
(34, 2, 6, '', 0, '', 1346462155, 'Seekport [Bot]', 'seekport [bot]', '', 1346462155, 0, '', 0, '', 0, 1346462155, 0, '', '', 0, 0, 0, 0, 0, 0, 0, 'en', 0.00, 0, 'D M d, Y g:i a', 1, 0, '9E8DA7', 0, 0, 0, 0, -3, 0, 0, 't', 'd', 0, 't', 'a', 0, 1, 0, 1, 1, 1, 0, 230271, '', 0, 0, 0, '', '', '', '', '', '', '', '', '', '', '', '', '', '', 'c2bbc1dbfdc9ab6f', 0, 0, 0),
(35, 2, 6, '', 0, '', 1346462155, 'Sensis [Crawler]', 'sensis [crawler]', '', 1346462155, 0, '', 0, '', 0, 1346462155, 0, '', '', 0, 0, 0, 0, 0, 0, 0, 'en', 0.00, 0, 'D M d, Y g:i a', 1, 0, '9E8DA7', 0, 0, 0, 0, -3, 0, 0, 't', 'd', 0, 't', 'a', 0, 1, 0, 1, 1, 1, 0, 230271, '', 0, 0, 0, '', '', '', '', '', '', '', '', '', '', '', '', '', '', '210d7ce246ad92bd', 0, 0, 0),
(36, 2, 6, '', 0, '', 1346462155, 'SEO Crawler', 'seo crawler', '', 1346462155, 0, '', 0, '', 0, 1346462155, 0, '', '', 0, 0, 0, 0, 0, 0, 0, 'en', 0.00, 0, 'D M d, Y g:i a', 1, 0, '9E8DA7', 0, 0, 0, 0, -3, 0, 0, 't', 'd', 0, 't', 'a', 0, 1, 0, 1, 1, 1, 0, 230271, '', 0, 0, 0, '', '', '', '', '', '', '', '', '', '', '', '', '', '', '0a6e5ab9549ee4c1', 0, 0, 0),
(37, 2, 6, '', 0, '', 1346462155, 'Seoma [Crawler]', 'seoma [crawler]', '', 1346462155, 0, '', 0, '', 0, 1346462155, 0, '', '', 0, 0, 0, 0, 0, 0, 0, 'en', 0.00, 0, 'D M d, Y g:i a', 1, 0, '9E8DA7', 0, 0, 0, 0, -3, 0, 0, 't', 'd', 0, 't', 'a', 0, 1, 0, 1, 1, 1, 0, 230271, '', 0, 0, 0, '', '', '', '', '', '', '', '', '', '', '', '', '', '', '954ece296138bdcc', 0, 0, 0),
(38, 2, 6, '', 0, '', 1346462155, 'SEOSearch [Crawler]', 'seosearch [crawler]', '', 1346462155, 0, '', 0, '', 0, 1346462155, 0, '', '', 0, 0, 0, 0, 0, 0, 0, 'en', 0.00, 0, 'D M d, Y g:i a', 1, 0, '9E8DA7', 0, 0, 0, 0, -3, 0, 0, 't', 'd', 0, 't', 'a', 0, 1, 0, 1, 1, 1, 0, 230271, '', 0, 0, 0, '', '', '', '', '', '', '', '', '', '', '', '', '', '', '2b39689d800be472', 0, 0, 0),
(39, 2, 6, '', 0, '', 1346462155, 'Snappy [Bot]', 'snappy [bot]', '', 1346462155, 0, '', 0, '', 0, 1346462155, 0, '', '', 0, 0, 0, 0, 0, 0, 0, 'en', 0.00, 0, 'D M d, Y g:i a', 1, 0, '9E8DA7', 0, 0, 0, 0, -3, 0, 0, 't', 'd', 0, 't', 'a', 0, 1, 0, 1, 1, 1, 0, 230271, '', 0, 0, 0, '', '', '', '', '', '', '', '', '', '', '', '', '', '', '3ee52d639179c442', 0, 0, 0),
(40, 2, 6, '', 0, '', 1346462155, 'Steeler [Crawler]', 'steeler [crawler]', '', 1346462155, 0, '', 0, '', 0, 1346462155, 0, '', '', 0, 0, 0, 0, 0, 0, 0, 'en', 0.00, 0, 'D M d, Y g:i a', 1, 0, '9E8DA7', 0, 0, 0, 0, -3, 0, 0, 't', 'd', 0, 't', 'a', 0, 1, 0, 1, 1, 1, 0, 230271, '', 0, 0, 0, '', '', '', '', '', '', '', '', '', '', '', '', '', '', 'e22dbd6a945b3176', 0, 0, 0),
(41, 2, 6, '', 0, '', 1346462155, 'Synoo [Bot]', 'synoo [bot]', '', 1346462155, 0, '', 0, '', 0, 1346462155, 0, '', '', 0, 0, 0, 0, 0, 0, 0, 'en', 0.00, 0, 'D M d, Y g:i a', 1, 0, '9E8DA7', 0, 0, 0, 0, -3, 0, 0, 't', 'd', 0, 't', 'a', 0, 1, 0, 1, 1, 1, 0, 230271, '', 0, 0, 0, '', '', '', '', '', '', '', '', '', '', '', '', '', '', '8ce1584032cf0329', 0, 0, 0),
(42, 2, 6, '', 0, '', 1346462155, 'Telekom [Bot]', 'telekom [bot]', '', 1346462155, 0, '', 0, '', 0, 1346462155, 0, '', '', 0, 0, 0, 0, 0, 0, 0, 'en', 0.00, 0, 'D M d, Y g:i a', 1, 0, '9E8DA7', 0, 0, 0, 0, -3, 0, 0, 't', 'd', 0, 't', 'a', 0, 1, 0, 1, 1, 1, 0, 230271, '', 0, 0, 0, '', '', '', '', '', '', '', '', '', '', '', '', '', '', 'e6eee18b06d2a43e', 0, 0, 0),
(43, 2, 6, '', 0, '', 1346462155, 'TurnitinBot [Bot]', 'turnitinbot [bot]', '', 1346462155, 0, '', 0, '', 0, 1346462155, 0, '', '', 0, 0, 0, 0, 0, 0, 0, 'en', 0.00, 0, 'D M d, Y g:i a', 1, 0, '9E8DA7', 0, 0, 0, 0, -3, 0, 0, 't', 'd', 0, 't', 'a', 0, 1, 0, 1, 1, 1, 0, 230271, '', 0, 0, 0, '', '', '', '', '', '', '', '', '', '', '', '', '', '', '1178717f2f19c233', 0, 0, 0),
(44, 2, 6, '', 0, '', 1346462155, 'Voyager [Bot]', 'voyager [bot]', '', 1346462155, 0, '', 0, '', 0, 1346462155, 0, '', '', 0, 0, 0, 0, 0, 0, 0, 'en', 0.00, 0, 'D M d, Y g:i a', 1, 0, '9E8DA7', 0, 0, 0, 0, -3, 0, 0, 't', 'd', 0, 't', 'a', 0, 1, 0, 1, 1, 1, 0, 230271, '', 0, 0, 0, '', '', '', '', '', '', '', '', '', '', '', '', '', '', '8f7cd8d49f6efc6b', 0, 0, 0),
(45, 2, 6, '', 0, '', 1346462155, 'W3 [Sitesearch]', 'w3 [sitesearch]', '', 1346462155, 0, '', 0, '', 0, 1346462155, 0, '', '', 0, 0, 0, 0, 0, 0, 0, 'en', 0.00, 0, 'D M d, Y g:i a', 1, 0, '9E8DA7', 0, 0, 0, 0, -3, 0, 0, 't', 'd', 0, 't', 'a', 0, 1, 0, 1, 1, 1, 0, 230271, '', 0, 0, 0, '', '', '', '', '', '', '', '', '', '', '', '', '', '', '2db627fc26c1d567', 0, 0, 0),
(46, 2, 6, '', 0, '', 1346462155, 'W3C [Linkcheck]', 'w3c [linkcheck]', '', 1346462155, 0, '', 0, '', 0, 1346462155, 0, '', '', 0, 0, 0, 0, 0, 0, 0, 'en', 0.00, 0, 'D M d, Y g:i a', 1, 0, '9E8DA7', 0, 0, 0, 0, -3, 0, 0, 't', 'd', 0, 't', 'a', 0, 1, 0, 1, 1, 1, 0, 230271, '', 0, 0, 0, '', '', '', '', '', '', '', '', '', '', '', '', '', '', '96b5cc0f8223e08a', 0, 0, 0),
(47, 2, 6, '', 0, '', 1346462155, 'W3C [Validator]', 'w3c [validator]', '', 1346462155, 0, '', 0, '', 0, 1346462155, 0, '', '', 0, 0, 0, 0, 0, 0, 0, 'en', 0.00, 0, 'D M d, Y g:i a', 1, 0, '9E8DA7', 0, 0, 0, 0, -3, 0, 0, 't', 'd', 0, 't', 'a', 0, 1, 0, 1, 1, 1, 0, 230271, '', 0, 0, 0, '', '', '', '', '', '', '', '', '', '', '', '', '', '', '63dd4eb25d912ad7', 0, 0, 0),
(48, 2, 6, '', 0, '', 1346462155, 'WiseNut [Bot]', 'wisenut [bot]', '', 1346462156, 0, '', 0, '', 0, 1346462156, 0, '', '', 0, 0, 0, 0, 0, 0, 0, 'en', 0.00, 0, 'D M d, Y g:i a', 1, 0, '9E8DA7', 0, 0, 0, 0, -3, 0, 0, 't', 'd', 0, 't', 'a', 0, 1, 0, 1, 1, 1, 0, 230271, '', 0, 0, 0, '', '', '', '', '', '', '', '', '', '', '', '', '', '', '59795cf376fc7fc4', 0, 0, 0),
(49, 2, 6, '', 0, '', 1346462156, 'YaCy [Bot]', 'yacy [bot]', '', 1346462156, 0, '', 0, '', 0, 1346462156, 0, '', '', 0, 0, 0, 0, 0, 0, 0, 'en', 0.00, 0, 'D M d, Y g:i a', 1, 0, '9E8DA7', 0, 0, 0, 0, -3, 0, 0, 't', 'd', 0, 't', 'a', 0, 1, 0, 1, 1, 1, 0, 230271, '', 0, 0, 0, '', '', '', '', '', '', '', '', '', '', '', '', '', '', 'f9a34a6cebabb8a0', 0, 0, 0),
(50, 2, 6, '', 0, '', 1346462156, 'Yahoo MMCrawler [Bot]', 'yahoo mmcrawler [bot]', '', 1346462156, 0, '', 0, '', 0, 1346462156, 0, '', '', 0, 0, 0, 0, 0, 0, 0, 'en', 0.00, 0, 'D M d, Y g:i a', 1, 0, '9E8DA7', 0, 0, 0, 0, -3, 0, 0, 't', 'd', 0, 't', 'a', 0, 1, 0, 1, 1, 1, 0, 230271, '', 0, 0, 0, '', '', '', '', '', '', '', '', '', '', '', '', '', '', 'baa190aeee46098b', 0, 0, 0),
(51, 2, 6, '', 0, '', 1346462156, 'Yahoo Slurp [Bot]', 'yahoo slurp [bot]', '', 1346462156, 0, '', 0, '', 0, 1346462156, 0, '', '', 0, 0, 0, 0, 0, 0, 0, 'en', 0.00, 0, 'D M d, Y g:i a', 1, 0, '9E8DA7', 0, 0, 0, 0, -3, 0, 0, 't', 'd', 0, 't', 'a', 0, 1, 0, 1, 1, 1, 0, 230271, '', 0, 0, 0, '', '', '', '', '', '', '', '', '', '', '', '', '', '', '2256ab38745ace56', 0, 0, 0),
(52, 2, 6, '', 0, '', 1346462156, 'Yahoo [Bot]', 'yahoo [bot]', '', 1346462156, 0, '', 0, '', 0, 1346462156, 0, '', '', 0, 0, 0, 0, 0, 0, 0, 'en', 0.00, 0, 'D M d, Y g:i a', 1, 0, '9E8DA7', 0, 0, 0, 0, -3, 0, 0, 't', 'd', 0, 't', 'a', 0, 1, 0, 1, 1, 1, 0, 230271, '', 0, 0, 0, '', '', '', '', '', '', '', '', '', '', '', '', '', '', '7a86c30f2db9ceb0', 0, 0, 0),
(53, 2, 6, '', 0, '', 1346462156, 'YahooSeeker [Bot]', 'yahooseeker [bot]', '', 1346462156, 0, '', 0, '', 0, 1346462156, 0, '', '', 0, 0, 0, 0, 0, 0, 0, 'en', 0.00, 0, 'D M d, Y g:i a', 1, 0, '9E8DA7', 0, 0, 0, 0, -3, 0, 0, 't', 'd', 0, 't', 'a', 0, 1, 0, 1, 1, 1, 0, 230271, '', 0, 0, 0, '', '', '', '', '', '', '', '', '', '', '', '', '', '', '7742d52abf29c7e9', 0, 0, 0);

-- --------------------------------------------------------

--
-- Table structure for table `phpbb_user_group`
--

DROP TABLE IF EXISTS `phpbb_user_group`;
CREATE TABLE IF NOT EXISTS `phpbb_user_group` (
  `group_id` mediumint(8) unsigned NOT NULL default '0',
  `user_id` mediumint(8) unsigned NOT NULL default '0',
  `group_leader` tinyint(1) unsigned NOT NULL default '0',
  `user_pending` tinyint(1) unsigned NOT NULL default '1',
  KEY `group_id` (`group_id`),
  KEY `user_id` (`user_id`),
  KEY `group_leader` (`group_leader`)
) ENGINE=MyISAM DEFAULT CHARSET=utf8 COLLATE=utf8_bin;

--
-- Dumping data for table `phpbb_user_group`
--

INSERT INTO `phpbb_user_group` (`group_id`, `user_id`, `group_leader`, `user_pending`) VALUES
(1, 1, 0, 0),
(2, 2, 0, 0),
(4, 2, 0, 0),
(5, 2, 1, 0),
(6, 3, 0, 0),
(6, 4, 0, 0),
(6, 5, 0, 0),
(6, 6, 0, 0),
(6, 7, 0, 0),
(6, 8, 0, 0),
(6, 9, 0, 0),
(6, 10, 0, 0),
(6, 11, 0, 0),
(6, 12, 0, 0),
(6, 13, 0, 0),
(6, 14, 0, 0),
(6, 15, 0, 0),
(6, 16, 0, 0),
(6, 17, 0, 0),
(6, 18, 0, 0),
(6, 19, 0, 0),
(6, 20, 0, 0),
(6, 21, 0, 0),
(6, 22, 0, 0),
(6, 23, 0, 0),
(6, 24, 0, 0),
(6, 25, 0, 0),
(6, 26, 0, 0),
(6, 27, 0, 0),
(6, 28, 0, 0),
(6, 29, 0, 0),
(6, 30, 0, 0),
(6, 31, 0, 0),
(6, 32, 0, 0),
(6, 33, 0, 0),
(6, 34, 0, 0),
(6, 35, 0, 0),
(6, 36, 0, 0),
(6, 37, 0, 0),
(6, 38, 0, 0),
(6, 39, 0, 0),
(6, 40, 0, 0),
(6, 41, 0, 0),
(6, 42, 0, 0),
(6, 43, 0, 0),
(6, 44, 0, 0),
(6, 45, 0, 0),
(6, 46, 0, 0),
(6, 47, 0, 0),
(6, 48, 0, 0),
(6, 49, 0, 0),
(6, 50, 0, 0),
(6, 51, 0, 0),
(6, 52, 0, 0),
(6, 53, 0, 0);

-- --------------------------------------------------------

--
-- Table structure for table `phpbb_warnings`
--

DROP TABLE IF EXISTS `phpbb_warnings`;
CREATE TABLE IF NOT EXISTS `phpbb_warnings` (
  `warning_id` mediumint(8) unsigned NOT NULL auto_increment,
  `user_id` mediumint(8) unsigned NOT NULL default '0',
  `post_id` mediumint(8) unsigned NOT NULL default '0',
  `log_id` mediumint(8) unsigned NOT NULL default '0',
  `warning_time` int(11) unsigned NOT NULL default '0',
  PRIMARY KEY  (`warning_id`)
) ENGINE=MyISAM DEFAULT CHARSET=utf8 COLLATE=utf8_bin AUTO_INCREMENT=1 ;

--
-- Dumping data for table `phpbb_warnings`
--


-- --------------------------------------------------------

--
-- Table structure for table `phpbb_words`
--

DROP TABLE IF EXISTS `phpbb_words`;
CREATE TABLE IF NOT EXISTS `phpbb_words` (
  `word_id` mediumint(8) unsigned NOT NULL auto_increment,
  `word` varchar(255) collate utf8_bin NOT NULL default '',
  `replacement` varchar(255) collate utf8_bin NOT NULL default '',
  PRIMARY KEY  (`word_id`)
) ENGINE=MyISAM DEFAULT CHARSET=utf8 COLLATE=utf8_bin AUTO_INCREMENT=1 ;

--
-- Dumping data for table `phpbb_words`
--


-- --------------------------------------------------------

--
-- Table structure for table `phpbb_zebra`
--

DROP TABLE IF EXISTS `phpbb_zebra`;
CREATE TABLE IF NOT EXISTS `phpbb_zebra` (
  `user_id` mediumint(8) unsigned NOT NULL default '0',
  `zebra_id` mediumint(8) unsigned NOT NULL default '0',
  `friend` tinyint(1) unsigned NOT NULL default '0',
  `foe` tinyint(1) unsigned NOT NULL default '0',
  PRIMARY KEY  (`user_id`,`zebra_id`)
) ENGINE=MyISAM DEFAULT CHARSET=utf8 COLLATE=utf8_bin;

--
-- Dumping data for table `phpbb_zebra`
--

COMMIT;
